"CASEID","POINT_X","POINT_Y","YEAR_","LOCATION","CHPTYPE","DAYWEEK","CRASHSEV","VIOLCAT","KILLED","INJURED","WEATHER1","PEDCOL","BICCOL","MCCOL","TRUCKCOL","ETOH","TIMECAT","MONTH_","CRASHTYP","INVOLVE","PED","PRIMARYRD","SECONDRD","DISTANCE","DIRECT","INTERSECT_","PROCDATE","JURIS","DATE_","TIME_","BADGE","JURIDIST","SHIFT","POP","SPECIAL","BEATTYPE","LAPDDIV","BEATCLAS","BEATNUMB","WEATHER2","STATEHW","CALTRANC","CALTRAND","STROUTE","ROUTESUF","POSTPRE","POSTMILE","LOCATYPE","RAMP","SIDEHW","TOWAWAY","PARTIES","PCF","VIOLCODE","VIOL","VIOLSUB","HITRUN","ROADSURF","RDCOND1","RDCOND2","LIGHTING","RIGHTWAY","CHPRDTYP","NOTPRIV","STFAULT","CHPFAULT","SEVINJ","OTHERINJ","COP","PEDKILL","PEDINJ","BICKILL","BICINJ","MCKILL","MCINJURE","RAMP1","RAMP2","CITY","COUNTY","STATE","X_CHP","Y_CHP"
"2712398",-121.750763152,38.5461349487,2006,"5701","0","2","3","05",0,1,"A",,"Y",,,,1500,6,"H","G","A","HOWARD WY","RUSSELL BL",0,,"Y","2006-10-20",5701,"2006-06-27",1347,"066","5701","5","5","0","0",,"0","002","-","N",,0,0,,,0,,,,"N",2,"A","-",21650,"1","N","A","H","-","A","A","0","Y","L","04",0,1,0,0,0,0,1,0,0,"-","-","DAVIS","YOLO","CA",0,0
"2713212",-121.65259753,38.560837485,2006,"5700","1","5","4","03",0,1,"A",,,,,,900,6,"C","C","A","RT 80","WEBSTER ST",3696,"W","N","2006-10-30",9280,"2006-06-23",800,"01227",,"1","9","0","1",,"2","010","-","Y","YOL",3,80,"-","-",5.08,"H","-","E","Y",2,"A","-",22350,,"N","A","H","-","A","D","1","Y","A","01",0,0,1,0,0,0,0,0,0,"-","-","UNINCORPORATED","YOLO","CA",0,0
"2713216",-121.614830129,38.567773893,2006,"5700","1","5","4","07",0,3,"A",,,,,,1200,6,"C","C","A","RT 80","WEBSTER ST",6864,"E","N","2006-10-31",9280,"2006-06-23",1005,"01227",,"1","9","0","1",,"2","010","-","Y","YOL",3,80,"-","-",7.1,"H","-","W","Y",3,"A","-",21658,"A","M","A","H","-","A","D","1","Y","D","22",0,0,3,0,0,0,0,0,0,"-","-","UNINCORPORATED","YOLO","CA",0,0
"2713220",-121.593689498,38.571369547,2006,"5700","1","1","4","03",0,1,"A",,,,,,300,6,"C","C","A","RT 80","ENTERPRISE BL",4224,"W","N","2006-10-31",9280,"2006-06-26",110,"01692",,"3","9","0","1",,"2","010","-","Y","YOL",3,80,"-","-",8.38,"H","-","E","Y",2,"A","-",22350,,"N","A","H","-","D","D","1","Y","A","07",0,0,1,0,0,0,0,0,0,"-","-","UNINCORPORATED","YOLO","CA",0,0
"2713224",-121.67616104,38.55700929,2006,"5701","1","5","4","03",0,4,"A",,,,,,1500,6,"C","C","A","RT 80","MACE BL",5280,"E","N","2006-10-30",9280,"2006-06-30",1414,"15010",,"2","5","0","1",,"2","010","-","Y","YOL",3,80,"-","-",3.68,"H","-","E","Y",4,"A","-",22350,,"N","A","H","-","A","D","1","Y","A","01",0,0,4,0,0,0,0,0,0,"-","-","DAVIS","YOLO","CA",0,0
"2713227",-122.307344089,38.9111259402,2006,"5700","3","6","3","01",0,1,"A",,,,,"Y",2100,6,"E","I","A","RT 16","COUNTY ROAD 40",1584,"E","N","2006-10-26",9280,"2006-06-24",1920,"01339",,"2","9","0","1",,"2","034","-","Y","YOL",3,16,"-","-",2.13,"H","-","W","Y",1,"A","-",23152,"A","N","A","H","-","A","D","0","Y","D","23",0,1,0,0,0,0,0,0,0,"-","-","UNINCORPORATED","YOLO","CA",0,0
"2713228",-122.011356801,38.6881412926,2006,"5700","3","1","2","11",0,1,"A","Y",,,,,2400,7,"G","B","E","RT 16","COUNTY ROAD 87",1848,"E","N","2006-11-06",9280,"2006-07-03",2110,"11706",,"2","9","0","1",,"2","034","-","Y","YOL",3,16,"-","-",28.62,"H","-","E","N",2,"A","-",21956,,"N","A","H","-","D","A","0","Y","N","60",1,0,0,0,1,0,0,0,0,"-","-","UNINCORPORATED","YOLO","CA",0,0
"2713232",-121.715198823,38.673605117,2006,"5700","1","3","3","08",0,2,"A",,,,,,2400,7,"D","C","A","RT 5","COUNTY ROAD 103",1848,"E","N","2006-11-08",9280,"2006-07-05",2100,"13469",,"2","9","0","1",,"2","020","-","Y","YOL",3,5,"-","-",4.84,"H","-","S","Y",2,"A","-",22107,,"N","A","H","-","D","D","1","Y","D","22",0,1,1,0,0,0,0,0,0,"-","-","UNINCORPORATED","YOLO","CA",0,0
"2713235",-121.849478624,38.6778914582,2006,"5700","3","6","2","01",0,1,"A",,,,,"Y",1800,7,"E","I","A","RT 16","COUNTY ROAD 96",3168,"W","N","2006-11-08",9280,"2006-07-08",1727,"14120",,"2","9","0","1",,"1","024","-","Y","YOL",3,16,"-","-",38.02,"H","-","E","Y",1,"A","-",23152,"A","N","A","H","-","A","D","0","Y","A","01",1,0,0,0,0,0,0,0,0,"-","-","UNINCORPORATED","YOLO","CA",0,0
"2713236",-121.552933722,38.574955119,2006,"5704","2","4","4","00",0,3,"A",,,,"Y",,1800,7,"B","C","A","RT 50","HARBOR BL",1584,"W","N","2006-11-08",9280,"2006-07-06",1515,"13469",,"2","4","0","1",,"2","011","-","Y","YOL",3,50,"-","-",0.9,"H","-","E","Y",3,"D","-",0,,"N","A","H","-","A","D","1","Y","-","-",0,0,3,0,0,0,0,0,0,"-","-","WEST SACRAMENTO","YOLO","CA",0,0
"2713247",-121.895093189,38.6635665894,2006,"5700","5","1","2","08",0,2,"A",,,,,"Y",2400,6,"F","A","A","COUNTY ROAD 24","COUNTY ROAD 93",88,"W","N","2006-10-20",9280,"2006-06-26",2154,"14866",,"2","9","0","3",,"2","003","-","N",,0,0,,,0,,,,"Y",1,"A","-",22107,,"N","A","H","-","D","D","0","Y","A","01",1,1,0,0,0,0,0,0,0,"-","-","UNINCORPORATED","YOLO","CA",0,0
"2713259",-121.952713231,38.627543772,2006,"5700","1","5","3","08",0,1,"A",,,,"Y",,900,7,"E","I","A","RT 505","COUNTY ROAD 27",2112,"N","N","2006-11-08",9280,"2006-07-07",750,"01339",,"1","9","0","1",,"2","031","-","Y","YOL",3,505,"-","-",6.95,"H","-","N","Y",1,"A","-",22107,,"N","A","H","-","A","D","1","Y","G","27",0,1,0,0,0,0,0,0,0,"-","-","UNINCORPORATED","YOLO","CA",0,0
"2713263",-121.52366466,38.576819846,2006,"5704","2","7","2","03",0,2,"A",,,,,"Y",600,6,"D","C","A","RT 50","RT 275",80,"E","N","2006-10-27",9280,"2006-06-18",325,"01507",,"3","4","0","1",,"2","011","-","Y","YOL",3,50,"-","-",2.5,"H","-","E","Y",2,"A","-",22350,,"N","A","H","-","D","D","1","Y","A","01",1,0,1,0,0,0,0,0,0,"-","-","WEST SACRAMENTO","YOLO","CA",0,0
"2713545",0,0,2006,"5700","5","1","3","08",0,1,"A",,"Y","Y",,,900,6,"H","G","A","COUNTY ROAD 21A","COUNTY ROAD 88C",893,"W","N","2006-10-21",9280,"2006-06-19",645,"12870",,"1","9","0","3",,"2","003","-","N",,0,0,,,0,,,,"N",2,"A","-",22107,,"F","A","H","-","A","D","0","Y","C","02",0,1,0,0,0,0,1,0,0,"-","-","UNINCORPORATED","YOLO","CA",0,0
"2713549",0,0,2006,"5700","5","7","3","08",0,1,"A",,,,,,300,6,"F","A","A","COUNTY ROAD 89","COUNTY ROAD 23",528,"N","N","2006-10-21",9280,"2006-06-18",225,"01692",,"3","9","0","3",,"2","003","-","N",,0,0,,,0,,,,"Y",1,"A","-",22107,,"N","A","H","-","D","D","0","Y","D","22",0,1,0,0,0,0,0,0,0,"-","-","UNINCORPORATED","YOLO","CA",0,0
"2713565",0,0,2006,"5700","5","7","4","01",0,1,"A",,,,,"Y",2100,6,"E","I","A","COUNTY ROAD 99","COUNTY ROAD 27",4752,"S","N","2006-10-21",9280,"2006-06-25",1815,"01339",,"2","9","0","3",,"2","002","-","N",,0,0,,,0,,,,"Y",1,"A","-",23152,"A","N","A","H","-","A","D","0","Y","A","07",0,0,1,0,0,0,0,0,0,"-","-","UNINCORPORATED","YOLO","CA",0,0
"2713569",0,0,2006,"5700","4","3","3","08",0,1,"A",,,,,,1800,7,"E","I","A","COUNTY ROAD 102","COUNTY ROAD 27",1772,"S","N","2006-10-30",9280,"2006-07-05",1745,"13469",,"2","9","0","2",,"1","021","-","N",,0,0,,,0,,,,"Y",1,"A","-",22107,,"N","A","H","-","A","D","0","Y","A","01",0,1,0,0,0,0,0,0,0,"-","-","UNINCORPORATED","YOLO","CA",0,0
"2713764",-121.792788139,38.6776046753,2006,"5703","0","2","4","03",0,1,"A",,,,,,900,7,"C","C","A","WEST MAIN","COTTONWOOD ST",147,"E","N","2006-10-31",5703,"2006-07-04",650,"821","62","5","4","0","0",,"0","002","-","N",,0,0,,,0,,,,"N",2,"A","-",22350,,"N","A","H","-","A","-","0","Y","A",,0,0,1,0,0,0,0,0,0,"-","-","WOODLAND","YOLO","CA",0,0
"2713788",-121.787542114,38.6775627136,2006,"5703","0","5","4","08",0,2,"A",,,,,,1800,7,"D","C","A","WEST MAIN","CALIFORNIA ST",320,"E","N","2006-10-31",5703,"2006-07-07",1605,"852","52","5","4","0","0",,"0","003","-","N",,0,0,,,0,,,,"Y",2,"A","-",22107,,"N","A","H","-","A","D","0","Y","A",,0,0,2,0,0,0,0,0,0,"-","-","WOODLAND","YOLO","CA",0,0
"2713815",-121.765443171,38.6774139404,2006,"5703","0","1","4","08",0,1,"A",,"Y",,,,900,7,"A","-","A","EAST ST","EAST MAIN ST",0,,"Y","2006-11-01",5703,"2006-07-10",745,"875","22","5","4","0","0",,"0","001","-","N",,0,0,,,0,,,,"N",2,"A","-",22107,,"N","A","H","-","A","A","0","Y","A",,0,0,1,0,0,0,1,0,0,"-","-","WOODLAND","YOLO","CA",0,0
"2718984",-121.526935749,38.586566925,2006,"5704","0","5","4","03",0,1,"A",,,,,,1500,6,"C","C","A","JEFFERSON BL","TRIANGLE CT",100,"S","N","2006-10-21",5704,"2006-06-30",1328,"00111",,"5","4","0","0",,"0","001","-","N",,0,0,,,0,,,,"N",2,"A","-",22350,,"N","A","H","-","A","A","0","Y","-","-",0,0,1,0,0,0,0,0,0,"-","-","WEST SACRAMENTO","YOLO","CA",0,0
"2718988",-121.53310312,38.5564537048,2006,"5704","0","5","4","09",0,1,"A",,,,,"Y",2100,6,"A","C","A","JEFFERSON BL","DEVON AV",0,,"Y","2006-10-21",5704,"2006-06-23",2010,"00109",,"5","4","0","0",,"0","003","-","N",,0,0,,,0,,,,"Y",2,"A","-",21453,"C","N","A","H","-","A","A","0","Y","-","-",0,0,1,0,0,0,0,0,0,"-","-","WEST SACRAMENTO","YOLO","CA",0,0
"2721070",-121.526736289,38.5806999207,2006,"5704","0","2","4","03",0,1,"A",,,,,,1500,7,"C","C","A","JEFFERSON BL","WEST CAPITOL AV",20,"S","N","2006-11-02",5704,"2006-07-04",1300,"00145",,"5","4","0","0",,"0","002","-","N",,0,0,,,0,,,,"N",2,"A","-",22350,,"N","A","H","-","A","A","0","Y","-","-",0,0,1,0,0,0,0,0,0,"-","-","WEST SACRAMENTO","YOLO","CA",0,0
"2721111",-121.52366466,38.576819846,2006,"5704","2","2","2","00",0,1,"A","Y",,,,"Y",300,6,"G","B","E","RT 5010TH ST","RT 84",4,"E","N","2006-10-30",9280,"2006-06-06",233,"15124",,"3","4","0","1",,"2","011","-","Y","YOL",3,50,"-","-",2.5,"H","-","E","Y",2,"D","-",0,,"N","A","H","-","D","D","1","Y","-","-",1,0,0,0,1,0,0,0,0,"-","-","WEST SACRAMENTO","YOLO","CA",0,0
"2721320",-121.555483128,38.5921134949,2006,"5704","0","2","2","03",0,1,"A",,,,,,300,6,"H","A","A","STILLWATER RD","REED AV",0,,"Y","2006-10-24",5704,"2006-06-20",140,"00159",,"5","4","0","0",,"0","001","-","N",,0,0,,,0,,,,"N",1,"A","-",22350,,"N","A","H","-","D","D","0","Y","-","-",1,0,0,0,0,0,0,0,0,"-","-","WEST SACRAMENTO","YOLO","CA",0,0
"2721328",-121.525383682,38.5810089111,2006,"5704","0","4","4","21",0,1,"A","Y",,,,,1800,7,"G","B","F","WEST CAPITOL AV","JEFFERSON BL",400,"E","N","2006-11-02",5704,"2006-07-06",1605,"00114",,"5","4","0","0",,"0","002","-","N",,0,0,,,0,,,,"N",2,"A","-",22106,,"N","A","H","-","A","D","0","Y","-","-",0,0,1,0,1,0,0,0,0,"-","-","WEST SACRAMENTO","YOLO","CA",0,0
"2721399",-121.548703125,38.579246521,2006,"5704","0","1","4","12",0,1,"A",,,,,,1800,7,"B","C","A","HARBOR BL","WEST CAPITOL AV",0,,"Y","2006-11-03",5704,"2006-07-03",1637,"132",,"5","4","0","0",,"0","002","-","N",,0,0,,,0,,,,"Y",2,"A","-",21453,"A","N","A","H","-","A","A","0","Y","-","-",0,0,1,0,0,0,0,0,0,"-","-","WEST SACRAMENTO","YOLO","CA",0,0
"2721419",-121.537199907,38.5527954102,2006,"5704","0","5","4","03",0,1,"A",,,,,,1200,6,"C","C","A","JEFFERSON BL","LAKE WASHINGTON BL",40,"N","N","2006-10-24",5704,"2006-06-16",1052,"00111",,"5","4","0","0",,"0","003","-","N",,0,0,,,0,,,,"N",2,"A","-",22350,,"N","A","H","-","A","A","0","Y","-",,0,0,1,0,0,0,0,0,0,"-","-","WEST SACRAMENTO","YOLO","CA",0,0
"2721423",-121.540119229,38.5826644897,2006,"5704","0","1","4","03",0,2,"A",,,,,,1500,6,"D","C","A","WALNUT AV","MICHIGAN BL",200,"S","N","2006-10-24",5704,"2006-06-05",1407,"00145",,"5","4","0","0",,"0",,"-","N",,0,0,,,0,,,,"N",2,"A","-",22350,,"N","A","H","-","A","D","0","Y","-","-",0,0,2,0,0,0,0,0,0,"-","-","WEST SACRAMENTO","YOLO","CA",0,0
"2721434",0,0,2006,"5700","5","5","3","08",0,4,"A",,,,,,1200,7,"F","A","A","COUNTY ROAD 88","COUNTY ROAD 6",2112,"N","N","2006-11-03",9280,"2006-07-14",1010,"13891",,"1","9","0","3",,"2","003","-","N",,0,0,,,0,,,,"Y",1,"A","-",22107,,"N","A","H","-","A","D","0","Y","A","07",0,3,1,0,0,0,0,0,0,"-","-","UNINCORPORATED","YOLO","CA",0,0
"2721435",-121.540128186,38.5807151794,2006,"5704","0","3","4","00",0,1,"A","Y",,,,,2100,6,"G","B","D","WALNUT ST","WALNUT ST 744",20,"W","N","2006-10-24",5704,"2006-06-28",2005,"00118",,"5","4","0","0",,"0","002","-","N",,0,0,,,0,,,,"N",2,"D","-",0,,"F","A","H","-","A","D","0","Y","-","-",0,0,1,0,1,0,0,0,0,"-","-","WEST SACRAMENTO","YOLO","CA",0,0
"2727361",-121.54970312,38.5394554138,2006,"5704","0","6","4","12",0,2,"A",,,,,,2100,7,"D","C","A","JEFFERSON BL","LINDEN RD",0,,"Y","2006-11-08",5704,"2006-07-08",1820,"00104",,"5","4","0","0",,"0",,"-","N",,0,0,,,0,,,,"Y",2,"A","-",21453,"A","N","A","H","-","A","A","0","Y","-","-",0,0,2,0,0,0,0,0,0,"-","-","WEST SACRAMENTO","YOLO","CA",0,0
"2727377",-121.517281714,38.5808258057,2006,"5704","0","5","3","06",0,2,"A",,,,,,1800,7,"A","I","A","RISKE LN","DELTA LN",231,"W","N","2006-11-04",5704,"2006-07-21",1739,"157",,"5","4","0","0",,"0","002","F","N",,0,0,,,0,,,,"Y",1,"A","-",21750,,"N","A","H","-","A","A","0","Y","-","-",0,2,0,0,0,0,0,0,0,"-","-","WEST SACRAMENTO","YOLO","CA",0,0
"2731013",-121.758573156,38.5608863831,2006,"5701","0","2","4","03",0,1,"A",,,,,,2100,7,"C","C","A","ANDERSON RD","COVELL BL",0,,"Y","2006-11-07",5701,"2006-07-18",1947,"160","S701","5","5","0","0",,"0","001","-","N",,0,0,,,0,,,,"N",2,"A","-",22350,,"N","A","H","-","B","A","0","Y","A","07",0,0,1,0,0,0,0,0,0,"-","-","DAVIS","YOLO","CA",0,0
"2731692",-121.970219999,38.5211029053,2006,"5702","0","5","4","21",0,2,"A","Y",,,,,1800,5,"H","C","E","1ST ST","MAIN ST",100,"S","N","2006-09-25",5702,"2006-05-12",1535,"533","B","5","2","0","0",,"0","00B","-","N",,0,0,,,0,,,,"N",3,"A","-",22106,,"N","A","H","-","A","A","0","Y","D",,0,0,2,0,1,0,0,0,0,"-","-","WINTERS","YOLO","CA",0,0
"2731700",-121.965738754,38.526814377,2006,"5702","0","2","3","00",0,1,"A",,,"Y",,,1800,5,"H","A","A","GRANT AV","EAST ST",0,,"Y","2006-09-29",5702,"2006-05-02",1615,"532","YOLO","5","2","0","0",,"0","00B","-","Y","YOL",3,128,"-","-",8.935,"I","5","W","N",2,"D","-",0,,"N","A","H","-","A","D","0","Y","-","-",0,1,0,0,0,0,0,0,1,"-","-","WINTERS","YOLO","CA",0,0
"2738260",-121.679477662,38.556290525,2006,"5700","1","1","4","03",0,2,"A",,,,,,900,7,"C","C","A","RT 80","MACE BL",4224,"E","N","2006-11-17",9280,"2006-07-10",730,"14966",,"1","9","0","1",,"2","010","-","Y","YOL",3,80,"-","-",3.48,"H","-","E","Y",3,"A","-",22350,,"N","A","H","-","A","D","1","Y","A","01",0,0,2,0,0,0,0,0,0,"-","-","UNINCORPORATED","YOLO","CA",0,0
"2738272",-121.954209583,38.74241804,2006,"5700","1","7","2","08",0,2,"A",,,,,,2100,7,"F","A","A","RT 505","COUNTY ROAD 16",3285,"S","N","2006-11-16",9280,"2006-07-16",1825,"11706",,"2","9","0","1",,"2","031","-","Y","YOL",3,505,"-","-",14.98,"H","-","S","Y",1,"A","-",22107,,"N","A","H","-","A","D","1","Y","A","01",1,1,0,0,0,0,0,0,0,"-","-","UNINCORPORATED","YOLO","CA",0,0
"2738276",-121.723068782,38.794798138,2006,"5700","3","5","3","05",0,2,"A",,,,,,600,7,"A","C","A","RT 113","LOCUST ST",72,"N","N","2006-11-15",9280,"2006-07-07",435,"15492",,"3","9","0","1",,"2","023","-","Y","YOL",3,113,"-","R",21.48,"H","-","S","Y",2,"A","-",21460,"A","N","A","H","-","D","A","0","Y","A","01",0,1,1,0,0,0,0,0,0,"-","-","UNINCORPORATED","YOLO","CA",0,0
"2738280",-121.863583261,38.780362833,2006,"5700","1","7","4","08",0,1,"A",,,,,,900,7,"F","A","A","RT 5","COUNTY ROAD 95",2640,"N","N","2006-11-15",9280,"2006-07-09",805,"12429",,"1","9","0","1",,"2","030","-","Y","YOL",3,5,"-","R",16.34,"H","-","S","Y",1,"A","-",22107,,"N","A","H","-","A","D","1","Y","A","07",0,0,1,0,0,0,0,0,0,"-","-","UNINCORPORATED","YOLO","CA",0,0
"2738284",-121.675111589,38.557477181,2006,"5701","1","6","4","01",0,2,"A",,,,,,300,7,"E","I","A","RT 80","MACE BL",6336,"E","N","2006-11-15",9280,"2006-07-15",125,"15010",,"3","5","0","1",,"2","010","-","Y","YOL",3,80,"-","-",3.72,"H","-","W","Y",1,"A","-",23152,"A","N","A","H","-","C","D","1","Y","A","01",0,0,2,0,0,0,0,0,0,"-","-","DAVIS","YOLO","CA",0,0
"2738288",-122.11618295,38.7040229553,2006,"5700","3","4","3","08",0,1,"A",,,,,,600,7,"F","A","A","RT 16","TABERS CORNER",528,"S","N","2006-11-15",9280,"2006-07-06",355,"15492",,"3","9","0","1",,"2","034","-","Y","YOL",3,16,"-","-",21.95,"H","-","E","Y",1,"A","-",22107,,"N","A","H","-","D","D","0","Y","A","01",0,1,0,0,0,0,0,0,0,"-","-","UNINCORPORATED","YOLO","CA",0,0
"2738296",-121.555853125,38.575145118,2006,"5704","2","5","3","01",0,1,"A",,,,,"Y",600,7,"E","I","A","RT 50","HARBOR BL",2112,"W","N","2006-11-15",9280,"2006-07-14",445,"01442",,"3","4","0","1",,"2","011","-","Y","YOL",3,50,"-","-",0.8,"H","-","W","Y",1,"A","-",23152,"A","N","A","H","-","C","D","1","Y","A","01",0,1,0,0,0,0,0,0,0,"-","-","WEST SACRAMENTO","YOLO","CA",0,0
"2738300",-121.734644872,38.540742074,2006,"5701","1","2","2","08",0,3,"A",,,,,,2400,6,"E","I","A","RT 80","RICHARDS BL",460,"E","N","2006-11-01",9280,"2006-06-20",2231,"14866",,"3","5","0","1",,"2","010","-","Y","YOL",3,80,"-","-",0.32,"H","-","E","Y",1,"A","-",22107,,"N","A","H","-","C","D","1","Y","A","01",3,0,0,0,0,0,0,0,0,"-","-","DAVIS","YOLO","CA",0,0
"2738303",-121.759288284,38.69417018,2006,"5703","1","5","3","08",0,2,"A",,,,"Y",,600,7,"F","A","A","RT 5","RT 113",1350,"S","N","2006-11-20",9280,"2006-07-14",350,"01507",,"3","4","0","1",,"2","020","-","Y","YOL",3,5,"-","R",8,"H","-","N","Y",1,"A","-",22107,,"N","A","H","-","D","D","1","Y","G","26",0,2,0,0,0,0,0,0,0,"-","-","WOODLAND","YOLO","CA",0,0
"2738354",-121.517648165,38.572615704,2006,"5704","2","4","4","08",0,3,"A",,,,,,1500,7,"E","I","A","RT 50","YOLO SACRAMENTO CO LINE",888,"W","N","2006-11-20",9280,"2006-07-20",1305,"01442",,"1","4","0","1",,"2","011","-","Y","YOL",3,50,"-","-",2.99,"H","-","E","Y",1,"A","-",22107,,"N","A","H","-","A","D","1","Y","A","01",0,0,3,0,0,0,0,0,0,"-","-","WEST SACRAMENTO","YOLO","CA",0,0
"2738358",-121.51800324,38.572940361,2006,"5704","2","3","3","03",0,4,"A",,,,,,1800,7,"C","C","A","RT 50","RT 84",2376,"E","N","2006-12-06",9280,"2006-07-19",1725,"11706",,"2","4","0","1",,"2","011","-","Y","YOL",3,50,"-","-",2.95,"H","-","E","Y",3,"A","-",22350,,"N","A","H","-","A","D","1","Y","A","01",0,1,3,0,0,0,0,0,0,"-","-","WEST SACRAMENTO","YOLO","CA",0,0
"2738366",-122.089805891,38.7039248087,2006,"5700","3","5","4","08",0,1,"A",,,,,,2100,7,"E","I","A","RT 16","COUNTY ROAD 82B",800,"W","N","2006-11-17",9280,"2006-07-14",2035,"01512",,"2","9","0","1",,"2","034","-","Y","YOL",3,16,"-","-",23.37,"H","-","E","Y",1,"A","-",22107,,"N","A","H","-","D","D","0","Y","A","01",0,0,1,0,0,0,0,0,0,"-","-","UNINCORPORATED","YOLO","CA",0,0
"2738386",-121.85432354,38.771399284,2006,"5700","1","6","3","03",0,1,"A",,,,,,2400,7,"E","I","A","RT 5","COUNTY ROAD 95",1584,"S","N","2006-11-20",9280,"2006-07-22",2110,"01227",,"2","9","0","1",,"2","020","-","Y","YOL",3,5,"-","R",15.55,"H","-","N","N",1,"A","-",22350,,"N","A","H","-","D","D","1","Y","A","01",0,1,0,0,0,0,0,0,0,"-","-","UNINCORPORATED","YOLO","CA",0,0
"2738390",-121.591527114,38.571761115,2006,"5704","1","1","4","08",0,1,"A",,,,,,1800,7,"F","A","A","RT 80","ENTERPRISE BL",2640,"E","N","2007-04-27",9280,"2006-07-17",1520,"01227",,"2","4","0","1",,"2","010","-","Y","YOL",3,80,"-","R",9.7,"H","-","E","Y",2,"A","-",22107,,"N","A","H","-","A","D","1","Y","A","07",0,0,1,0,0,0,0,0,0,"-","-","WEST SACRAMENTO","YOLO","CA",0,0
"2738394",-121.583348051,38.573377146,2006,"5704","2","6","4","07",0,1,"A",,,,,,1800,7,"E","I","A","RT 50","ENTERPRISE BL",2640,"E","N","2006-11-21",9280,"2006-07-15",1615,"11706",,"2","4","0","1",,"2","011","-","Y","YOL",3,80,"-","R",9.74,"H","-","W","Y",2,"A","-",21658,"A","M","A","H","-","A","D","1","Y","-","99",0,0,1,0,0,0,0,0,0,"-","-","WEST SACRAMENTO","YOLO","CA",0,0
"2738408",0,0,2006,"5703","0","2","4","03",0,1,"A",,"Y",,,,1500,7,"D","G","A","EAST GIBSON RD","COUNTY FAIR MALL DR",0,,"Y","2006-11-09",5703,"2006-07-25",1422,"811","13","5","4","0","0",,"0","004","-","N",,0,0,,,0,,,,"N",2,"A","-",22350,,"N","A","H","-","A","A","0","Y","A",,0,0,1,0,0,0,1,0,0,"-","-","WOODLAND","YOLO","CA",0,0
"2738416",-121.793427968,38.6642227173,2006,"5703","0","2","4","03",0,1,"A",,,,,,1500,7,"C","C","A","COTTONWOOD ST","GIBSON RD",410,"N","N","2006-11-09",5703,"2006-07-25",1314,"811","74","5","4","0","0",,"0","003","-","N",,0,0,,,0,,,,"Y",2,"A","-",22350,,"N","A","H","-","A","D","0","Y","A",,0,0,1,0,0,0,0,0,0,"-","-","WOODLAND","YOLO","CA",0,0
"2738420",-121.766236549,38.6628646851,2006,"5703","0","4","4","-",0,1,"A",,"Y",,,,1800,7,"D","G","A","EAST GIBSON RD","EAST ST",161,"E","N","2006-11-14",5703,"2006-07-20",1630,"839","13","5","4","0","0",,"0","004","-","N",,0,0,,,0,,,,"N",2,"A","-",0,,"F","A","H","-","A","D","0","Y","L",,0,0,1,0,0,0,1,0,0,"-","-","WOODLAND","YOLO","CA",0,0
"2738428",-121.77343317,38.6608657837,2006,"5703","0","7","3","09",0,2,"A",,,,,,1800,7,"D","C","A","PLACER DR","TRUCKEE WY",0,,"Y","2006-11-09",5703,"2006-07-16",1633,"832","15","5","4","0","0",,"0","003","-","N",,0,0,,,0,,,,"Y",2,"A","-",21800,"A","N","A","H","-","A","D","0","Y","A",,0,2,0,0,0,0,0,0,0,"-","-","WOODLAND","YOLO","CA",0,0
"2738462",-121.893351516,38.5447921753,2006,"5700","5","1","3","01",0,1,"A",,,,,,2400,7,"F","A","A","RUSSELL BL","COUNTY ROAD 95",11088,"W","N","2006-11-09",9280,"2006-07-17",2330,"01431",,"3","9","0","3",,"2","003","-","N",,0,0,,,0,,,,"Y",1,"A","-",23152,"A","N","A","H","-","D","D","0","Y","D","22",0,1,0,0,0,0,0,0,0,"-","-","UNINCORPORATED","YOLO","CA",0,0
"2738828",-121.747378686,38.5462760925,2006,"5701","0","7","4","-",0,1,"A",,,,,,600,7,"E","I","A","RUSSELL BL","A ST",110,"E","N","2007-01-31",5701,"2006-07-16",544,"POWEL","5701","5","5","0","0",,"0","002","-","N",,0,0,,,0,,,,"Y",1,"-","-",0,,"N","A","H","-","A","-","0","Y","-","-",0,0,1,0,0,0,0,0,0,"-","-","DAVIS","YOLO","CA",0,0
"2744700",-121.802973182,38.721655112,2006,"5700","5","1","4","08",0,1,"A",,,"Y",,,900,7,"F","A","A","RT 5","COUNTY ROAD 98",350,"N","N","2006-11-21",9280,"2006-07-24",710,"14866",,"1","9","0","3",,"2","002","-","Y","YOL",3,5,"-","R",10.975,"R","3","S","Y",1,"A","-",22107,,"N","A","H","-","A","D","1","Y","C","02",0,0,1,0,0,0,0,0,1,"S","-","UNINCORPORATED","YOLO","CA",0,0
"2744704",0,0,2006,"5700","5","4","3","08",0,2,"A",,,,,,2400,7,"E","I","A","COUNTY ROAD 24","COUNTY ROAD 93",176,"W","N","2006-11-15",9280,"2006-07-27",2134,"01431",,"2","9","0","3",,"2","003","-","N",,0,0,,,0,,,,"Y",1,"A","-",22107,,"N","A","H","-","D","D","0","Y","D","22",0,2,0,0,0,0,0,0,0,"-","-","UNINCORPORATED","YOLO","CA",0,0