"CASEID","POINT_X","POINT_Y","YEAR_","LOCATION","CHPTYPE","DAYWEEK","CRASHSEV","VIOLCAT","KILLED","INJURED","WEATHER1","PEDCOL","BICCOL","MCCOL","TRUCKCOL","ETOH","TIMECAT","MONTH_","CRASHTYP","INVOLVE","PED","PRIMARYRD","SECONDRD","DISTANCE","DIRECT","INTERSECT_","PROCDATE","JURIS","DATE_","TIME_","BADGE","JURIDIST","SHIFT","POP","SPECIAL","BEATTYPE","LAPDDIV","BEATCLAS","BEATNUMB","WEATHER2","STATEHW","CALTRANC","CALTRAND","STROUTE","ROUTESUF","POSTPRE","POSTMILE","LOCATYPE","RAMP","SIDEHW","TOWAWAY","PARTIES","PCF","VIOLCODE","VIOL","VIOLSUB","HITRUN","ROADSURF","RDCOND1","RDCOND2","LIGHTING","RIGHTWAY","CHPRDTYP","NOTPRIV","STFAULT","CHPFAULT","SEVINJ","OTHERINJ","COP","PEDKILL","PEDINJ","BICKILL","BICINJ","MCKILL","MCINJURE","RAMP1","RAMP2","CITY","COUNTY","STATE","X_CHP","Y_CHP"
"3053719",-121.730782746,38.5690422058,2007,"5701","0","7","3","21",0,1,"A",,,,,,1500,2,"D","C","A","POLE LINE RD","MOORE BL",500,"S","N","2007-06-07",5701,"2007-02-04",1432,"75","6","5","5","0","0",,"0","003","-","N",,0,0,,,0,,,,"Y",2,"A","-",22106,,"N","A","H","-","A","D","0","Y","D","22",0,1,0,0,0,0,0,0,0,"-","-","DAVIS","YOLO","CA",0,0
"3053762",-121.559648689,38.528755188,2007,"5704","0","5","3","17",0,2,"A",,,,,,900,1,"C","C","A","JEFFERSON BL","DAVIS RD",1583,"S","N","2007-05-23",5704,"2007-01-26",609,"00111",,"5","4","0","0",,"0","003","-","N",,0,0,,,0,,,,"Y",2,"A","-",22109,,"N","A","H","-","D","D","0","Y","-","-",0,1,1,0,0,0,0,0,0,"-","-","WEST SACRAMENTO","YOLO","CA",0,0
"3053952",0,0,2007,"5700","4","6","4","08",0,1,"A",,,,,,1800,2,"F","A","A","COUNTY ROAD 102","COUNTY ROAD 18C",3696,"N","N","2007-06-07",9280,"2007-02-17",1643,"01692",,"2","9","0","2",,"1","021","-","N",,0,0,,,0,,,,"Y",1,"A","-",22107,,"N","A","H","-","A","D","0","Y","A","01",0,0,1,0,0,0,0,0,0,"-","-","UNINCORPORATED","YOLO","CA",0,0
"3053956",-121.685936252,38.673716311,2007,"5700","1","2","4","03",0,2,"A",,,,,,1500,2,"C","C","A","RT 5","OLD RIVER RD",16368,"N","N","2007-06-15",9280,"2007-02-06",1220,"01496",,"1","9","0","1",,"2","020","-","Y","YOL",3,5,"-","-",3.25,"H","-","N","Y",3,"A","-",22350,,"N","A","H","-","A","D","1","Y","A","01",0,0,2,0,0,0,0,0,0,"-","-","UNINCORPORATED","YOLO","CA",0,0
"3053968",0,0,2007,"5700","4","2","4","06",0,2,"A",,,,,,1800,2,"D","C","A","COUNTY ROAD 102","KENTUCKY AV",0,,"Y","2007-06-07",9280,"2007-02-20",1510,"01323",,"2","9","0","2",,"1","021","-","N",,0,0,,,0,,,,"Y",2,"A","-",21750,,"N","A","H","-","A","D","0","Y","A","01",0,0,2,0,0,0,0,0,0,"-","-","UNINCORPORATED","YOLO","CA",0,0
"3053983",-121.733114007,38.673685379,2007,"5703","1","4","3","01",0,1,"A",,,,,,300,2,"E","J","A","RT 5","COUNTY ROAD 102",429,"N","N","2007-06-15",9280,"2007-02-15",120,"15010",,"3","4","0","1",,"2","020","-","Y","YOL",3,5,"-","-",5.71,"H","-","S","Y",1,"A","-",23152,"A","N","A","H","-","C","D","1","Y","A","07",0,1,0,0,0,0,0,0,0,"T","-","WOODLAND","YOLO","CA",0,0
"3053987",-121.529813121,38.57624512,2007,"5704","2","1","4","03",0,1,"C",,,,,,1500,2,"B","C","A","RT 50","WESTACRE RD",150,"W","N","2007-06-19",9280,"2007-02-26",1425,"01227",,"2","4","0","1",,"2","011","-","Y","YOL",3,50,"-","-",2.15,"H","-","E","Y",2,"A","-",22350,,"N","B","H","-","A","D","1","Y","A","01",0,0,1,0,0,0,0,0,0,"-","-","WEST SACRAMENTO","YOLO","CA",0,0
"3054142",0,0,2007,"5700","5","6","2","01",0,1,"A",,,,,"Y",2100,1,"E","I","A","SOUTH RIVER RD","COUNTY ROAD 142",3168,"N","N","2007-05-29",9280,"2007-01-20",2030,"01507",,"2","9","0","3",,"2","001","-","N",,0,0,,,0,,,,"N",1,"A","-",23152,"A","N","A","H","-","D","D","0","Y","A","01",1,0,0,0,0,0,0,0,0,"-","-","UNINCORPORATED","YOLO","CA",0,0
"3056133",0,0,2007,"5700","5","5","4","08",0,2,"A",,,,,,900,1,"B","C","A","RUSSELL BL","CARMELO WY",286,"E","N","2007-05-26",9280,"2007-01-12",847,"15343",,"1","9","0","3",,"2","003","-","N",,0,0,,,0,,,,"Y",2,"A","-",22107,,"N","A","H","-","A","D","0","Y","J","48",0,0,2,0,0,0,0,0,0,"-","-","UNINCORPORATED","YOLO","CA",0,0
"3057248",-121.555853125,38.575145118,2007,"5704","2","5","4","03",0,1,"B",,,,,,1800,2,"C","C","A","RT 50","HARBOR BL",2112,"W","N","2007-06-22",9280,"2007-02-23",1645,"11706",,"2","4","0","1",,"2","011","-","Y","YOL",3,50,"-","-",0.8,"H","-","W","Y",3,"A","-",22350,,"F","A","H","-","A","D","1","Y","A","07",0,0,1,0,0,0,0,0,0,"-","-","WEST SACRAMENTO","YOLO","CA",0,0
"3057276",-121.550707839,38.5937954,2007,"5704","1","2","3","07",0,3,"A",,,,,,1200,2,"B","C","A","RT 80","RT 84",200,"E","N","2007-06-22",9280,"2007-02-06",950,"01507",,"1","4","0","1",,"2","010","-","Y","YOL",3,80,"-","R",11.29,"H","-","E","Y",3,"A","-",21658,"A","N","A","H","-","A","D","1","Y","A","01",0,2,1,0,0,0,0,0,0,"-","-","WEST SACRAMENTO","YOLO","CA",0,0
"3057340",-121.582903113,38.432123458,2007,"5700","3","6","3","08",0,2,"A",,,,,,2100,3,"E","I","A","RT 84","WILLOW POINT RD",1056,"N","N","2007-07-10",9280,"2007-03-03",2012,"01692",,"2","9","0","1",,"2","013","-","Y","YOL",3,84,"-","-",10.75,"H","-","S","Y",1,"A","-",22107,,"N","A","H","-","D","D","0","Y","A","01",0,2,0,0,0,0,0,0,0,"-","-","UNINCORPORATED","YOLO","CA",0,0
"3057362",-121.822262597,38.882033124,2007,"5700","3","4","3","03",0,2,"B",,,,,,2100,2,"E","I","A","RT 45","COUNTY ROAD 6",50,"S","N","2007-08-03",9280,"2007-02-08",2030,"15343",,"2","9","0","1",,"2","026","E","Y","YOL",3,45,"-","-",8.81,"H","-","S","Y",1,"A","-",22350,,"N","B","H","-","D","A","0","Y","A","07",0,2,0,0,0,0,0,0,0,"-","-","UNINCORPORATED","YOLO","CA",0,0
"3057663",-121.758563155,38.557964325,2007,"5701","0","5","2","09",0,2,"A",,,,,,2100,3,"D","C","A","ANDERSON RD","RADCLIFFE DR",0,,"Y","2007-08-09",5701,"2007-03-02",2054,"79","5701","5","5","0","0",,"0","001","-","N",,0,0,,,0,,,,"Y",2,"A","-",21801,"A","N","A","H","-","C","D","0","Y","A","01",1,0,1,0,0,0,0,0,0,"-","-","DAVIS","YOLO","CA",0,0
"3061106",0,0,2006,"5700","5","7","4","01",0,2,"A",,,,,"Y",300,11,"F","A","A","RUSSELL BL","COUNTY ROAD 93A",114,"W","N","2007-03-14",9280,"2006-11-05",105,"15343",,"3","9","0","3",,"2","003","-","N",,0,0,,,0,,,,"Y",1,"A","-",23152,"A","N","B","H","-","D","A","0","Y","A","01",0,0,2,0,0,0,0,0,0,"-","-","UNINCORPORATED","YOLO","CA",0,0
"3069006",-121.954209782,38.530929049,2006,"5702","0","7","4","05",0,1,"A",,,,,,1200,12,"B","C","A","RT 128","COUNTY ROAD 90",15,"W","N","2007-04-27",5702,"2006-12-31",1108,"526",,"5","2","0","0",,"0","00B","-","Y","YOL",3,128,"-","-",9.63,"H","-","E","Y",3,"A","-",21460,"A","N","A","A","H","A","D","0","Y","A",,0,0,1,0,0,0,0,0,0,"-","-","WINTERS","YOLO","CA",0,0
"3069144",0,0,2007,"5700","5","4","2","01",0,1,"B",,,,,"Y",300,2,"E","I","A","COUNTY ROAD 22","COUNTY ROAD 94B",400,"E","N","2007-06-18",9280,"2007-02-08",130,"15010",,"3","9","0","3",,"2","002","-","N",,0,0,,,0,,,,"Y",1,"A","-",23152,"A","N","B","H","-","D","D","0","Y","D","22",1,0,0,0,0,0,0,0,0,"-","-","UNINCORPORATED","YOLO","CA",0,0
"3069148",-121.735632697,38.540218805,2007,"5701","1","5","4","03",0,2,"A",,,,,,1200,2,"C","C","A","RT 80","RICHARDS BL",70,"W","N","2007-06-25",9280,"2007-02-23",1130,"01339",,"1","5","0","1",,"2","010","-","Y","YOL",3,80,"-","-",0.22,"H","-","W","Y",2,"A","-",22350,,"N","A","H","-","A","D","1","Y","A","01",0,0,2,0,0,0,0,0,0,"-","-","DAVIS","YOLO","CA",0,0
"3069160",-121.854501978,38.6776712876,2007,"5700","5","2","3","01",0,1,"A",,,,,"Y",2400,2,"E","I","A","COUNTY ROAD 22","RT 16",235,"W","N","2007-06-27",9280,"2007-02-27",2355,"15124",,"3","9","0","3",,"2","003","-","Y","YOL",3,16,"-","-",37.746,"I","6","W","Y",1,"A","-",23152,"A","N","B","H","-","D","D","0","Y","A","01",0,1,0,0,0,0,0,0,0,"-","-","UNINCORPORATED","YOLO","CA",0,0
"3069164",0,0,2007,"5700","5","6","4","08",0,1,"B",,,,,,1200,2,"E","I","A","COUNTY ROAD 24","COUNTY ROAD 90A",2640,"E","N","2007-06-18",9280,"2007-02-10",920,"01512",,"1","9","0","3",,"2","003","C","N",,0,0,,,0,,,,"Y",1,"A","-",22107,,"N","B","H","-","A","D","0","Y","A","01",0,0,1,0,0,0,0,0,0,"-","-","UNINCORPORATED","YOLO","CA",0,0
"3069227",-121.701912853,38.551175271,2007,"5701","1","7","4","03",0,1,"A",,,,,,1500,3,"C","C","A","RT 80","MACE BL",1584,"W","N","2007-07-11",9280,"2007-03-04",1200,"15010",,"1","5","0","1",,"2","010","-","Y","YOL",3,80,"-","-",2.38,"H","-","E","Y",3,"A","-",22350,,"N","A","D","-","A","A","1","Y","A","01",0,0,1,0,0,0,0,0,0,"-","-","DAVIS","YOLO","CA",0,0
"3069231",-121.561188441,38.578325324,2007,"5704","1","4","3","01",0,3,"A",,,,,"Y",2400,3,"C","C","A","RT 80","RT 84",3168,"W","N","2007-07-25",9280,"2007-03-01",2143,"15343",,"2","4","0","1",,"2","010","-","Y","YOL",3,80,"-","R",10.62,"H","-","E","Y",3,"A","-",23152,"A","N","A","D","E","C","A","1","Y","A","07",0,1,2,0,0,0,0,0,0,"-","-","WEST SACRAMENTO","YOLO","CA",0,0
"3069235",-122.045854918,38.510376977,2007,"5700","3","6","2","01",0,2,"A",,,,,"Y",2100,3,"F","A","A","RT 128","PUTAH CREEK",15840,"E","N","2007-07-10",9280,"2007-03-03",1917,"14424",,"2","9","0","1",,"2","032","-","Y","YOL",3,128,"-","-",3.01,"H","-","E","Y",1,"A","-",23152,"A","F","A","H","-","D","D","0","Y","A","01",1,0,1,0,0,0,0,0,0,"-","-","UNINCORPORATED","YOLO","CA",0,0
"3069289",-122.048343062,38.51109794,2007,"5700","3","6","4","08",0,1,"A",,,"Y",,,1800,3,"E","I","A","RT 128","COUNTY ROAD 86",10560,"W","N","2007-07-16",9280,"2007-03-03",1640,"14120",,"2","9","0","1",,"2","032","-","Y","YOL",3,128,"-","-",2.87,"H","-","W","N",1,"A","-",22107,,"N","A","H","-","A","A","0","Y","C","02",0,0,1,0,0,0,0,0,1,"-","-","UNINCORPORATED","YOLO","CA",0,0
"3069293",-122.01682927,38.6922042511,2007,"5700","3","6","4","03",0,2,"A",,,,,,2100,3,"C","C","A","RT 16","MADISON ST",95,"E","N","2007-07-11",9280,"2007-03-03",1827,"14120",,"2","9","0","1",,"2","034","-","Y","YOL",3,16,"-","-",28.06,"H","-","E","Y",3,"A","-",22350,,"N","A","H","-","C","A","0","Y","A","01",0,0,2,0,0,0,0,0,0,"-","-","UNINCORPORATED","YOLO","CA",0,0
"3070925",-121.511203119,38.5812759399,2007,"5704","0","3","4","09",0,1,"A",,,,,,1800,2,"D","C","A","RT 275","SOUTH RIVER RD",0,,"Y","2007-07-17",5704,"2007-02-28",1514,"00111",,"5","4","0","0",,"0","002","-","N",,0,0,,,0,,,,"Y",2,"A","-",21804,"A","M","A","H","-","A","A","0","Y","-","-",0,0,1,0,0,0,0,0,0,"-","-","WEST SACRAMENTO","YOLO","CA",0,0
"3070945",-121.52962312,38.5597457886,2007,"5704","0","7","4","-",0,2,"A",,,,,,1800,2,"C","C","A","JEFFERSON BL","SOUTH RIVER RD",0,,"Y","2007-06-18",5704,"2007-02-18",1703,"00117",,"5","4","0","0",,"0","003","-","N",,0,0,,,0,,,,"Y",2,"-","-",0,,"N","A","H","-","A","A","0","Y","-","-",0,0,2,0,0,0,0,0,0,"-","-","WEST SACRAMENTO","YOLO","CA",0,0
"3074100",-121.783900054,38.6886024475,2007,"5703","0","4","4","00",0,1,"A",,,,,,900,3,"B","C","A","N WEST ST","WOODLAND AV",75,"N","N","2007-07-19",5703,"2007-03-08",810,"876","44","5","4","0","0",,"0","002","-","N",,0,0,,,0,,,,"Y",2,"A","-",20001,,"F","A","H","-","A","A","0","Y","A","01",0,0,1,0,0,0,0,0,0,"-","-","WOODLAND","YOLO","CA",0,0
"3074136",-121.773293171,38.6679458618,2007,"5703","0","6","3","03",0,1,"A",,,"Y",,,1800,3,"E","I","A","MARSHALL AV","1ST ST",0,,"Y","2007-07-19",5703,"2007-03-03",1528,"802","5703","5","4","0","0",,"0","004","-","N",,0,0,,,0,,,,"N",2,"A","-",22350,,"N","A","H","-","A","D","0","Y","C","02",0,1,0,0,0,0,0,0,1,"-","-","WOODLAND","YOLO","CA",0,0
"3074398",-121.793383175,38.672164917,2007,"5703","0","5","4","12",0,1,"A",,,,"Y",,1500,2,"B","C","A","COTTONWOOD ST","W CROSS ST",0,,"Y","2007-06-28",5703,"2007-02-16",1254,"842","72","5","4","0","0",,"0","003","-","N",,0,0,,,0,,,,"Y",2,"A","-",21453,"A","N","A","H","-","A","A","0","Y","A","01",0,0,1,0,0,0,0,0,0,"-","-","WOODLAND","YOLO","CA",0,0
"3076130",-121.548663125,38.5769233704,2007,"5704","0","5","4","12",0,2,"A",,,,,,1500,3,"D","C","A","HARBOR BL","EVERGREEN AV",0,,"Y","2007-07-05",5704,"2007-03-02",1205,"00111",,"5","4","0","0",,"0","002","-","N",,0,0,,,0,,,,"Y",2,"A","-",21453,"A","N","A","H","-","A","A","0","Y","-","-",0,0,2,0,0,0,0,0,0,"-","-","WEST SACRAMENTO","YOLO","CA",0,0
"3077666",-121.752243155,38.5607872009,2007,"5701","0","5","3","08",0,1,"C",,,,,,1500,2,"A","C","A","OAK AV","COVELL BL",25,"S","N","2007-06-19",5701,"2007-02-09",1238,"15","5701","5","5","0","0",,"0","002","-","N",,0,0,,,0,,,,"N",2,"A","-",22107,,"N","B","H","-","A","A","0","Y","A","01",0,1,0,0,0,0,0,0,0,"-","-","DAVIS","YOLO","CA",0,0
"3078864",-121.80290317,38.6196250916,2007,"5700","4","4","3","09",0,1,"B",,,,,,1500,2,"D","C","A","COUNTY ROAD 98","COUNTY ROAD 27",0,,"Y","2007-06-21",9280,"2007-02-22",1210,"01512",,"1","9","0","2",,"2","025","-","N",,0,0,,,0,,,,"Y",2,"A","-",21802,"A","N","A","H","-","A","A","0","Y","A","01",0,1,0,0,0,0,0,0,0,"-","-","UNINCORPORATED","YOLO","CA",0,0
"3078868",0,0,2007,"5700","4","5","4","03",0,2,"C",,,,,,1500,2,"C","C","A","COUNTY ROAD 102","COUNTY ROAD 18C",280,"S","N","2007-06-21",9280,"2007-02-09",1200,"15343",,"1","9","0","2",,"1","021","-","N",,0,0,,,0,,,,"Y",3,"A","-",22350,,"N","B","H","-","A","D","0","Y","A","01",0,0,2,0,0,0,0,0,0,"-","-","UNINCORPORATED","YOLO","CA",0,0
"3078872",0,0,2007,"5700","3","3","2","08",0,1,"A",,,,,,1800,2,"E","I","A","RT 84","S NETHERLANDS RD",2112,"S","N","2007-06-21",9280,"2007-02-14",1545,"01323",,"2","9","0","1",,"2","013","-","N",,0,0,,,0,,,,"Y",1,"A","-",22107,,"N","A","H","-","A","D","0","Y","A","01",1,0,0,0,0,0,0,0,0,"-","-","UNINCORPORATED","YOLO","CA",0,0
"3079764",-121.700318043,38.551532622,2007,"5701","1","5","4","03",0,2,"A",,,,,,1500,3,"C","C","A","RT 80","MACE BL",1056,"W","N","2007-07-11",9280,"2007-03-02",1435,"01507",,"2","5","0","1",,"2","010","-","Y","YOL",3,80,"-","-",2.48,"H","-","E","Y",2,"A","-",22350,,"N","A","H","-","A","D","1","Y","A","08",0,0,2,0,0,0,0,0,0,"-","-","DAVIS","YOLO","CA",0,0
"3079768",-121.894331909,38.5444450378,2007,"5700","5","7","4","03",0,1,"A",,,"Y",,,1800,3,"E","I","A","RUSSELL BL","COUNTY ROAD 92F",3696,"E","N","2007-07-05",9280,"2007-03-04",1527,"01692",,"2","9","0","3",,"2","003","-","N",,0,0,,,0,,,,"Y",1,"A","-",22350,,"N","A","H","-","A","A","0","Y","C","02",0,0,1,0,0,0,0,0,1,"-","-","UNINCORPORATED","YOLO","CA",0,0
"3079807",0,0,2007,"5700","5","3","4","05",0,2,"A",,,"Y",,,1200,3,"D","C","A","RUSSELL BL","COUNTY ROAD 97",1056,"W","N","2007-07-05",9280,"2007-03-07",1150,"01323",,"1","9","0","3",,"2","002","-","N",,0,0,,,0,,,,"Y",2,"A","-",21460,"A","N","A","H","-","A","D","0","Y","C","02",0,0,2,0,0,0,0,0,1,"-","-","UNINCORPORATED","YOLO","CA",0,0
"3083620",-121.632143136,38.564635111,2007,"5700","1","5","3","08",0,2,"A",,,,,,900,2,"E","I","A","RT 80","WEBSTER",1500,"E","N","2007-06-29",9280,"2007-02-23",805,"01507",,"1","9","0","1",,"2","010","-","Y","YOL",3,80,"-","-",6.08,"H","-","W","Y",2,"A","-",22107,,"N","A","H","-","A","D","1","Y","A","01",0,1,1,0,0,0,0,0,0,"-","-","UNINCORPORATED","YOLO","CA",0,0
"3090445",-121.547954001,38.5565109253,2007,"5704","0","5","4","03",0,1,"A",,,,,,900,3,"E","I","A","SOUTHPORT PKWY","LAKE WASHINGTON BL",2112,"W","N","2007-07-12",5704,"2007-03-16",619,"00111",,"5","4","0","0",,"0","003","-","N",,0,0,,,0,,,,"Y",1,"A","-",22350,,"N","A","H","-","D","D","0","Y","-","-",0,0,1,0,0,0,0,0,0,"-","-","WEST SACRAMENTO","YOLO","CA",0,0
"3090449",-121.526183121,38.5793151855,2007,"5704","0","5","4","12",0,2,"A",,,,,,1500,3,"D","C","A","JEFFERSON BL","MERKLEY AV",0,,"Y","2007-07-12",5704,"2007-03-16",1345,"00111",,"5","4","0","0",,"0","002","-","N",,0,0,,,0,,,,"Y",2,"A","-",21453,"A","N","A","H","-","A","A","0","Y","-","-",0,0,2,0,0,0,0,0,0,"-","-","WEST SACRAMENTO","YOLO","CA",0,0
"3090457",-121.543240132,38.5796012878,2007,"5704","0","2","3","08",0,1,"A",,"Y",,,,1800,3,"D","G","A","WEST CAPITOL AV","PECAN ST",360,"W","N","2007-07-12",5704,"2007-03-13",1600,"00171",,"5","4","0","0",,"0","002","-","N",,0,0,,,0,,,,"N",2,"A","-",21717,,"N","A","H","-","A","D","0","Y","-","-",0,1,0,0,0,0,1,0,0,"-","-","WEST SACRAMENTO","YOLO","CA",0,0
"3090461",0,0,2007,"5704","0","1","3","11",0,1,"A","Y",,,,,2100,3,"G","B","D","WATER ST","TELEPHONE POLE #487",0,,"N","2007-07-12",5704,"2007-03-12",1848,"130",,"5","4","0","0",,"0","001","-","N",,0,0,,,0,,,,"N",2,"A","-",21954,"A","N","A","H","-","A","A","0","Y","-","-",0,1,0,0,1,0,0,0,0,"-","-","WEST SACRAMENTO","YOLO","CA",0,0
"3090469",-121.526183121,38.5793151855,2007,"5704","0","7","4","10",0,1,"A","Y",,,,,1500,3,"G","B","B","MERKLEY AV","JEFFERSON BL",0,,"Y","2007-07-13",5704,"2007-03-11",1356,"00122",,"5","4","0","0",,"0",,"-","N",,0,0,,,0,,,,"N",2,"A","-",21950,"A","N","A","H","-","A","A","0","Y","-","-",0,0,1,0,1,0,0,0,0,"-","-","WEST SACRAMENTO","YOLO","CA",0,0
"3090825",0,0,2007,"5700","5","7","3","01",0,1,"A",,,,,"Y",1800,3,"E","J","A","COUNTY ROAD 95","PAINTRIDGE RD",105,"N","N","2007-08-07",9280,"2007-03-11",1725,"11706",,"2","9","0","3",,"2","002","-","N",,0,0,,,0,,,,"Y",1,"A","-",23152,"A","N","A","H","-","A","D","0","Y","A","07",0,1,0,0,0,0,0,0,0,"-","-","UNINCORPORATED","YOLO","CA",0,0
"3090833",-121.625023135,38.565955112,2007,"5700","1","1","3","03",0,1,"A",,,"Y",,,1800,3,"F","A","A","RT 80","WEBSTER",3696,"E","N","2007-08-09",9280,"2007-03-12",1702,"01692",,"2","9","0","1",,"2","010","-","Y","YOL",3,80,"-","-",6.5,"H","-","W","Y",1,"A","-",22350,,"N","A","H","-","A","D","1","Y","C","02",0,1,0,0,0,0,0,0,1,"-","-","UNINCORPORATED","YOLO","CA",0,0
"3090841",-122.020696565,38.697907749,2007,"5700","3","5","4","08",0,1,"B",,,,,,600,3,"E","I","A","RT 16","ORLEANS ST",500,"W","N","2007-08-13",9280,"2007-03-09",515,"15124",,"3","9","0","1",,"2","034","-","Y","YOL",3,16,"-","-",27.46,"H","-","E","Y",1,"A","-",22107,,"N","A","H","-","D","D","0","Y","A","01",0,0,1,0,0,0,0,0,0,"-","-","UNINCORPORATED","YOLO","CA",0,0
"3094840",-122.306638625,38.9110159984,2007,"5700","3","6","3","03",0,1,"A",,,"Y",,,1500,3,"F","A","A","RT 16","COUNTY RD 40",1056,"E","N","2007-08-15",9280,"2007-03-17",1410,"01692",,"2","9","0","1",,"2","034","-","Y","YOL",3,16,"-","-",2.17,"H","-","W","Y",1,"A","-",22350,,"N","A","H","-","A","D","0","Y","C","02",0,1,0,0,0,0,0,0,1,"-","-","UNINCORPORATED","YOLO","CA",0,0
"3094868",-121.652285008,38.5610838,2007,"5700","1","5","3","08",0,1,"A",,,,,,900,3,"B","C","A","RT 80","WEBSTER RD",3696,"W","N","2007-08-03",9280,"2007-03-16",810,"01496",,"1","9","0","1",,"2","010","-","Y","YOL",3,80,"-","-",5.08,"H","-","W","Y",2,"A","-",22107,,"N","A","H","-","A","D","1","Y","A","01",0,1,0,0,0,0,0,0,0,"-","-","UNINCORPORATED","YOLO","CA",0,0
"3094872",0,0,2007,"5700","5","2","1","01",1,0,"A",,,,,"Y",2500,1,"E","I","A","COUNTY ROAD 22","WOODLAND CITY LIMITS",14256,"E","N","2008-07-02",9280,"2007-01-23",2500,"01323",,"4","9","0","3",,"2","002","-","N",,0,0,,,0,,,,"Y",1,"A","-",23152,"A","N","A","H","-","D","D","0","Y","A","01",0,0,0,0,0,0,0,0,0,"-","-","UNINCORPORATED","YOLO","CA",0,0
"3098392",-121.790123177,38.6920547485,2007,"5703","0","2","4","03",0,1,"A",,,,,,1800,3,"C","C","A","W KENTUCKY AV","MARIPOSA ST",0,,"Y","2007-07-19",5703,"2007-03-13",1634,"881","64","5","4","0","0",,"0","002","-","N",,0,0,,,0,,,,"Y",2,"A","-",22350,,"N","A","H","-","A","D","0","Y","-","-",0,0,1,0,0,0,0,0,0,"-","-","WOODLAND","YOLO","CA",0,0
"3098400",-121.752493167,38.65815511,2007,"5703","0","1","3","12",0,2,"A",,,,,,900,3,"D","C","A","EAST GIBSON RD","RT 113",0,,"Y","2007-08-08",5703,"2007-03-12",747,"802","33","5","4","0","0",,"0","004","-","Y","YOL",3,113,"-","R",8.991,"R","4","N","Y",2,"A","-",21453,"A","N","A","H","-","A","A","0","Y","A","01",0,1,1,0,0,0,0,0,0,"-","N","WOODLAND","YOLO","CA",0,0
"3098401",-121.77067614,38.6751213074,2007,"5703","0","1","3","05",0,2,"A",,,,,,900,3,"D","C","A","3RD ST","LINCOLN AV",183,"S","N","2007-07-19",5703,"2007-03-12",732,"877","12","5","4","0","0",,"0","001","-","N",,0,0,,,0,,,,"Y",3,"A","-",21650,,"N","A","H","-","A","D","0","Y","A","01",0,2,0,0,0,0,0,0,0,"-","-","WOODLAND","YOLO","CA",0,0
"3098409",-121.773503023,38.6774749756,2007,"5703","0","5","4","04",0,1,"A",,,,,,2100,3,"C","C","A","MAIN ST","1ST ST",97,"W","N","2007-07-19",5703,"2007-03-16",1934,"876","42","5","4","0","0",,"0","001","-","N",,0,0,,,0,,,,"N",2,"A","-",21703,,"F","A","H","-","B","A","0","Y","-","-",0,0,1,0,0,0,0,0,0,"-","-","WOODLAND","YOLO","CA",0,0
"3098451",-121.759193168,38.6627655029,2007,"5703","0","5","3","09",0,3,"A",,,,,,1500,3,"D","D","A","EAST GIBSON RD","WASHINGTON DR",0,,"Y","2007-07-18",5703,"2007-03-09",1440,"829","13","5","4","0","0",,"0","004","-","N",,0,0,,,0,,,,"Y",2,"A","-",21802,"A","N","A","H","-","A","D","0","Y","A","01",0,2,1,0,0,0,0,0,0,"-","-","WOODLAND","YOLO","CA",0,0
"3098455",-121.742363166,38.6646842957,2007,"5703","0","2","3","09",0,2,"A",,,,,,1800,3,"A","C","A","PIONEER AV","BRANIGAN AV",0,,"Y","2007-07-18",5703,"2007-03-06",1610,"831","53","5","4","0","0",,"0","004","-","N",,0,0,,,0,,,,"Y",3,"A","-",21801,,"N","A","H","-","A","A","0","Y","-","-",0,1,1,0,0,0,0,0,0,"-","-","WOODLAND","YOLO","CA",0,0
"3098459",0,0,2007,"5703","0","4","3","09",0,1,"A",,,"Y","Y",,1500,3,"D","C","A","10TH ST","MATMOR RD",561,"W","N","2007-07-18",5703,"2007-03-15",1216,"842","11","5","4","0","0",,"0","001","-","N",,0,0,,,0,,,,"Y",2,"A","-",21801,"A","N","A","H","-","A","D","0","Y","G","25",0,1,0,0,0,0,0,0,1,"-","-","WOODLAND","YOLO","CA",0,0
"3098471",-121.780143846,38.6774940491,2007,"5703","0","3","4","09",0,1,"A",,"Y",,,"Y",1800,3,"G","G","A","MAIN ST","CLEVELAND ST",220,"W","N","2007-07-20",5703,"2007-03-21",1613,"852","32","5","4","0","0",,"0","003","-","N",,0,0,,,0,,,,"N",2,"A","-",21804,"A","N","A","H","-","A","A","0","Y","L","04",0,0,1,0,0,0,1,0,0,"-","-","WOODLAND","YOLO","CA",0,0
"3098578",-121.698843759,38.5478591919,2007,"5701","0","3","4","09",0,1,"A",,"Y",,,,900,3,"D","G","A","COWELL BL","ENSENADA DR",200,"E","N","2007-07-26",5701,"2007-03-07",730,"5","5701","5","5","0","0",,"0","004","-","N",,0,0,,,0,,,,"N",2,"A","-",21804,"A","N","A","H","-","A","D","0","Y","L","04",0,0,1,0,0,0,1,0,0,"-","-","DAVIS","YOLO","CA",0,0
"3098582",-121.740673151,38.546043396,2007,"5701","0","7","4","10",0,1,"A","Y",,,,,2100,3,"G","B","B","F ST","4TH ST",0,,"Y","2007-07-26",5701,"2007-03-11",1833,"80","5701","5","5","0","0",,"0","002","-","N",,0,0,,,0,,,,"N",2,"A","-",21950,"A","N","A","H","-","C","A","0","Y","A","01",0,0,1,0,1,0,0,0,0,"-","-","DAVIS","YOLO","CA",0,0