"CASEID","POINT_X","POINT_Y","YEAR_","LOCATION","CHPTYPE","DAYWEEK","CRASHSEV","VIOLCAT","KILLED","INJURED","WEATHER1","PEDCOL","BICCOL","MCCOL","TRUCKCOL","ETOH","TIMECAT","MONTH_","CRASHTYP","INVOLVE","PED","PRIMARYRD","SECONDRD","DISTANCE","DIRECT","INTERSECT_","PROCDATE","JURIS","DATE_","TIME_","BADGE","JURIDIST","SHIFT","POP","SPECIAL","BEATTYPE","LAPDDIV","BEATCLAS","BEATNUMB","WEATHER2","STATEHW","CALTRANC","CALTRAND","STROUTE","ROUTESUF","POSTPRE","POSTMILE","LOCATYPE","RAMP","SIDEHW","TOWAWAY","PARTIES","PCF","VIOLCODE","VIOL","VIOLSUB","HITRUN","ROADSURF","RDCOND1","RDCOND2","LIGHTING","RIGHTWAY","CHPRDTYP","NOTPRIV","STFAULT","CHPFAULT","SEVINJ","OTHERINJ","COP","PEDKILL","PEDINJ","BICKILL","BICINJ","MCKILL","MCINJURE","RAMP1","RAMP2","CITY","COUNTY","STATE","X_CHP","Y_CHP"
"3250262",-121.731113375,38.5398826599,2007,"5701","0","5","4","03",0,1,"A",,,"Y",,,1800,6,"C","C","A","COWELL BL","RESEARCH PARK DR",75,"W","N","2007-11-06",5701,"2007-06-15",1640,"5","5701","5","5","0","0",,"0","004","-","N",,0,0,,,0,,,,"Y",3,"A","-",22350,,"N","A","H","-","A","A","0","Y","C","06",0,0,1,0,0,0,0,0,0,"-","-","DAVIS","YOLO","CA",0,0
"3250264",-121.758783154,38.5464057922,2007,"5701","0","3","3","09",0,1,"A",,"Y",,,,1200,6,"H","G","A","RUSSELL BL","ANDERSON RD",0,,"Y","2007-10-26",5701,"2007-06-06",1102,"49","2","5","5","0","0",,"0","001","-","N",,0,0,,,0,,,,"N",2,"A","-",21453,"B","N","A","H","-","A","A","0","Y","A","01",0,1,0,0,0,0,1,0,0,"-","-","DAVIS","YOLO","CA",0,0
"3250268",-121.758573156,38.5608863831,2007,"5701","0","4","4","09",0,1,"A",,"Y",,,,1200,6,"H","G","A","COVELL BL","ANDERSON RD",0,,"Y","2007-10-26",5701,"2007-06-21",1008,"15","5701","5","5","0","0",,"0","002","-","N",,0,0,,,0,,,,"N",2,"A","-",21800,"A","N","A","H","-","A","A","0","Y","A","01",0,0,1,0,0,0,1,0,0,"-","-","DAVIS","YOLO","CA",0,0
"3251377",-121.689625335,38.5533294678,2007,"5701","0","3","3","03",0,1,"A",,,,,"Y",2500,5,"E","E","A","CHILES RD","EL CEMONTE",821,"E","N","2008-01-14",5701,"2007-05-30",2500,"82","5701","5","5","0","0",,"0","004","-","N",,0,0,,,0,,,,"Y",4,"A","-",22350,,"M","A","H","-","C","A","0","Y","A","01",0,1,0,0,0,0,0,0,0,"-","-","DAVIS","YOLO","CA",0,0
"3251928",-121.581529509,38.573712908,2007,"5704","1","1","4","03",0,1,"A",,,,,,900,6,"C","C","A","RT 80","ENTERPRISE BL",350,"E","N","2007-12-03",9280,"2007-06-25",740,"13399",,"1","4","0","1",,"2","010","-","Y","YOL",3,80,"-","-",9.06,"H","-","W","Y",2,"A","-",22350,,"N","A","H","-","A","D","1","Y","A","01",0,0,1,0,0,0,0,0,0,"-","-","WEST SACRAMENTO","YOLO","CA",0,0
"3251960",-121.765106553,38.696381793,2007,"5703","1","1","3","08",0,1,"A",,,,,,2100,6,"F","A","A","RT 5","EAST ST",293,"S","N","2007-11-27",9280,"2007-06-25",1917,"01692",,"2","4","0","1",,"2","020","-","Y","YOL",3,5,"-","R",8.23,"H","-","S","Y",1,"A","-",22107,,"N","A","H","-","A","D","1","Y","A","01",0,1,0,0,0,0,0,0,0,"-","-","WOODLAND","YOLO","CA",0,0
"3251964",-121.686090153,38.554795083,2007,"5700","1","4","4","03",0,1,"A",,,,,,1800,6,"C","C","A","RT 80","MACE BL",2112,"E","N","2007-12-03",9280,"2007-06-21",1540,"01392",,"2","9","0","1",,"2","010","-","Y","YOL",3,80,"-","-",3.08,"H","-","E","Y",2,"A","-",22350,,"N","A","H","-","A","D","1","Y","A","01",0,0,1,0,0,0,0,0,0,"-","-","UNINCORPORATED","YOLO","CA",0,0
"3251972",-121.923591522,38.6755239922,2007,"5700","3","6","4","03",0,1,"A",,,,,,1800,6,"C","C","A","RT 16","COUNTY ROAD 93",8976,"W","N","2007-11-21",9280,"2007-06-30",1622,"01692",,"2","9","0","1",,"2","034","-","Y","YOL",3,16,"-","-",33.79,"H","-","E","Y",3,"A","-",22350,,"N","A","H","-","A","D","0","Y","A","01",0,0,1,0,0,0,0,0,0,"-","-","UNINCORPORATED","YOLO","CA",0,0
"3256111",0,0,2007,"5700","5","3","4","08",0,1,"A",,,,,,2100,6,"F","I","A","COUNTY ROAD 97","COUNTY RD 27",2640,"N","N","2007-11-09",9280,"2007-06-13",2000,"01602",,"2","9","0","3",,"2","002","-","N",,0,0,,,0,,,,"Y",1,"A","-",22107,,"N","A","H","-","B","D","0","Y","A","01",0,0,1,0,0,0,0,0,0,"-","-","UNINCORPORATED","YOLO","CA",0,0
"3256115",-121.524186528,38.576934409,2007,"5704","2","6","3","08",0,1,"A",,,,,,1500,6,"E","I","A","RT 50","JEFFERSON BL",61,"W","N","2007-11-27",9280,"2007-06-16",1455,"01026",,"2","4","0","1",,"2","011","-","Y","YOL",3,50,"-","-",2.47,"H","-","E","Y",1,"A","-",22107,,"N","A","H","-","A","D","1","Y","A","07",0,1,0,0,0,0,0,0,0,"-","-","WEST SACRAMENTO","YOLO","CA",0,0
"3256127",-121.659365252,38.559865116,2007,"5700","1","5","4","03",0,1,"A",,,,,,1800,6,"C","C","A","RT 80","MACE BL",10560,"E","N","2007-12-03",9280,"2007-06-01",1535,"01507",,"2","9","0","1",,"2","010","-","Y","YOL",3,80,"-","-",4.68,"H","-","E","N",2,"A","-",22350,,"N","A","H","-","A","D","1","Y","A","01",0,0,1,0,0,0,0,0,0,"-","-","UNINCORPORATED","YOLO","CA",0,0
"3257029",-121.742383165,38.6627349854,2007,"5703","0","7","4","12",0,2,"A",,,,,,1800,7,"D","C","A","EAST GIBSON RD","PIONEER AV",0,,"Y","2007-12-15",5703,"2007-07-08",1546,"846","53","5","4","0","0",,"0","004","-","N",,0,0,,,0,,,,"Y",2,"A","-",21453,"A","N","A","H","-","A","A","0","Y","A","01",0,0,2,0,0,0,0,0,0,"-","-","WOODLAND","YOLO","CA",0,0
"3257209",-121.789653174,38.6721534729,2007,"5703","0","2","4","12",0,1,"A",,,,,,2100,6,"D","C","A","W CROSS ST","CALIFORNIA ST",0,,"Y","2007-11-03",5703,"2007-06-05",1844,"811",,"5","4","0","0",,"0","003","-","N",,0,0,,,0,,,,"Y",2,"A","-",22450,"A","N","A","H","-","A","A","0","Y","A","01",0,0,1,0,0,0,0,0,0,"-","-","WOODLAND","YOLO","CA",0,0
"3257213",-121.797831166,38.6907463074,2007,"5703","0","3","3","05",0,2,"A",,,,,,900,6,"D","C","A","N ASHLEY AV","CASCADE ST",11,"S","N","2007-11-03",5703,"2007-06-20",605,"806",,"5","4","0","0",,"0","002","-","N",,0,0,,,0,,,,"Y",2,"A","-",21752,"A","N","A","H","-","A","A","0","Y","A","01",0,1,1,0,0,0,0,0,0,"-","-","WOODLAND","YOLO","CA",0,0
"3257217",-121.752136559,38.6771774292,2007,"5703","0","6","3","04",0,2,"A",,,"Y",,,1200,6,"C","C","A","EAST MAIN ST","RT 113",255,"W","N","2007-11-03",5703,"2007-06-16",1042,"810",,"5","4","0","0",,"0",,"-","N",,0,0,,,0,,,,"N",2,"A","-",21703,,"N","A","H","-","A","A","0","Y","C","02",0,1,1,0,0,0,0,0,2,"-","N","WOODLAND","YOLO","CA",0,0
"3257241",-121.773268281,38.6774749756,2007,"5703","0","5","4","03",0,2,"A",,,,,,1800,6,"C","C","A","MAIN ST","1ST ST",30,"W","N","2007-11-03",5703,"2007-06-29",1730,"875",,"5","4","0","0",,"0","001","-","N",,0,0,,,0,,,,"Y",2,"A","-",22350,,"N","A","H","-","A","A","0","Y","A","01",0,0,2,0,0,0,0,0,0,"-","-","WOODLAND","YOLO","CA",0,0
"3257245",-121.728573165,38.6770935059,2007,"5703","0","7","4","09",0,2,"A",,,,,,2400,6,"D","C","A","EAST MAIN ST","COUNTY ROAD 102",0,,"Y","2007-11-05",5703,"2007-06-17",2116,"891","71","5","4","0","0",,"0","004","-","N",,0,0,,,0,,,,"N",2,"A","-",21801,"A","N","A","H","-","C","A","0","Y","A","01",0,0,2,0,0,0,0,0,0,"-","-","WOODLAND","YOLO","CA",0,0
"3257253",-121.797963176,38.6745033264,2007,"5703","0","6","4","09",0,1,"A",,,,,,1800,6,"D","C","A","ASHLEY AV","FARRELL ST",0,,"Y","2007-11-05",5703,"2007-06-30",1520,"812","72","5","4","0","0",,"0","003","-","N",,0,0,,,0,,,,"Y",2,"A","-",21801,"A","N","A","H","-","A","D","0","Y","D","22",0,0,1,0,0,0,0,0,0,"-","-","WOODLAND","YOLO","CA",0,0
"3258206",-121.69582933,38.5563468933,2007,"5701","0","4","2","03",0,1,"A",,,"Y",,,900,6,"E","I","A","2ND ST","MACE BL",500,"W","N","2007-11-06",5701,"2007-06-28",627,"49","7","5","5","0","0",,"0","003","-","N",,0,0,,,0,,,,"N",1,"A","-",22350,,"N","A","H","-","A","A","0","Y","C","02",1,0,0,0,0,0,0,0,1,"-","-","DAVIS","YOLO","CA",0,0
"3259041",0,0,2007,"5704","0","3","3","00",0,1,"A",,,"Y",,,1800,6,"F","I","A","LAKE WASHINGTON BL","VILLAGE PKWY",410,"W","N","2007-11-02",5704,"2007-06-20",1725,"00161",,"5","4","0","0",,"0","003","-","N",,0,0,,,0,,,,"Y",1,"A","-",23103,"A","N","A","H","-","A","D","0","Y","C","02",0,1,0,0,0,0,0,0,1,"-","-","WEST SACRAMENTO","YOLO","CA",0,0
"3259319",-121.577983129,38.5729370117,2007,"5704","0","3","4","07",0,1,"A",,,,"Y",,1200,9,"B","C","A","ENTERPRISE BL","LAKE RD",0,,"Y","2008-03-12",5704,"2007-09-05",1150,"00161",,"5","4","0","0",,"0","002","-","N",,0,0,,,0,,,,"Y",2,"A","-",21658,"A","N","A","H","-","A","A","0","Y","F","26",0,0,1,0,0,0,0,0,0,"-","-","WEST SACRAMENTO","YOLO","CA",0,0
"3260006",-121.593253675,38.57144729,2007,"5700","1","7","3","08",0,2,"A",,,,,,1800,6,"F","I","A","RT 80","RT 50",1056,"W","N","2008-04-02",9280,"2007-06-24",1533,"01501",,"2","9","0","1",,"2","010","-","Y","YOL",3,80,"-","R",9.65,"H","-","E","Y",1,"A","-",22107,,"N","A","H","-","A","D","1","Y","A","01",0,1,1,0,0,0,0,0,0,"-","C","UNINCORPORATED","YOLO","CA",0,0
"3260014",-121.728947218,38.673935114,2007,"5703","1","5","3","01",0,2,"A",,,,,"Y",2400,6,"C","C","A","RT 5","EAST MAIN ST",1056,"N","N","2007-11-27",9280,"2007-06-29",2309,"01434",,"3","4","0","1",,"2","020","-","Y","YOL",3,5,"-","R",6.76,"H","-","N","Y",2,"A","-",23152,"A","F","A","H","-","D","D","1","Y","D","22",0,2,0,0,0,0,0,0,0,"-","-","WOODLAND","YOLO","CA",0,0
"3260018",-121.952093194,38.634835094,2007,"5700","3","2","4","08",0,3,"A",,,,,,2100,6,"F","A","A","RT 505","COUNTY ROAD 26",300,"S","N","2007-11-19",9280,"2007-06-19",2005,"01392",,"2","9","0","1",,"2","034","-","Y","YOL",3,505,"-","-",7.48,"H","-","N","Y",1,"A","-",22107,,"N","A","H","-","A","D","1","Y","A","07",0,0,3,0,0,0,0,0,0,"-","-","UNINCORPORATED","YOLO","CA",0,0
"3260698",-121.794266636,38.712616024,2007,"5700","1","5","4","03",0,5,"A",,,,"Y",,2400,6,"C","C","A","RT 5","RT 16",2640,"S","N","2008-01-02",9280,"2007-06-08",2245,"01323",,"3","9","0","1",,"2","020","-","Y","YOL",3,5,"-","R",10.31,"H","-","S","Y",4,"A","-",22350,,"N","A","H","-","D","D","1","Y","A","01",0,0,5,0,0,0,0,0,0,"-","-","UNINCORPORATED","YOLO","CA",0,0
"3265051",-121.952856576,38.545205006,2007,"5700","1","2","3","08",0,3,"A",,,,,,1500,7,"F","A","A","RT 505","RT 128",4752,"N","N","2007-12-12",9280,"2007-07-03",1220,"01426",,"1","9","0","1",,"2","031","-","Y","YOL",3,505,"-","-",1.3,"H","-","N","Y",1,"A","-",22107,,"N","A","H","-","A","D","1","Y","A","07",0,1,2,0,0,0,0,0,0,"-","-","UNINCORPORATED","YOLO","CA",0,0
"3267105",-121.765171403,38.697703088,2007,"5703","0","6","1","03",1,0,"A",,,"Y",,"Y",2400,6,"E","I","A","NORTH EAST ST","RT 5",0,,"Y","2008-07-02",5703,"2007-06-23",2245,"831",,"5","4","0","0",,"0","001","-","Y","YOL",3,113,"-","-",11.526,"I","5","S","Y",1,"A","-",22350,,"N","A","H","-","C","A","0","Y","-","-",0,0,0,0,0,0,0,1,0,"-","W","WOODLAND","YOLO","CA",0,0
"3267701",-121.738374602,38.5407600403,2007,"5701","0","3","4","09",0,1,"A",,,,,,1800,7,"D","C","A","RICHARDS BL","OLIVE DR",75,"S","N","2008-03-25",5701,"2007-07-11",1535,"67","5701","5","5","0","0",,"0","004","-","N",,0,0,,,0,,,,"N",2,"A","-",21804,"A","N","A","H","-","A","D","0","Y","A","01",0,0,1,0,0,0,0,0,0,"-","-","DAVIS","YOLO","CA",0,0
"3267705",-121.758583155,38.5562057495,2007,"5701","0","6","3","09",0,1,"A",,,,,,1800,7,"D","C","A","ANDERSON RD","VILLANOVA DR",0,,"Y","2008-03-11",5701,"2007-07-07",1523,"48","5701","5","5","0","0",,"0","001","-","N",,0,0,,,0,,,,"Y",2,"A","-",21801,"A","N","A","H","-","A","A","0","Y","A","07",0,1,0,0,0,0,0,0,0,"-","-","DAVIS","YOLO","CA",0,0
"3270541",-121.741423151,38.5445861816,2007,"5701","0","6","2","00",0,1,"A",,"Y",,,"Y",300,7,"H","G","A","E ST","3RD ST",0,,"Y","2007-12-21",5701,"2007-07-07",51,"72","5701","5","5","0","0",,"0","002","-","N",,0,0,,,0,,,,"N",2,"D","-",0,,"F","A","H","-","C","D","0","Y","-","-",1,0,0,0,0,0,1,0,0,"-","-","DAVIS","YOLO","CA",0,0
"3277743",-121.685015935,38.5547294617,2007,"5701","0","1","4","11",0,1,"A","Y",,,,,1500,7,"G","B","D","CHILES RD","EL CEMONTE AV",2250,"E","N","2007-12-19",5701,"2007-07-16",1445,"49","9","5","5","0","0",,"0","004","-","N",,0,0,,,0,,,,"N",2,"A","-",21950,"B","N","A","H","-","A","A","0","Y","N","60",0,0,1,0,1,0,0,0,0,"-","-","DAVIS","YOLO","CA",0,0
"3278855",-121.746709756,38.6771469116,2007,"5703","0","5","4","03",0,1,"A",,,,,,1500,7,"C","C","A","EAST MAIN ST","PIONEER AV",90,"E","N","2007-12-29",5703,"2007-07-06",1330,"815","41","5","4","0","0",,"0","001","-","N",,0,0,,,0,,,,"Y",2,"A","-",22350,,"N","A","H","-","A","A","0","Y","A","01",0,0,1,0,0,0,0,0,0,"-","-","WOODLAND","YOLO","CA",0,0
"3278863",-121.792873869,38.6848602295,2007,"5703","0","1","3","11",0,1,"A","Y",,,,"Y",1500,7,"G","B","E","W BEAMER ST","COTTONWOOD ST",94,"E","N","2007-12-29",5703,"2007-07-16",1234,"876","64","5","4","0","0",,"0","002","-","N",,0,0,,,0,,,,"N",2,"A","-",21954,"A","N","A","H","-","A","D","0","Y","A","01",0,1,0,0,1,0,0,0,0,"-","-","WOODLAND","YOLO","CA",0,0
"3278867",-121.784293171,38.6583862305,2007,"5703","0","3","4","-",0,1,"A",,,,,,2100,7,"C","C","A","WEST ST","EL DORADO DR",0,,"Y","2007-12-29",5703,"2007-07-04",1916,"811","56","5","4","0","0",,"0","003","-","N",,0,0,,,0,,,,"Y",2,"A","-",0,,"N","A","H","-","A","A","0","Y","A","01",0,0,1,0,0,0,0,0,0,"-","-","WOODLAND","YOLO","CA",0,0
"3278871",-121.742383165,38.6627349854,2007,"5703","0","7","4","07",0,2,"A",,,,,,1800,7,"B","C","A","EAST GIBSON RD","PIONEER AV",0,,"Y","2007-12-29",5703,"2007-07-22",1728,"846","53","5","4","0","0",,"0","004","-","N",,0,0,,,0,,,,"Y",2,"A","-",21658,"A","N","A","H","-","A","D","0","Y","A","01",0,0,2,0,0,0,0,0,0,"-","-","WOODLAND","YOLO","CA",0,0
"3280265",-121.544193123,38.574945119,2007,"5704","2","2","3","08",0,1,"B",,,,,,1800,7,"F","A","A","RT 50","HARBOR BL",212,"E","N","2008-01-10",9280,"2007-07-10",1705,"01434",,"2","4","0","1",,"2","011","-","Y","YOL",3,50,"-","-",1.342,"R","2","E",,1,"A","-",22107,,"N","A","H","-","A","D","1","Y","A","08",0,1,0,0,0,0,0,0,0,"E","-","WEST SACRAMENTO","YOLO","CA",0,0
"3280285",-121.685654985,38.55511921,2007,"5701","1","1","4","03",0,1,"A",,,,,,1200,7,"C","C","A","RT 80","MACE BL",2112,"E","N","2008-01-10",9280,"2007-07-16",1025,"01426",,"1","5","0","1",,"2","010","-","Y","YOL",3,80,"-","-",3.08,"H","-","W",,2,"A","-",22350,,"N","A","H","-","A","D","1","Y","A","01",0,0,1,0,0,0,0,0,0,"-","-","DAVIS","YOLO","CA",0,0
"3280654",-121.689708439,38.5519485474,2007,"5701","0","1","3","03",0,1,"A",,,,,,2100,7,"A","E","A","GLIDE DR","EL CEMONTE AV",500,"E","N","2007-12-27",5701,"2007-07-16",1803,"49","9","5","5","0","0",,"0","004","-","N",,0,0,,,0,,,,"Y",4,"A","-",22350,,"N","A","H","-","A","A","0","Y","A","01",0,1,0,0,0,0,0,0,0,"-","-","DAVIS","YOLO","CA",0,0
"3281233",-121.560229886,38.580248508,2007,"5703","1","7","4","03",0,1,"A",,,,,,900,4,"E","I","A","RT 80","RT 84",7392,"W","N","2007-09-17",9280,"2007-04-29",640,"14262",,"1","4","0","1",,"2","010","-","Y","YOL",3,80,"-","R",10.61,"H","-","W","Y",2,"A","-",22350,,"N","A","H","-","A","D","1","Y","A","01",0,0,1,0,0,0,0,0,0,"-","-","WOODLAND","YOLO","CA",0,0
"3281780",-121.740793167,38.674475112,2007,"5703","0","5","4","03",0,3,"A",,,,,,1800,6,"C","C","A","EAST MAIN ST","RT 5",85,"W","N","2007-11-27",5703,"2007-06-29",1500,"815","21","5","4","0","0",,"0","001","-","Y","YOL",3,5,"-","-",6.238,"R","4","N","Y",3,"A","-",22350,,"N","A","H","-","A","A","0","Y","A","01",0,0,3,0,0,0,0,0,0,"-","N","WOODLAND","YOLO","CA",0,0
"3283533",0,0,2007,"5700","5","6","3","01",0,1,"A",,,,,"Y",600,4,"E","I","A","RUSSELL BL","COUNTY ROAD 93A",6,"W","N","2007-09-11",9280,"2007-04-28",420,"01442",,"3","9","0","3",,"2","003","-","N",,0,0,,,0,,,,"Y",1,"A","-",23152,"A","N","A","H","-","D","D","0","Y","A","07",0,1,0,0,0,0,0,0,0,"-","-","UNINCORPORATED","YOLO","CA",0,0
"3285363",-121.561110143,38.5557594299,2007,"5704","0","3","3","08",0,1,"A",,,,"Y",,2400,7,"B","C","A","SOUTHPORT PKWY","RAMCO ST",683,"N","N","2007-12-04",5704,"2007-07-04",2157,"00159",,"5","4","0","0",,"0","003","-","N",,0,0,,,0,,,,"Y",2,"A","-",22107,,"N","A","H","-","D","D","0","Y","-","-",0,1,0,0,0,0,0,0,0,"-","-","WEST SACRAMENTO","YOLO","CA",0,0
"3285449",-121.526543123,38.5911636353,2007,"5704","0","4","4","10",0,1,"A",,"Y",,,,1500,6,"G","G","A","KEGLE DR","FREMONT BL",0,,"Y","2007-11-14",5704,"2007-06-28",1426,"00114",,"5","4","0","0",,"0","001","-","N",,0,0,,,0,,,,"N",2,"A","-",21950,"A","N","A","H","-","A","A","0","Y","-","-",0,0,1,0,0,0,1,0,0,"-","-","WEST SACRAMENTO","YOLO","CA",0,0
"3285465",-121.713064797,38.548635406,2007,"5701","1","5","4","03",0,3,"A",,,,,,1800,6,"C","C","A","RT 80","MACE BL",5280,"W","N","2007-11-30",9280,"2007-06-29",1745,"01501",,"2","5","0","1",,"2","010","-","Y","YOL",3,80,"-","-",1.68,"H","-","E","N",2,"A","-",22350,,"N","A","H","-","A","D","1","Y","A","01",0,0,3,0,0,0,0,0,0,"-","-","DAVIS","YOLO","CA",0,0
"3285756",0,0,2007,"5704","0","2","3","17",0,2,"A",,,,,,2400,7,"D","C","A","HARBOR BL","RIVERPOINT CIR",0,,"Y","2008-01-07",5704,"2007-07-10",2340,"00165",,"5","4","0","0",,"0","001","-","N",,0,0,,,0,,,,"Y",2,"A","-",21451,"A","N","A","H","-","C","A","0","Y","-","-",0,1,1,0,0,0,0,0,0,"-","-","WEST SACRAMENTO","YOLO","CA",0,0
"3285760",-121.573133125,38.550983429,2007,"5704","0","7","4","05",0,1,"A",,,,,,300,7,"H","-","A","OATES ST","CARLIN DR",0,,"Y","2008-01-04",5704,"2007-07-15",217,"00190",,"5","4","0","0",,"0","003","-","N",,0,0,,,0,,,,"Y",1,"A","-",21650,,"N","A","H","-","C","A","0","Y","-","-",0,0,1,0,0,0,0,0,0,"-","-","WEST SACRAMENTO","YOLO","CA",0,0
"3285773",-121.548663125,38.5769233704,2007,"5704","0","7","4","12",0,1,"A",,,,,,1500,7,"B","C","A","HARBOR BL","EVERGREEN AV",0,,"Y","2008-01-07",5704,"2007-07-15",1249,"167",,"5","4","0","0",,"0","002","-","N",,0,0,,,0,,,,"Y",2,"A","-",21453,"A","N","A","H","-","A","A","0","Y","A","07",0,0,1,0,0,0,0,0,0,"-","-","WEST SACRAMENTO","YOLO","CA",0,0
"3291319",-121.778223173,38.6775054932,2007,"5703","0","3","4","12",0,1,"A",,,,,,2100,7,"D","C","A","MAIN ST","WALNUT ST",0,,"Y","2007-12-01",5703,"2007-07-25",1916,"829","42","5","4","0","0",,"0","003","-","N",,0,0,,,0,,,,"Y",2,"A","-",21453,"A","N","A","H","-","B","A","0","Y","A","01",0,0,1,0,0,0,0,0,0,"-","-","WOODLAND","YOLO","CA",0,0
"3291681",-121.742123151,38.547164917,2007,"5701","0","5","4","09",0,1,"A",,,,,,1800,7,"D","C","A","5TH ST","E ST",0,,"Y","2007-12-29",5701,"2007-07-20",1501,"15","5701","5","5","0","0",,"0","002","-","N",,0,0,,,0,,,,"Y",2,"A","-",21802,"A","N","A","H","-","A","A","0","Y","A","01",0,0,1,0,0,0,0,0,0,"-","-","DAVIS","YOLO","CA",0,0
"3291701",-121.746561907,38.5606918335,2007,"5701","0","3","4","03",0,2,"A",,,,,,2400,7,"C","C","A","COVELL BL","F ST",500,"W","N","2007-12-29",5701,"2007-07-04",2212,"79","5701","5","5","0","0",,"0","001","-","N",,0,0,,,0,,,,"Y",3,"A","-",22350,,"M","A","H","-","C","D","0","Y","A","01",0,0,2,0,0,0,0,0,0,"-","-","DAVIS","YOLO","CA",0,0
"3293077",0,0,2007,"5700","5","1","4","08",0,1,"A",,,,,,1500,6,"E","I","A","COUNTY LINE RD","COUNTY ROAD 85B",300,"W","N","2007-11-08",9280,"2007-06-18",1250,"01534",,"1","9","0","3",,"2","003","-","N",,0,0,,,0,,,,"Y",1,"A","-",22107,,"N","A","H","-","A","D","0","Y","D","22",0,0,1,0,0,0,0,0,0,"-","-","UNINCORPORATED","YOLO","CA",0,0
"3293081",-121.643641735,38.673489114,2007,"5700","1","4","3","07",0,3,"A",,,,,,2100,6,"C","C","A","RT 5","YOLO BYPASS",250,"N","N","2007-11-27",9280,"2007-06-14",1900,"01346",,"2","9","0","1",,"2","020","-","Y","YOL",3,5,"-","-",0.9,"H","-","N","Y",2,"A","-",21658,"A","N","A","H","-","A","D","1","Y","E","22",0,1,2,0,0,0,0,0,0,"-","-","UNINCORPORATED","YOLO","CA",0,0
"3293171",-121.678853101,38.5019111633,2007,"5700","5","7","3","01",0,1,"A",,,,,"Y",2400,7,"E","I","A","COUNTY ROAD 35","COUNTY ROAD 104",4752,"E","N","2007-11-30",9280,"2007-07-01",2200,"01512",,"3","9","0","3",,"2","001","-","N",,0,0,,,0,,,,"Y",1,"A","-",23152,"A","N","A","H","-","D","D","0","Y","D","22",0,1,0,0,0,0,0,0,0,"-","-","UNINCORPORATED","YOLO","CA",0,0
"3293175",-121.989666671,38.9006500244,2007,"5700","5","3","4","01",0,1,"A",,,,,"Y",2400,7,"E","I","A","COUNTY ROAD 88","COUNTY ROAD 4",1600,"N","N","2007-11-30",9280,"2007-07-11",2220,"01512",,"3","9","0","3",,"2","003","-","N",,0,0,,,0,,,,"Y",1,"A","-",23152,"A","N","A","H","-","D","D","0","Y","A","08",0,0,1,0,0,0,0,0,0,"-","-","UNINCORPORATED","YOLO","CA",0,0
"3293179",-121.766848757,38.602857716,2007,"5700","3","6","3","01",0,2,"A",,,,,"Y",2400,7,"E","I","A","RT 113","WILLOW SLOUGH BR",10,"N","N","2007-12-27",9280,"2007-07-14",2305,"01512",,"3","9","0","1",,"2","022","-","Y","YOL",3,113,"-","R",4.99,"H","-","N","N",1,"A","-",23152,"A","F","A","H","-","D","A","1","Y","A","01",0,2,0,0,0,0,0,0,0,"-","-","UNINCORPORATED","YOLO","CA",0,0
"3293187",0,0,2007,"5700","5","3","4","08",0,2,"A",,,,,,1800,7,"D","C","A","COUNTY ROAD 25A","COUNTY ROAD 99",2112,"W","N","2007-11-30",9280,"2007-07-11",1635,"01434",,"2","9","0","3",,"2","002","-","N",,0,0,,,0,,,,"N",2,"A","-",22107,,"N","A","H","-","A","D","0","Y","A","01",0,0,2,0,0,0,0,0,0,"-","-","UNINCORPORATED","YOLO","CA",0,0
"3293199",-121.933201928,38.8146858215,2007,"5700","5","6","2","08",0,1,"A",,,,,"Y",2400,7,"E","I","A","COUNTY ROAD 12A","COUNTY ROAD 90A",575,"E","N","2007-11-30",9280,"2007-07-07",2310,"01523",,"3","9","0","3",,"2","003","-","N",,0,0,,,0,,,,"Y",1,"A","-",22107,,"N","A","H","-","D","D","0","Y","A","01",1,0,0,0,0,0,0,0,0,"-","-","UNINCORPORATED","YOLO","CA",0,0
"3293522",-121.734763151,38.5528450012,2007,"5701","5","3","4","12",0,2,"A",,,,,,1500,6,"D","C","A","EAST 8TH ST","L ST",0,,"Y","2007-11-21",9280,"2007-06-27",1230,"01426",,"1","5","1","3",,"2","001","-","N",,0,0,,,0,,,,"N",2,"A","-",21453,"A","N","A","H","-","A","A","0","Y","H","13",0,0,2,0,0,0,0,0,0,"-","-","DAVIS","YOLO","CA",0,0
"3296905",-121.734763151,38.5528450012,2007,"5701","0","7","3","03",0,1,"A",,"Y",,,"Y",2400,7,"C","G","A","E 8TH ST","L ST",0,,"Y","2008-01-03",5701,"2007-07-22",2100,"83","5701","5","5","0","0",,"0","002","-","N",,0,0,,,0,,,,"N",2,"A","-",22350,,"F","A","H","-","C","A","0","Y","-","-",0,1,0,0,0,0,1,0,0,"-","-","DAVIS","YOLO","CA",0,0
"3297883",-121.752742891,38.6771850586,2007,"5703","0","6","4","03",0,1,"A",,,,,,1200,7,"C","C","A","EAST MAIN ST","INDUSTRIAL WY",80,"E","N","2007-12-07",5703,"2007-07-28",1152,"812","41","5","4","0","0",,"0","001","-","N",,0,0,,,0,,,,"N",2,"A","-",22350,,"M","A","H","-","A","A","0","Y","A","01",0,0,1,0,0,0,0,0,0,"-","-","WOODLAND","YOLO","CA",0,0
"3297895",-121.778153173,38.6799163818,2007,"5703","0","1","3","08",0,1,"A","Y",,,,"Y",2400,7,"G","B","B","NORTH ST","WALNUT ST",0,,"Y","2007-12-07",5703,"2007-07-30",2345,"875","42","5","4","0","0",,"0","002","-","N",,0,0,,,0,,,,"Y",2,"A","-",22107,,"F","A","H","-","C","A","0","Y","D","22",0,1,0,0,1,0,0,0,0,"-","-","WOODLAND","YOLO","CA",0,0