"CASEID","POINT_X","POINT_Y","YEAR_","LOCATION","CHPTYPE","DAYWEEK","CRASHSEV","VIOLCAT","KILLED","INJURED","WEATHER1","PEDCOL","BICCOL","MCCOL","TRUCKCOL","ETOH","TIMECAT","MONTH_","CRASHTYP","INVOLVE","PED","PRIMARYRD","SECONDRD","DISTANCE","DIRECT","INTERSECT_","PROCDATE","JURIS","DATE_","TIME_","BADGE","JURIDIST","SHIFT","POP","SPECIAL","BEATTYPE","LAPDDIV","BEATCLAS","BEATNUMB","WEATHER2","STATEHW","CALTRANC","CALTRAND","STROUTE","ROUTESUF","POSTPRE","POSTMILE","LOCATYPE","RAMP","SIDEHW","TOWAWAY","PARTIES","PCF","VIOLCODE","VIOL","VIOLSUB","HITRUN","ROADSURF","RDCOND1","RDCOND2","LIGHTING","RIGHTWAY","CHPRDTYP","NOTPRIV","STFAULT","CHPFAULT","SEVINJ","OTHERINJ","COP","PEDKILL","PEDINJ","BICKILL","BICINJ","MCKILL","MCINJURE","RAMP1","RAMP2","CITY","COUNTY","STATE","X_CHP","Y_CHP"
"3333949",-121.758573156,38.5608863831,2007,"5701","0","6","4","17",0,1,"A",,"Y",,,,900,8,"H","G","A","COVELL BL","ANDERSON RD",0,,"Y","2008-01-24",5701,"2007-08-11",750,"77","5701","5","5","0","0",,"0","001","-","N",,0,0,,,0,,,,"N",2,"A","-",21451,"A","N","A","H","-","A","A","0","Y","D","22",0,0,1,0,0,0,1,0,0,"-","-","DAVIS","YOLO","CA",0,0
"3335088",0,0,2007,"5700","4","3","4","03",0,1,"A",,,,,,1800,8,"F","A","A","COUNTY ROAD 102","COUNTY ROAD 14",153,"N","N","2008-01-30",9280,"2007-08-15",1545,"01549",,"2","9","0","2",,"1","021","-","N",,0,0,,,0,,,,"Y",1,"A","-",22350,,"N","A","H","-","A","D","0","Y","A","07",0,0,1,0,0,0,0,0,0,"-","-","UNINCORPORATED","YOLO","CA",0,0
"3335092",-121.536582706,38.4259986877,2007,"5700","5","7","2","08",0,1,"A",,,,,,1500,8,"E","I","A","WILLOW POINT RD","WILLOW AV",195,"W","N","2008-01-30",9280,"2007-08-26",1430,"01323",,"2","9","0","3",,"2","001","-","N",,0,0,,,0,,,,"Y",1,"A","-",22107,,"N","A","H","-","A","D","0","Y","A","01",1,0,0,0,0,0,0,0,0,"-","-","UNINCORPORATED","YOLO","CA",0,0
"3335096",0,0,2007,"5700","5","5","4","03",0,1,"A",,,,,,1800,8,"C","C","A","OLD RIVER RD","COUNTY ROAD 127",2,"S","N","2008-01-30",9280,"2007-08-24",1639,"01692",,"2","9","0","3",,"2","001","-","N",,0,0,,,0,,,,"Y",2,"A","-",22350,,"N","A","H","-","A","D","0","Y","A","01",0,0,1,0,0,0,0,0,0,"-","-","UNINCORPORATED","YOLO","CA",0,0
"3335104",0,0,2007,"5700","5","1","4","08",0,1,"A",,,,,,1200,8,"F","A","A","COUNTY ROAD 25A","COUNTY ROAD 99",3168,"E","N","2008-01-30",9280,"2007-08-20",1045,"01227",,"1","9","0","3",,"2","002","-","N",,0,0,,,0,,,,"Y",1,"A","-",22107,,"N","A","D","-","A","D","0","Y","A","01",0,0,1,0,0,0,0,0,0,"-","-","UNINCORPORATED","YOLO","CA",0,0
"3335125",0,0,2007,"5700","5","2","3","01",0,1,"A",,,,,"Y",2100,8,"E","I","A","RUSSELL RD","COUNTY ROAD 93A",1584,"E","N","2008-01-30",9280,"2007-08-21",1810,"01323",,"2","9","0","3",,"2","003","-","N",,0,0,,,0,,,,"Y",1,"A","-",23152,"A","N","A","H","-","A","D","0","Y","A","01",0,1,0,0,0,0,0,0,0,"-","-","UNINCORPORATED","YOLO","CA",0,0
"3335129",-121.557423127,38.584405119,2007,"5704","1","6","4","03",0,1,"A",,,,,,1500,8,"C","C","A","RT 80","REED AV",2112,"W","N","2008-02-11",9280,"2007-08-11",1325,"01602",,"1","4","0","1",,"2","010","-","Y","YOL",3,80,"-","R",10.81,"H","-","W","Y",2,"A","-",22350,,"N","A","H","-","A","D","1","Y","A","01",0,0,1,0,0,0,0,0,0,"-","-","WEST SACRAMENTO","YOLO","CA",0,0
"3335133",-121.738545395,38.537502005,2007,"5701","1","1","4","03",0,2,"A",,,,,,1800,8,"C","C","A","RT 80","RICHARDS BL",528,"W","N","2008-02-11",9280,"2007-08-06",1715,"01692",,"2","5","0","1",,"2","010","-","Y","YOL",3,80,"-","-",0.13,"H","-","E","N",4,"A","-",22350,,"N","A","H","-","A","D","1","Y","A","01",0,0,2,0,0,0,0,0,0,"-","-","DAVIS","YOLO","CA",0,0
"3335145",-121.649240366,38.561428847,2007,"5700","1","4","4","03",0,1,"A",,,,,,900,8,"C","C","A","RT 80","WEBER ST",2640,"W","N","2008-02-11",9280,"2007-08-09",742,"01242",,"1","9","0","1",,"2","010","-","Y","YOL",3,80,"-","-",5.28,"H","-","E","Y",2,"A","-",22350,,"N","A","H","-","A","D","1","Y","A","01",0,0,1,0,0,0,0,0,0,"-","-","UNINCORPORATED","YOLO","CA",0,0
"3335252",-121.563256518,38.575580929,2007,"5704","2","6","4","08",0,3,"A",,,,,,1500,8,"D","C","A","RT 50","RT 80",1584,"E","N","2008-02-06",9280,"2007-08-18",1345,"01346",,"1","4","0","1",,"2","011","-","Y","YOL",3,50,"-","-",0.3,"H","-","W","Y",2,"A","-",22107,,"N","A","C","H","A","D","1","Y","A","01",0,0,3,0,0,0,0,0,0,"-","-","WEST SACRAMENTO","YOLO","CA",0,0
"3335256",0,0,2007,"5700","4","4","3","05",0,4,"A",,,,,,1500,8,"E","I","A","COUNTY ROAD 102","KENTUCKY AV",0,,"Y","2008-01-26",9280,"2007-08-09",1400,"01242",,"2","9","0","2",,"1","021","-","N",,0,0,,,0,,,,"Y",1,"A","-",21752,"D","N","A","H","-","A","D","0","Y","D","22",0,4,0,0,0,0,0,0,0,"-","-","UNINCORPORATED","YOLO","CA",0,0
"3335260",0,0,2007,"5700","5","2","3","12",0,1,"A",,"Y",,,,1800,8,"D","C","A","RUSSELL BL","COUNTY ROAD 95A",0,,"Y","2008-01-26",9280,"2007-08-14",1746,"14120",,"2","9","0","3",,"2","002","-","N",,0,0,,,0,,,,"N",2,"A","-",22450,"A","N","A","H","-","A","A","0","Y","L","04",0,1,0,0,0,0,1,0,0,"T","-","UNINCORPORATED","YOLO","CA",0,0
"3336306",0,0,2007,"5700","5","2","3","08",0,1,"A",,,,"Y",,2400,8,"E","I","A","COUNTY ROAD 16","COUNTY ROAD 116B",110,"W","N","2008-01-15",9280,"2007-08-14",2340,"01534",,"3","9","0","3",,"2","002","-","N",,0,0,,,0,,,,"Y",1,"A","-",22107,,"N","A","D","-","D","D","0","Y","G","25",0,1,0,0,0,0,0,0,0,"-","-","UNINCORPORATED","YOLO","CA",0,0
"3336333",-121.788645141,38.6788024902,2007,"5703","0","4","4","03",0,1,"A",,,,"Y",,1200,8,"C","C","A","CALIFORNIA ST","W COURT ST",34,"S","N","2008-01-29",5703,"2007-08-16",1140,"815","52","5","4","0","0",,"0","002","-","N",,0,0,,,0,,,,"N",2,"A","-",22350,,"N","A","A","-","A","A","0","Y","F","86",0,0,1,0,0,0,0,0,0,"-","-","WOODLAND","YOLO","CA",0,0
"3336671",-121.577915423,38.574082961,2007,"5704","1","1","4","08",0,1,"A",,,,,,2400,8,"E","I","A","RT 80","ENTERPRISE BL",528,"W","N","2008-02-25",9280,"2007-08-20",2115,"01392",,"2","4","0","1",,"2","010","-","Y","YOL",3,80,"-","-",9.08,"H","-","E","Y",1,"A","-",22107,,"N","A","H","-","D","D","1","Y","D","22",0,0,1,0,0,0,0,0,0,"-","-","WEST SACRAMENTO","YOLO","CA",0,0
"3336675",-122.074897487,38.7068081191,2007,"5700","3","2","4","08",0,1,"A",,,,,,2100,8,"E","I","A","RT 16","COUNTY ROAD 82",8976,"E","N","2008-02-20",9280,"2007-08-28",1850,"01346",,"2","9","0","1",,"2","034","-","Y","YOL",3,16,"-","-",24.2,"H","-","E","Y",1,"A","-",22107,,"N","A","H","-","A","D","0","Y","A","07",0,0,1,0,0,0,0,0,0,"-","-","UNINCORPORATED","YOLO","CA",0,0
"3336679",-121.731813149,38.543015102,2007,"5701","1","3","3","03",0,1,"A",,,,,"Y",2400,8,"D","C","A","RT 80","RICHARDS BL",1320,"E","N","2008-02-25",9280,"2007-08-29",2328,"01501",,"3","5","0","1",,"2","010","-","Y","YOL",3,80,"-","-",0.46,"H","-","E","Y",2,"A","-",22350,,"N","A","H","-","C","D","1","Y","A","01",0,1,0,0,0,0,0,0,0,"-","-","DAVIS","YOLO","CA",0,0
"3336683",-121.949780136,38.857214835,2007,"5700","1","4","3","08",0,1,"A",,,,,,300,8,"F","A","A","RT 5","ROAD 8",1584,"S","N","2008-02-20",9280,"2007-08-30",17,"01512",,"3","9","0","1",,"2","020","-","Y","YOL",3,5,"-","R",23.49,"H","-","S","Y",1,"A","-",22107,,"N","A","H","-","D","D","1","Y","A","01",0,1,0,0,0,0,0,0,0,"-","-","UNINCORPORATED","YOLO","CA",0,0
"3336687",-121.576923789,38.574488414,2007,"5704","1","5","4","03",0,2,"A",,,,,,1800,8,"C","C","A","RT 80","WEST CAPITOL AV",1056,"W","N","2008-02-25",9280,"2007-08-24",1640,"01392",,"2","4","0","1",,"2","010","-","Y","YOL",3,80,"-","R",9.96,"H","-","W","N",2,"A","-",22350,,"N","A","H","-","A","D","1","Y","D","22",0,0,2,0,0,0,0,0,0,"-","-","WEST SACRAMENTO","YOLO","CA",0,0
"3337123",-121.527574457,38.563659668,2007,"5704","0","6","4","03",0,2,"A",,,,,,1500,8,"C","C","A","JEFFERSON BL","STONE BL",200,"N","N","2008-01-19",5704,"2007-08-18",1330,"00160",,"5","4","0","0",,"0","002","-","N",,0,0,,,0,,,,"Y",3,"A","-",22350,,"N","A","H","-","A","A","0","Y","-","-",0,0,2,0,0,0,0,0,0,"-","-","WEST SACRAMENTO","YOLO","CA",0,0
"3337151",-121.526393122,38.5829162598,2007,"5704","0","2","4","05",0,1,"A",,"Y",,,,1200,8,"-","G","A","JEFFERSON BL","MICHIGAN BL",0,,"Y","2008-01-19",5704,"2007-08-28",930,"00111",,"5","4","0","0",,"0","002","-","N",,0,0,,,0,,,,"N",2,"A","-",21650,"1","N","A","H","-","A","A","0","Y","L","04",0,0,1,0,0,0,1,0,0,"-","-","WEST SACRAMENTO","YOLO","CA",0,0
"3337159",-121.518763119,38.57395512,2007,"5704","0","3","4","03",0,1,"A",,,,,,1200,8,"C","C","A","JEFFERSON BL","RT 50",30,"N","N","2008-01-31",5704,"2007-08-22",930,"00161",,"5","4","0","0",,"0","002","-","Y","YOL",3,50,"-","-",2.812,"R","4","W","N",3,"A","-",22350,,"N","A","H","-","A","A","0","Y","A","07",0,0,1,0,0,0,0,0,0,"-","-","WEST SACRAMENTO","YOLO","CA",0,0
"3338833",-121.766245071,38.6774253845,2007,"5703","0","2","4","03",0,2,"A",,,,,,1800,8,"C","C","A","EAST MAIN ST","EAST ST",229,"E","N","2008-01-29",5703,"2007-08-07",1655,"811","22","5","4","0","0",,"0","001","-","N",,0,0,,,0,,,,"N",3,"A","-",22350,,"N","A","H","-","A","D","0","Y","A","01",0,0,2,0,0,0,0,0,0,"-","-","WOODLAND","YOLO","CA",0,0
"3343022",-121.701434494,38.551282333,2007,"5701","1","3","4","03",0,2,"A",,,,,,1800,7,"C","C","A","RT 80","MACE BL",1475,"W","N","2007-12-24",9280,"2007-07-25",1650,"01507",,"2","5","0","1",,"2","010","-","Y","YOL",3,80,"-","-",2.41,"H","-","E","Y",2,"A","-",22350,,"N","A","H","-","A","D","1","Y","A","01",0,0,2,0,0,0,0,0,0,"-","-","DAVIS","YOLO","CA",0,0
"3343126",-121.701434494,38.551282333,2007,"5701","1","3","4","03",0,1,"A",,,,,,1800,7,"C","C","A","RT 80","MACE BL",1400,"W","N","2008-03-13",9280,"2007-07-25",1649,"01507",,"2","5","0","1",,"2","010","-","Y","YOL",3,80,"-","-",2.41,"H","-","E","N",2,"A","-",22350,,"N","A","H","-","A","D","1","Y","A","08",0,0,1,0,0,0,0,0,0,"-","-","DAVIS","YOLO","CA",0,0
"3343196",-121.625867393,38.565597368,2007,"5700","1","1","4","08",0,2,"A",,,,,,1500,8,"E","I","A","RT 80","WEBSTER ST",3696,"E","N","2008-02-29",9280,"2007-08-06",1315,"01602",,"1","9","0","1",,"2","010","-","Y","YOL",3,80,"-","-",6.5,"H","-","E","Y",1,"A","-",22107,,"N","A","H","-","A","D","1","Y","A","01",0,0,2,0,0,0,0,0,0,"-","-","UNINCORPORATED","YOLO","CA",0,0
"3343197",-121.963683581,38.6812482338,2007,"5700","3","5","4","03",0,3,"A",,,,,,1800,8,"C","C","A","RT 16","COUNTY ROAD 90",2000,"W","N","2008-02-19",9280,"2007-08-03",1735,"01512",,"2","9","0","1",,"2","034","-","Y","YOL",3,16,"-","-",31.3,"H","-","W","Y",2,"A","-",22350,,"N","A","H","-","A","D","0","Y","A","01",0,0,3,0,0,0,0,0,0,"-","-","UNINCORPORATED","YOLO","CA",0,0
"3343705",-121.966295143,38.526624245,2007,"5702","0","1","4","08",0,1,"A",,,"Y",,,1800,6,"D","C","A","RT 128","DUTTON ST",19,"W","N","2007-11-26",5702,"2007-06-18",1508,"531","5702","5","2","0","0",,"0","00B","-","Y","YOL",3,128,"-","-",8.906,"I","5","W","N",2,"A","-",22107,,"N","A","H","-","A","A","0","Y","A",,0,0,1,0,0,0,0,0,1,"-","-","WINTERS","YOLO","CA",0,0
"3348175",-121.744556904,38.5440406799,2007,"5701","0","2","4","00",0,1,"A",,"Y",,,,1200,8,"H","A","A","3RD ST","B ST",40,"E","N","2008-01-11",5701,"2007-08-07",1112,"85","5701","5","5","0","0",,"0","002","-","N",,0,0,,,0,,,,"N",1,"D","-",0,,"N","A","H","-","A","A","0","Y","-","-",0,0,1,0,0,0,1,0,0,"-","-","DAVIS","YOLO","CA",0,0
"3348183",0,0,2007,"5701","0","4","3","00",0,1,"A",,"Y",,,"Y",1500,8,"H","A","A","2ND ST","CANTRILL DR",2112,"W","N","2008-01-11",5701,"2007-08-09",1359,"83","5701","5","5","0","0",,"0","003","-","N",,0,0,,,0,,,,"N",1,"D","-",0,,"N","A","H","-","A","D","0","Y","-","-",0,1,0,0,0,0,1,0,0,"-","-","DAVIS","YOLO","CA",0,0
"3348187",-121.764347732,38.5607643127,2007,"5701","0","2","4","03",0,2,"A",,,,,,1500,8,"C","C","A","COVELL BL","SYCAMORE",150,"W","N","2008-01-14",5701,"2007-08-07",1308,"85","5701","5","5","0","0",,"0","001","-","N",,0,0,,,0,,,,"N",2,"A","-",22350,,"N","A","D","-","A","A","0","Y","A","08",0,0,2,0,0,0,0,0,0,"-","-","DAVIS","YOLO","CA",0,0
"3349320",-121.725966532,38.545698112,2007,"5704","1","2","3","07",0,2,"A",,,,,,1500,8,"B","C","A","RT 80","POLE LINE RD",112,"W","N","2008-04-03",9280,"2007-08-14",1437,"01392",,"2","4","0","1",,"2","010","-","Y","YOL",3,80,"-","-",0.87,"H","-","E","Y",3,"A","-",21658,"A","N","A","H","-","A","D","1","Y","A","01",0,1,1,0,0,0,0,0,0,"-","-","WEST SACRAMENTO","YOLO","CA",0,0
"3349348",-122.016287096,38.695498251,2007,"5700","3","5","4","12",0,2,"A",,,,,,900,8,"D","C","A","RT 16","RT 16 26600",0,,"Y","2008-02-14",9280,"2007-08-31",725,"01227",,"1","9","0","1",,"2","034","-","Y","YOL",3,16,"-","-",27.821,"I","5","E","Y",2,"A","-",22450,"A","N","A","H","-","A","A","0","Y","A","01",0,0,2,0,0,0,0,0,0,"-","-","UNINCORPORATED","YOLO","CA",0,0
"3349352",-121.585087613,38.342624863,2007,"5700","3","3","4","12",0,1,"A",,,,,,900,8,"D","C","A","RT 84","COURTLAND RD",0,,"Y","2008-02-15",9280,"2007-08-29",630,"01227",,"1","9","0","1",,"2","013","-","Y","YOL",3,84,"-","-",4.57,"I","5","S","Y",2,"A","-",22450,"A","N","A","H","-","B","A","0","Y","D","22",0,0,1,0,0,0,0,0,0,"-","-","UNINCORPORATED","YOLO","CA",0,0
"3350636",-122.041641841,38.507041364,2007,"5700","3","7","1","09",1,0,"A",,,"Y",,,1500,3,"D","C","A","RT 128","FISHING AREA #5",15,"W","N","2007-10-01",9280,"2007-03-11",1313,"01339",,"1","9","0","1",,"2","032","-","Y","YOL",3,128,"-","-",3.33,"H","-","E","N",2,"A","-",21804,"A","N","A","H","-","A","A","0","Y","A","01",0,0,0,0,0,0,0,1,0,"-","-","UNINCORPORATED","YOLO","CA",0,0
"3350866",0,0,2007,"5700","5","7","4","01",0,1,"A",,,,,"Y",1800,9,"E","I","A","COUNTY ROAD 116B","COUNTY ROAD 116",7920,"S","N","2008-02-23",9280,"2007-09-02",1730,"01501",,"2","9","0","3",,"2","002","-","N",,0,0,,,0,,,,"Y",1,"A","-",23152,"A","F","A","H","-","A","D","0","Y","A","07",0,0,1,0,0,0,0,0,0,"-","-","UNINCORPORATED","YOLO","CA",0,0
"3350870",-121.959965998,38.6807291628,2007,"5700","3","7","4","03",0,2,"A",,,,,,1500,9,"C","C","A","RT 16","COUNTY ROAD 90",528,"W","N","2008-02-29",9280,"2007-09-02",1441,"01692",,"2","9","0","1",,"2","034","-","Y","YOL",3,16,"-","-",31.58,"H","-","W","Y",3,"A","-",22350,,"N","A","H","-","A","D","0","Y","D","22",0,0,2,0,0,0,0,0,0,"-","-","UNINCORPORATED","YOLO","CA",0,0
"3350953",-122.032478153,38.496021937,2007,"5700","3","7","2","08",0,1,"A",,,"Y",,,1200,9,"B","C","A","RT 128","MPM 4.25",50,"W","N","2008-02-28",9280,"2007-09-09",1050,"01426",,"1","9","0","1",,"2","032","-","Y","YOL",3,128,"-","-",4.24,"H","-","W","N",2,"A","-",22107,,"N","A","H","-","A","D","0","Y","C","02",1,0,0,0,0,0,0,0,1,"-","-","UNINCORPORATED","YOLO","CA",0,0
"3350957",-121.596476712,38.571029068,2007,"5700","1","7","2","01",0,2,"A",,,,,"Y",300,9,"C","C","A","RT 80","ENTERPRISE BL",5280,"W","N","2008-03-10",9280,"2007-09-02",15,"01227",,"3","9","0","1",,"2","010","-","Y","YOL",3,80,"-","-",8.18,"H","-","W","Y",2,"A","-",23153,"A","N","A","H","-","D","D","1","Y","A","07",1,1,0,0,0,0,0,0,0,"-","-","UNINCORPORATED","YOLO","CA",0,0
"3350964",-122.065339889,38.515775868,2007,"5700","3","6","1","08",1,0,"A",,,"Y",,,1500,9,"E","I","A","RT 128","POSITAS RD",12672,"E","N","2008-04-28",9280,"2007-09-08",1350,"01519",,"1","9","0","1",,"2","032","-","Y","YOL",3,128,"-","-",1.75,"H","-","W","Y",1,"A","-",22107,,"N","A","H","-","A","D","0","Y","C","02",0,0,0,0,0,0,0,1,0,"-","-","UNINCORPORATED","YOLO","CA",0,0
"3350979",-121.735774404,38.540105237,2007,"5701","1","7","3","22",0,3,"A",,,,,,1500,9,"C","C","A","RT 80","RICHARDS BL",150,"W","N","2008-03-17",9280,"2007-09-09",1320,"01512",,"1","5","0","1",,"2","010","-","Y","YOL",3,80,"-","-",0.2,"H","-","W","Y",2,"B","-",0,,"N","A","H","-","A","D","1","Y","A","01",0,2,1,0,0,0,0,0,0,"-","-","DAVIS","YOLO","CA",0,0
"3350983",-121.905973829,38.821066604,2007,"5700","1","5","3","08",0,1,"A",,,,,,900,9,"F","A","A","RT 5","COUNTY ROAD 12",5808,"N","N","2008-03-03",9280,"2007-09-07",810,"01541",,"1","9","0","1",,"2","030","-","Y","YOL",3,5,"-","R",19.97,"H","-","N","Y",1,"A","-",22107,,"N","A","H","-","A","D","1","Y","D","22",0,1,0,0,0,0,0,0,0,"-","-","UNINCORPORATED","YOLO","CA",0,0
"3351009",0,0,2007,"5700","5","2","3","08",0,1,"A",,,,,,900,9,"F","A","A","COUNTY ROAD 26","COUNTY ROAD 90A",7920,"E","N","2008-02-27",9280,"2007-09-04",725,"01549",,"1","9","0","3",,"2","003","-","N",,0,0,,,0,,,,"Y",1,"A","-",22107,,"N","A","H","-","A","D","0","Y","A","01",0,1,0,0,0,0,0,0,0,"-","-","UNINCORPORATED","YOLO","CA",0,0
"3351039",-121.693676571,38.673768607,2007,"5700","1","7","3","08",0,1,"A",,,,,,1800,9,"E","I","A","RT 5","COUNTY ROAD 103",4224,"S","N","2008-03-03",9280,"2007-09-09",1705,"01392",,"2","9","0","1",,"2","020","-","Y","YOL",3,5,"-","-",3.68,"H","-","N","Y",1,"A","-",22107,,"N","A","H","-","A","D","1","Y","A","01",0,1,0,0,0,0,0,0,0,"-","-","UNINCORPORATED","YOLO","CA",0,0
"3351057",0,0,2007,"5700","5","5","3","12",0,2,"A",,,,,,1500,8,"E","I","A","COUNTY ROAD 25A","EAST ST",255,"E","N","2008-02-04",9280,"2007-08-31",1310,"01359",,"1","9","0","3",,"2","002","-","N",,0,0,,,0,,,,"N",1,"A","-",22450,"A","N","A","H","-","A","A","0","Y","A","01",0,1,1,0,0,0,0,0,0,"-","-","UNINCORPORATED","YOLO","CA",0,0
"3351078",-121.851231875,38.5467376709,2007,"5700","5","1","4","03",0,1,"A",,,"Y",,,2100,8,"D","C","A","RUSSELL BL","COUNTY ROAD 95",2640,"E","N","2008-02-04",9280,"2007-08-27",2050,"01692",,"2","9","0","3",,"2","002","-","N",,0,0,,,0,,,,"N",2,"A","-",22350,,"N","A","H","-","D","D","0","Y","C","02",0,0,1,0,0,0,0,0,1,"-","-","UNINCORPORATED","YOLO","CA",0,0
"3351215",-121.766745252,38.608792088,2007,"5700","3","7","2","01",0,2,"A",,,,,"Y",1500,8,"A","C","A","RT 113","COUNTY ROAD 27",3168,"S","N","2008-02-04",9280,"2007-08-19",1324,"01287",,"1","9","0","1",,"2","022","-","Y","YOL",3,113,"-","R",5.45,"H","-","N","Y",2,"A","-",23152,"A","N","A","H","-","A","D","1","Y","A","01",2,0,0,0,0,0,0,0,0,"-","-","UNINCORPORATED","YOLO","CA",0,0
"3351235",-121.736819873,38.53919357,2007,"5701","1","5","3","08",0,1,"A",,,,,,900,8,"E","I","A","RT 80","RICHARDS BL",629,"W","N","2008-02-11",9280,"2007-08-31",815,"01359",,"1","5","0","1",,"2","010","-","Y","YOL",3,80,"-","-",0.11,"H","-","W","Y",1,"A","-",22107,,"N","A","H","-","A","D","1","Y","A","01",0,1,0,0,0,0,0,0,0,"-","-","DAVIS","YOLO","CA",0,0
"3352856",-121.741373151,38.548614502,2007,"5701","0","2","3","09",0,2,"A",,,,,,1800,8,"D","C","A","F ST","6TH ST",0,,"Y","2008-01-11",5701,"2007-08-21",1652,"15","5701","5","5","0","0",,"0","002","-","N",,0,0,,,0,,,,"Y",2,"A","-",21802,"A","N","A","H","-","A","A","0","Y","A","01",0,1,1,0,0,0,0,0,0,"-","-","DAVIS","YOLO","CA",0,0
"3352860",-121.699503145,38.551935105,2007,"5701","0","3","4","03",0,1,"A",,,,,,1500,8,"C","C","A","MACE BL","RT 80",15,"N","N","2008-02-11",5701,"2007-08-29",1212,"67","7","5","5","0","0",,"0","003","-","Y","YOL",3,80,"-","-",2.475,"R","4","W","Y",2,"A","-",22350,,"N","A","H","-","A","A","0","Y","A","01",0,0,1,0,0,0,0,0,0,"-","W","DAVIS","YOLO","CA",0,0
"3356714",-121.576595631,38.574537948,2007,"5704","1","4","2","08",0,2,"A",,,,,,2400,8,"F","A","A","RT 80","ENTERPRISE BL",19,"W","N","2008-02-11",9280,"2007-08-02",2120,"01434",,"2","4","0","1",,"2","010","-","Y","YOL",3,80,"-","-",9.2,"H","-","W","Y",1,"A","-",22107,,"N","A","H","-","C","D","1","Y","A","07",2,0,0,0,0,0,0,0,0,"-","-","WEST SACRAMENTO","YOLO","CA",0,0
"3357317",-121.802473178,38.6921451097,2007,"5703","3","1","3","03",0,1,"A",,,,,,900,9,"C","C","A","COUNTY ROAD 20","RT 16",203,"W","N","2008-04-10",9280,"2007-09-17",745,"01426",,"1","4","0","1",,"1","024","-","Y","YOL",3,16,"-","R",41.556,"I","6","W","Y",2,"A","-",22350,,"N","A","H","-","A","A","0","Y","D","22",0,1,0,0,0,0,0,0,0,"E","-","WOODLAND","YOLO","CA",0,0
"3358405",-121.966738343,38.6816651926,2007,"5700","3","2","4","01",0,1,"A",,,,"Y","Y",1200,9,"B","C","A","RT 16","COUNTY ROAD 89",195,"E","N","2008-03-07",9280,"2007-09-11",1135,"01541",,"1","9","0","1",,"2","034","-","Y","YOL",3,16,"-","-",31.07,"H","-","W","Y",2,"A","-",23152,"A","N","A","H","-","A","D","0","Y","A","01",0,0,1,0,0,0,0,0,0,"-","-","UNINCORPORATED","YOLO","CA",0,0
"3360205",-121.701912853,38.551175271,2007,"5701","1","4","4","08",0,1,"A",,,,,,2400,7,"E","I","A","RT 80","MACE BL",1584,"W","N","2008-01-03",9280,"2007-07-26",2120,"01512",,"2","5","0","1",,"2","010","-","Y","YOL",3,80,"-","-",2.38,"H","-","E","Y",2,"A","-",22107,,"N","A","H","-","D","D","1","Y","A","01",0,0,1,0,0,0,0,0,0,"-","-","DAVIS","YOLO","CA",0,0
"3360567",0,0,2007,"5703","0","4","3","06",0,1,"A",,,,"Y",,900,9,"D","C","A","EAST MAIN ST","HOME DEPOT WY",565,"E","N","2008-02-25",5703,"2007-09-13",800,"885","71","5","4","0","0",,"0","004","-","N",,0,0,,,0,,,,"Y",2,"A","-",21755,,"N","A","H","-","A","D","0","Y","A","01",0,1,0,0,0,0,0,0,0,"-","-","WOODLAND","YOLO","CA",0,0
"3361393",-121.710048969,38.549550497,2007,"5701","1","6","3","08",0,1,"A",,,,"Y",,300,9,"C","C","A","RT 80","DAVE PELZ BICYCLE",528,"W","N","2008-03-17",9280,"2007-09-15",39,"01692",,"3","5","0","1",,"2","010","-","Y","YOL",3,80,"-","-",1.82,"H","-","W","Y",2,"A","-",22107,,"N","A","H","-","D","D","1","Y","A","01",0,1,0,0,0,0,0,0,0,"-","-","DAVIS","YOLO","CA",0,0
"3363697",-121.576985346,38.574479123,2007,"5701","1","6","2","01",0,2,"A",,,,,"Y",1500,9,"E","I","A","RT 80","POLE LINE RD",3696,"W","N","2008-03-18",9280,"2007-09-08",1210,"01426",,"1","5","0","1",,"2","010","-","Y","YOL",3,80,"-","-",9.19,"H","-","W","Y",2,"A","-",23152,"A","N","A","H","-","A","D","1","Y","A","01",1,0,1,0,0,0,0,0,0,"-","-","DAVIS","YOLO","CA",0,0
"3365477",-121.530651787,38.5784263611,2007,"5704","0","2","4","03",0,1,"A",,,,,,900,9,"C","C","A","WESTACRE RD","WILLOW AV",12,"W","N","2008-02-29",5704,"2007-09-11",825,"00102",,"5","4","0","0",,"0","002","-","N",,0,0,,,0,,,,"N",2,"A","-",22350,,"M","A","H","-","A","A","0","Y","-","-",0,0,1,0,0,0,0,0,0,"-","-","WEST SACRAMENTO","YOLO","CA",0,0
"3365485",-121.513683121,38.591594696,2007,"5704","0","4","4","06",0,1,"A",,,,,,2100,9,"B","C","A","6TH ST","A ST",0,,"Y","2008-02-29",5704,"2007-09-13",1846,"00158",,"5","4","0","0",,"0","001","-","N",,0,0,,,0,,,,"N",2,"A","-",21754,,"N","A","H","-","A","D","0","Y","-","-",0,0,1,0,0,0,0,0,0,"-","-","WEST SACRAMENTO","YOLO","CA",0,0
"3366832",-121.741694869,38.5458679199,2007,"5701","0","4","3","21",0,1,"A",,"Y",,,,1800,8,"H","G","A","4TH ST","E ST",20,"E","N","2008-01-31",5701,"2007-08-23",1602,"49","4","5","5","0","0",,"0","002","-","N",,0,0,,,0,,,,"N",2,"A","-",22106,,"N","A","H","-","A","A","0","Y","A","01",0,1,0,0,0,0,1,0,0,"-","-","DAVIS","YOLO","CA",0,0