"CASEID","POINT_X","POINT_Y","YEAR_","LOCATION","CHPTYPE","DAYWEEK","CRASHSEV","VIOLCAT","KILLED","INJURED","WEATHER1","PEDCOL","BICCOL","MCCOL","TRUCKCOL","ETOH","TIMECAT","MONTH_","CRASHTYP","INVOLVE","PED","PRIMARYRD","SECONDRD","DISTANCE","DIRECT","INTERSECT_","PROCDATE","JURIS","DATE_","TIME_","BADGE","JURIDIST","SHIFT","POP","SPECIAL","BEATTYPE","LAPDDIV","BEATCLAS","BEATNUMB","WEATHER2","STATEHW","CALTRANC","CALTRAND","STROUTE","ROUTESUF","POSTPRE","POSTMILE","LOCATYPE","RAMP","SIDEHW","TOWAWAY","PARTIES","PCF","VIOLCODE","VIOL","VIOLSUB","HITRUN","ROADSURF","RDCOND1","RDCOND2","LIGHTING","RIGHTWAY","CHPRDTYP","NOTPRIV","STFAULT","CHPFAULT","SEVINJ","OTHERINJ","COP","PEDKILL","PEDINJ","BICKILL","BICINJ","MCKILL","MCINJURE","RAMP1","RAMP2","CITY","COUNTY","STATE","X_CHP","Y_CHP"
"3411345",0,0,2007,"5700","5","5","4","09",0,3,"B",,,,,,1800,10,"D","C","A","OLD RIVER RD","COUNTY ROAD 118",0,,"Y","2008-03-14",9280,"2007-10-12",1717,"01434",,"2","9","0","3",,"2","002","-","N",,0,0,,,0,,,,"Y",2,"A","-",21801,"A","N","A","H","-","A","D","0","Y","A","01",0,0,3,0,0,0,0,0,0,"-","-","UNINCORPORATED","YOLO","CA",0,0
"3411349",-121.711223155,38.6187858582,2007,"5700","5","3","3","12",0,2,"B",,,,,,1800,10,"D","C","A","COUNTY ROAD 27","ROAD 29",0,,"Y","2008-03-14",9280,"2007-10-17",1750,"01227",,"2","9","0","3",,"2","002","-","N",,0,0,,,0,,,,"Y",2,"A","-",22450,"A","N","A","H","-","B","A","0","Y","A","01",0,1,1,0,0,0,0,0,0,"-","-","UNINCORPORATED","YOLO","CA",0,0
"3411357",0,0,2007,"5700","5","5","4","09",0,1,"B",,,,,,1500,10,"D","C","A","COUNTY ROAD 98","W MAIN ST",485,"S","N","2008-03-14",9280,"2007-10-12",1345,"01434",,"1","9","0","3",,"2","002","C","N",,0,0,,,0,,,,"Y",2,"A","-",21804,"A","N","B","H","-","A","D","0","Y","A","08",0,0,1,0,0,0,0,0,0,"-","-","UNINCORPORATED","YOLO","CA",0,0
"3412058",-121.748675871,38.5507049561,2007,"5701","0","5","3","03",0,1,"A",,"Y",,,,900,9,"H","A","A","8TH ST","MILLER",85,"E","N","2008-03-05",5701,"2007-09-14",741,"48","5701","5","5","0","0",,"0","002","-","N",,0,0,,,0,,,,"N",1,"A","-",22350,,"N","A","G","-","A","A","0","Y","L","04",0,1,0,0,0,0,1,0,0,"-","-","DAVIS","YOLO","CA",0,0
"3412062",-121.721756909,38.5579299927,2007,"5701","0","5","3","22",0,1,"A",,"Y",,,,1800,9,"H","A","A","BUCKEYE LN","LOYOLA DR",75,"N","N","2008-03-05",5701,"2007-09-07",1543,"11","501","5","5","0","0",,"0",,"-","N",,0,0,,,0,,,,"N",1,"B","-",0,,"N","A","H","-","A","D","0","Y","L","04",0,1,0,0,0,0,1,0,0,"-","-","DAVIS","YOLO","CA",0,0
"3412066",-121.739263151,38.5449638367,2007,"5701","0","4","4","03",0,1,"A",,"Y",,,,1500,9,"H","J","A","3RD ST","G ST",0,,"Y","2008-03-05",5701,"2007-09-13",1458,"49","4","5","5","0","0",,"0","002","-","N",,0,0,,,0,,,,"N",1,"A","-",22350,,"N","A","H","-","A","A","0","Y","L","04",0,0,1,0,0,0,1,0,0,"-","-","DAVIS","YOLO","CA",0,0
"3413007",-121.526543123,38.5911636353,2007,"5704","0","3","3","01",0,3,"A",,,,,"Y",2400,9,"C","C","A","KEGLE DR","FREMONT BL",0,,"Y","2008-03-18",5704,"2007-09-26",2352,"00158",,"5","4","0","0",,"0","001","-","N",,0,0,,,0,,,,"Y",2,"A","-",23153,"A","F","A","H","-","D","A","0","Y","A","08",0,1,2,0,0,0,0,0,0,"-","-","WEST SACRAMENTO","YOLO","CA",0,0
"3413011",-121.549800487,38.5564918518,2007,"5704","0","4","4","03",0,1,"A",,,,,,600,9,"F","I","A","SOUTHPORT PKWY","LAKE WASHINGTON BL",2640,"S","N","2008-03-18",5704,"2007-09-27",511,"00190",,"5","4","0","0",,"0","003","-","N",,0,0,,,0,,,,"Y",1,"A","-",22350,,"N","A","H","-","D","A","0","Y","-","-",0,0,1,0,0,0,0,0,0,"-","-","WEST SACRAMENTO","YOLO","CA",0,0
"3413023",-121.545903382,38.5817832947,2007,"5704","0","1","4","08",0,1,"A",,,,,,2100,9,"D","C","A","FRANKLYN WY","GLIDE AV",375,"W","N","2008-03-18",5704,"2007-09-17",2004,"00165",,"5","4","0","0",,"0","002","-","N",,0,0,,,0,,,,"Y",2,"A","-",22107,,"N","A","H","-","C","D","0","Y","-","-",0,0,1,0,0,0,0,0,0,"-","-","WEST SACRAMENTO","YOLO","CA",0,0
"3413040",-121.530663122,38.58045578,2007,"5704","0","5","3","12",0,1,"A",,"Y",,,,900,9,"D","B","A","WEST CAPITOL AV","WESTACRE RD",0,,"Y","2008-03-21",5704,"2007-09-28",655,"00122",,"5","4","0","0",,"0","002","-","N",,0,0,,,0,,,,"N",2,"A","-",21453,"A","F","A","H","-","B","A","0","Y","-","-",0,1,0,0,0,0,1,0,0,"-","-","WEST SACRAMENTO","YOLO","CA",0,0
"3420176",-121.533363124,38.5936050415,2007,"5704","0","4","3","05",0,1,"A",,"Y",,,,1800,9,"D","G","A","TODHUNTER AV","DREW ST",0,,"Y","2008-03-11",5704,"2007-09-13",1726,"00158",,"5","4","0","0",,"0","001","-","N",,0,0,,,0,,,,"N",2,"A","-",21650,"1","N","A","H","-","A","A","0","Y","L","04",0,1,0,0,0,0,1,0,0,"-","-","WEST SACRAMENTO","YOLO","CA",0,0
"3420458",-121.765433171,38.6786842346,2007,"5703","0","3","4","09",0,1,"A",,,,,,1800,10,"D","C","A","EAST ST","COURT ST",0,,"Y","2008-04-18",5703,"2007-10-24",1534,"865","22","5","4","0","0",,"0","001","-","N",,0,0,,,0,,,,"Y",3,"A","-",21801,"A","N","A","H","-","A","D","0","Y","A","01",0,0,1,0,0,0,0,0,0,"-","-","WOODLAND","YOLO","CA",0,0
"3420870",-121.527805992,38.5630493164,2007,"5704","0","4","4","12",0,1,"E",,,,,,900,11,"A","C","A","JEFFERSON BL","STONE BL",33,"S","N","2008-05-15",5704,"2007-11-01",608,"00017",,"5","4","0","0",,"0","002","-","N",,0,0,,,0,,,,"Y",2,"A","-",21453,"A","N","A","H","-","B","A","0","Y","A","01",0,0,1,0,0,0,0,0,0,"-","-","WEST SACRAMENTO","YOLO","CA",0,0
"3420942",-121.765323087,38.6879196167,2007,"5703","0","5","4","08",0,1,"A",,,,,,900,10,"A","I","A","N EAST ST","COMMERCE AV",238,"N","N","2008-04-10",5703,"2007-10-26",848,"844","24","5","4","0","0",,"0","001","-","N",,0,0,,,0,,,,"N",2,"A","-",22107,,"N","A","H","-","A","D","0","Y","H","13",0,0,1,0,0,0,0,0,0,"-","-","WOODLAND","YOLO","CA",0,0
"3421494",-122.092215603,38.7037669906,2007,"5700","3","3","2","01",0,1,"A",,,,,"Y",1800,10,"F","A","A","RT 16","COUNTY ROAD 82B",2112,"W","N","2008-04-25",9280,"2007-10-03",1538,"01412",,"2","9","0","1",,"2","034","-","Y","YOL",3,16,"-","-",23.24,"H","-","W","Y",1,"A","-",23152,"A","N","A","H","-","A","D","0","Y","D","23",1,0,0,0,0,0,0,0,0,"-","-","UNINCORPORATED","YOLO","CA",0,0
"3421666",-121.53310312,38.5564537048,2007,"5704","0","7","4","09",0,1,"B",,,,,,2400,10,"A","C","A","JEFFERSON BL","DEVON AV",0,,"Y","2008-05-22",5704,"2007-10-07",2217,"00174",,"5","4","0","0",,"0",,"-","N",,0,0,,,0,,,,"Y",2,"A","-",21453,"C","N","A","H","-","C","A","0","Y","A","01",0,0,1,0,0,0,0,0,0,"-","-","WEST SACRAMENTO","YOLO","CA",0,0
"3422011",-121.742073152,38.5513763428,2007,"5701","0","4","4","09",0,1,"A",,"Y",,,,1800,10,"H","G","A","8TH ST","F ST",0,,"Y","2008-04-16",5701,"2007-10-04",1740,"67","5701","5","5","0","0",,"0","002","-","N",,0,0,,,0,,,,"N",2,"A","-",21801,"A","N","A","H","-","A","A","0","Y","A","01",0,0,1,0,0,0,1,0,0,"-","-","DAVIS","YOLO","CA",0,0
"3422095",-121.731321194,38.5398597717,2007,"5701","0","3","4","03",0,1,"A",,,"Y",,,1500,9,"C","C","A","COWELL BL","RESEARCH PARK DR",15,"W","N","2008-03-18",5701,"2007-09-26",1320,"67","5701","5","5","0","0",,"0","004","-","N",,0,0,,,0,,,,"N",2,"A","-",22350,,"N","A","H","-","A","A","0","Y","A","08",0,0,1,0,0,0,0,0,1,"-","-","DAVIS","YOLO","CA",0,0
"3422154",-121.738295879,38.5407295227,2007,"5701","0","7","4","03",0,1,"A",,,,,,1500,9,"C","C","A","RICHARDS BL","OLIVE DR",100,"S","N","2008-04-01",5701,"2007-09-30",1412,"70","YOLO","5","5","0","0",,"0","004","-","N",,0,0,,,0,,,,"N",2,"A","-",22350,,"N","A","H","-","A","D","0","Y","D","22",0,0,1,0,0,0,0,0,0,"-","-","DAVIS","YOLO","CA",0,0
"3424991",-121.73998315,38.5434761047,2007,"5701","0","1","4","11",0,1,"A","Y",,,,,1800,10,"G","B","B","2ND ST","F ST",0,,"Y","2008-04-01",5701,"2007-10-01",1546,"49","4","5","5","0","0",,"0","002","-","N",,0,0,,,0,,,,"N",2,"A","-",21950,"B","N","A","H","-","A","A","0","Y","N","60",0,0,1,0,1,0,0,0,0,"-","-","DAVIS","YOLO","CA",0,0
"3425452",-121.76718316,38.585775103,2007,"5700","3","7","4","01",0,1,"A",,,,,"Y",2100,9,"F","A","A","RT 113","COUNTY ROAD 29",560,"S","N","2008-05-09",9280,"2007-09-30",1825,"01601",,"2","9","0","1",,"2","022","-","Y","YOL",3,113,"-","R",3.931,"R","2","S","Y",1,"A","-",23152,"A","N","A","H","-","D","D","1","Y","A","07",0,0,1,0,0,0,0,0,0,"F","-","UNINCORPORATED","YOLO","CA",0,0
"3425456",-121.799083181,38.7200050354,2007,"5700","5","7","2","01",0,2,"A",,,,,"Y",300,9,"E","I","A","COUNTY ROAD 18","COUNTY ROAD 99W",0,,"Y","2008-04-28",9280,"2007-09-30",37,"01442",,"3","9","0","3",,"2","002","-","N",,0,0,,,0,,,,"Y",1,"A","-",23152,"A","N","A","H","-","D","D","0","Y","A","01",1,1,0,0,0,0,0,0,0,"-","-","UNINCORPORATED","YOLO","CA",0,0
"3425590",-122.068968338,38.7066746022,2007,"5700","3","7","4","03",0,2,"A",,,,,,300,10,"C","C","A","RT 16","COUNTY ROAD 82B",5280,"E","N","2008-04-04",9280,"2007-10-21",133,"01601",,"3","9","0","1",,"2","034","-","Y","YOL",3,16,"-","-",24.52,"H","-","E","Y",2,"A","-",22350,,"N","A","H","-","D","D","0","Y","A","01",0,0,2,0,0,0,0,0,0,"-","-","UNINCORPORATED","YOLO","CA",0,0
"3425594",-121.707649021,38.549872124,2007,"5701","1","4","4","08",0,1,"A",,,,,,1500,10,"E","I","A","RT 80","MACE BL",3500,"W","N","2008-04-09",9280,"2007-10-25",1420,"01507",,"2","5","0","1",,"2","010","-","Y","YOL",3,80,"-","-",2.02,"H","-","E","Y",1,"A","-",22107,,"N","A","H","-","A","A","1","Y","A","01",0,0,1,0,0,0,0,0,0,"-","-","DAVIS","YOLO","CA",0,0
"3425598",-121.581458341,38.472555943,2007,"5700","5","6","3","01",0,1,"B",,,,,"Y",1200,10,"F","A","A","RT 84","ARMFIELD AV",13200,"S","N","2008-04-04",9280,"2007-10-20",940,"01501",,"1","9","0","3",,"2","001","-","Y","YOL",3,84,"-","-",13.55,"H","-","S","Y",1,"A","-",23152,"A","N","A","H","-","A","D","0","Y","A","01",0,1,0,0,0,0,0,0,0,"-","-","UNINCORPORATED","YOLO","CA",0,0
"3425685",-121.749490067,38.682630442,2007,"5700","3","4","2","08",0,1,"A",,,"Y",,,2500,10,"F","A","A","RT 113","RT 5",1056,"N","N","2008-04-04",9280,"2007-10-04",2500,"01496",,"4","9","0","1",,"2","022","-","Y","YOL",3,5,"-","R",7.494,"R","2","N","Y",1,"A","-",22107,,"N","A","H","-","A","D","1","Y","C","02",1,0,0,0,0,0,0,0,1,"-","-","UNINCORPORATED","YOLO","CA",0,0
"3425689",-121.555771442,38.586895869,2007,"5704","1","5","4","03",0,1,"A",,,,,,1800,10,"C","C","A","RT 80","RT 84",1520,"W","N","2008-04-09",9280,"2007-10-05",1635,"01507",,"2","4","0","1",,"2","010","-","Y","YOL",3,80,"-","R",10.93,"H","-","W","Y",3,"A","-",22350,,"N","A","H","-","A","A","1","Y","A","01",0,0,1,0,0,0,0,0,0,"-","-","WEST SACRAMENTO","YOLO","CA",0,0
"3425693",-121.730208424,38.544241714,2007,"5701","1","5","4","08",0,1,"C",,,,,,900,10,"B","C","A","RT 80","RICHARDS BL",1800,"E","N","2008-04-09",9280,"2007-10-12",605,"01501",,"1","5","0","1",,"2","010","-","Y","YOL",3,80,"-","-",0.57,"H","-","W","Y",2,"A","-",22107,,"N","B","H","-","C","D","1","Y","A","01",0,0,1,0,0,0,0,0,0,"-","-","DAVIS","YOLO","CA",0,0
"3425697",-121.904870649,38.6727961263,2007,"5701","3","5","3","08",0,1,"A",,,,,,2100,10,"E","I","A","RT 16","COUNTY ROAD 93",3696,"W","N","2008-04-04",9280,"2007-10-12",1834,"01692",,"2","5","0","1",,"2","034","-","Y","YOL",3,16,"-","-",34.82,"H","-","E","Y",1,"A","-",22107,,"N","A","H","-","A","D","0","Y","A","01",0,1,0,0,0,0,0,0,0,"-","-","DAVIS","YOLO","CA",0,0
"3425838",-121.694583145,38.552445106,2007,"5701","1","1","4","03",0,2,"A",,,,,,1800,10,"C","C","A","RT 80","MACE BL",340,"W","N","2008-04-09",9280,"2007-10-22",1650,"01507",,"2","5","0","1",,"2","010","-","Y","YOL",3,80,"-","-",2.615,"R","1","E","N",2,"A","-",22350,,"N","A","H","-","A","A","1","Y","A","08",0,0,2,0,0,0,0,0,0,"E","-","DAVIS","YOLO","CA",0,0
"3425938",-121.744817314,38.5605392456,2007,"5701","0","4","3","03",0,1,"A",,"Y",,,,900,10,"H","G","A","F ST","COVELL BL",50,"S","N","2008-04-19",5701,"2007-10-11",850,"15","5701","5","5","0","0",,"0","002","-","N",,0,0,,,0,,,,"N",2,"A","-",22350,,"N","A","H","-","A","A","0","Y","A","01",0,1,0,0,0,0,1,0,0,"-","-","DAVIS","YOLO","CA",0,0
"3426724",-121.767135754,38.6862449646,2007,"5703","0","6","4","08",0,2,"A",,,,,,2100,10,"C","E","A","SUTTER ST","HOLLISTER RD",157,"S","N","2008-03-28",5703,"2007-10-13",1848,"832","23","5","4","0","0",,"0","001","-","N",,0,0,,,0,,,,"Y",2,"A","-",22107,,"F","A","H","-","A","D","0","Y","A","01",0,0,2,0,0,0,0,0,0,"-","-","WOODLAND","YOLO","CA",0,0
"3426748",-121.774803187,38.6724739075,2007,"5703","0","7","4","08",0,1,"A",,,,,,1200,10,"C","E","A","COLLEGE ST","CROSS ST",160,"N","N","2008-03-28",5703,"2007-10-21",1135,"811","32","5","4","0","0",,"0","002","-","N",,0,0,,,0,,,,"Y",2,"A","-",22107,,"N","A","H","-","A","D","0","Y","A","01",0,0,1,0,0,0,0,0,0,"-","-","WOODLAND","YOLO","CA",0,0
"3428750",-121.784013174,38.678855896,2007,"5703","0","5","4","05",0,1,"A",,"Y",,,,2100,9,"D","G","A","WEST ST","COURT ST",0,,"Y","2008-05-03",5703,"2007-09-14",1934,"846","62","5","4","0","0",,"0","002","-","N",,0,0,,,0,,,,"N",2,"A","-",21650,,"N","A","H","-","B","A","0","Y","L","04",0,0,1,0,0,0,1,0,0,"-","-","WOODLAND","YOLO","CA",0,0
"3429422",-121.758626552,38.5539207458,2007,"5701","0","5","3","08",0,1,"B",,"Y",,,,900,10,"H","G","A","ANDERSON RD","RUTGERS",300,"S","N","2008-04-18",5701,"2007-10-05",828,"67","5701","5","5","0","0",,"0","001","-","N",,0,0,,,0,,,,"N",2,"A","-",22107,,"N","A","H","-","A","A","0","Y","A","01",0,1,0,0,0,0,1,0,0,"-","-","DAVIS","YOLO","CA",0,0
"3429426",-121.699503145,38.551935105,2007,"5701","0","5","4","12",0,1,"A",,,,,,1200,10,"D","C","A","MACE BL","RT 80",15,"E","N","2008-04-28",5701,"2007-10-05",956,"67","5701","5","5","0","0",,"0","003","-","Y","YOL",3,80,"-","-",2.475,"R","4","W","Y",2,"A","-",21453,"A","N","A","H","-","A","A","0","Y","A","01",0,0,1,0,0,0,0,0,0,"-","W","DAVIS","YOLO","CA",0,0
"3430704",-121.522439182,38.576664108,2007,"5700","2","6","2","08",0,3,"A",,,,,,2400,10,"C","C","A","RT 50","JEFFERSON BL",200,"E","N","2008-04-21",9280,"2007-10-13",2105,"01434",,"2","9","0","1",,"2","011","-","Y","YOL",3,50,"-","-",2.54,"H","-","W","Y",2,"A","-",22107,,"N","A","H","-","D","D","1","Y","A","01",1,0,2,0,0,0,0,0,0,"-","-","UNINCORPORATED","YOLO","CA",0,0
"3430708",-121.68113139,38.555918733,2007,"5701","1","7","4","03",0,1,"A",,,,,,600,10,"C","C","A","RT 80","MACE BL",3696,"E","N","2008-04-21",9280,"2007-10-28",332,"01601",,"3","5","0","1",,"2","010","-","Y","YOL",3,80,"-","-",3.38,"H","-","E","N",2,"A","-",22350,,"N","A","H","-","C","D","1","Y","A","07",0,0,1,0,0,0,0,0,0,"-","-","DAVIS","YOLO","CA",0,0
"3430716",-122.054568241,38.7083868568,2007,"5700","3","4","4","03",0,1,"A",,,,,,900,10,"C","C","A","RT 16","2ND ST",55,"W","N","2008-04-11",9280,"2007-10-25",655,"01549",,"1","9","0","1",,"2","034","-","Y","YOL",3,16,"-","-",25.35,"H","-","W","N",2,"A","-",22350,,"N","A","D","-","A","D","0","Y","A","01",0,0,1,0,0,0,0,0,0,"-","-","UNINCORPORATED","YOLO","CA",0,0
"3430721",-121.518763119,38.57395512,2007,"5704","2","2","4","03",0,2,"B",,,,,,1500,10,"C","C","A","RT 50","JEFFERSON BL",200,"E","N","2008-04-21",9280,"2007-10-09",1340,"01227",,"1","4","0","1",,"2","011","-","Y","YOL",3,50,"-","-",2.812,"R","1","W","Y",3,"A","-",22350,,"N","A","H","-","A","A","1","Y","A","01",0,0,2,0,0,0,0,0,0,"-","-","WEST SACRAMENTO","YOLO","CA",0,0
"3430725",-121.652765819,38.560809843,2007,"5700","1","6","3","08",0,2,"A",,,,,,1500,10,"F","A","A","RT 80","WEBSTER ST",3777,"W","N","2008-04-21",9280,"2007-10-06",1210,"01501",,"1","9","0","1",,"2","010","-","Y","YOL",3,80,"-","-",5.07,"H","-","E","Y",1,"A","-",22107,,"N","A","H","-","A","D","1","Y","A","01",0,2,0,0,0,0,0,0,0,"-","-","UNINCORPORATED","YOLO","CA",0,0
"3431576",-121.755981938,38.6682624817,2007,"5703","0","5","2","03",0,1,"A",,,,,,1800,10,"C","C","A","EAST GUM","MATMOR RD",86,"E","N","2008-03-28",5703,"2007-10-12",1706,"831","13","5","4","0","0",,"0","001","-","N",,0,0,,,0,,,,"Y",2,"A","-",22350,,"N","A","H","-","A","D","0","Y","-","-",1,0,0,0,0,0,0,0,0,"-","-","WOODLAND","YOLO","CA",0,0
"3431584",-121.774623173,38.6846961975,2007,"5703","0","3","4","10",0,1,"A","Y",,,,,1800,10,"G","B","B","BEAMER ST","COLLEGE ST",0,,"Y","2008-03-28",5703,"2007-10-17",1530,"812","42","5","4","0","0",,"0","002","-","N",,0,0,,,0,,,,"N",2,"A","-",21950,"A","N","A","-","-","A","A","0","Y","A","01",0,0,1,0,1,0,0,0,0,"-","-","WOODLAND","YOLO","CA",0,0
"3431596",-121.751433167,38.66726511,2007,"5703","0","1","4","03",0,1,"A",,,,,,1800,10,"C","C","A","EAST GIBSON RD","RT 113",0,,"Y","2008-04-23",5703,"2007-10-08",1540,"819","33","5","4","0","0",,"0","004","-","Y","YOL",3,113,"-","R",9.471,"R","4","S","N",2,"A","-",22350,,"N","A","-","-","A","A","0","Y","A","01",0,0,1,0,0,0,0,0,0,"-","-","WOODLAND","YOLO","CA",0,0
"3431600",-121.788663174,38.6775741577,2007,"5703","0","2","4","12",0,3,"A",,,,,,1500,10,"D","C","A","W MAIN ST","CALIFORNIA ST",0,,"Y","2008-04-02",5703,"2007-10-02",1430,"812","52","5","4","0","0",,"0","003","-","N",,0,0,,,0,,,,"Y",2,"A","-",21453,"A","N","A","-","-","A","A","0","Y","A","01",0,0,3,0,0,0,0,0,0,"-","-","WOODLAND","YOLO","CA",0,0
"3431656",-121.842106396,38.758504506,2007,"5700","1","4","3","08",0,3,"A","Y",,,"Y","Y",1200,10,"G","B","E","RT 5","COUNTY ROAD 96",509,"N","N","2008-04-30",9280,"2007-10-18",910,"01549",,"1","9","0","1",,"2","020","B","Y","YOL",3,5,"-","R",14.37,"H","-","S","Y",5,"A","-",22107,,"N","A","H","-","A","D","1","Y","F","26",0,2,1,0,2,0,0,0,0,"-","-","UNINCORPORATED","YOLO","CA",0,0
"3431814",-121.534003123,38.5802536011,2007,"5704","0","7","3","12",0,1,"A",,"Y",,,,2100,10,"D","G","A","WEST CAPITOL AV","POPLAR AV",0,,"Y","2008-04-28",5704,"2007-10-07",1942,"00167",,"5","4","0","0",,"0","002","-","N",,0,0,,,0,,,,"Y",2,"A","-",21453,"A","N","A","-","-","C","A","0","Y","L","04",0,1,0,0,0,0,1,0,0,"-","-","WEST SACRAMENTO","YOLO","CA",0,0
"3431822",-121.534351959,38.5802345276,2007,"5704","0","2","4","03",0,1,"A",,,,,,1800,10,"C","C","A","WEST CAPITOL AV","POPLAR AV",100,"W","N","2008-04-28",5704,"2007-10-30",1608,"00175",,"5","4","0","0",,"0","002","-","N",,0,0,,,0,,,,"Y",2,"A","-",22350,,"N","A","H","-","A","A","0","Y","A","01",0,0,1,0,0,0,0,0,0,"-","-","WEST SACRAMENTO","YOLO","CA",0,0
"3431834",-121.545253126,38.5915641785,2007,"5704","0","7","4","01",0,2,"A",,,,,"Y",2400,10,"C","C","A","REED AV","HARBOR BL",0,,"Y","2008-04-28",5704,"2007-10-28",2104,"00130",,"5","4","0","0",,"0","001","-","N",,0,0,,,0,,,,"N",3,"A","-",23152,"A","N","A","H","-","C","A","0","Y","A","01",0,0,2,0,0,0,0,0,0,"-","-","WEST SACRAMENTO","YOLO","CA",0,0
"3431930",-121.538031861,38.5531730652,2007,"5704","0","1","4","09",0,1,"A",,,,,,1500,10,"D","C","A","LAKE WASHINGTON BL","JEFFERSON ST",269,"E","N","2008-04-28",5704,"2007-10-29",1457,"00133",,"5","4","0","0",,"0","003","-","N",,0,0,,,0,,,,"Y",2,"A","-",21804,"A","N","A","H","-","A","A","0","Y","-","-",0,0,1,0,0,0,0,0,0,"-","-","WEST SACRAMENTO","YOLO","CA",0,0
"3431938",-121.531553122,38.5731735229,2007,"5704","0","5","3","09",0,1,"A",,,"Y",,,1500,10,"D","C","A","MEADOW RD","FERNWOOD ST",0,,"Y","2008-05-07",5704,"2007-10-26",1455,"00161",,"5","4","0","0",,"0","002","-","N",,0,0,,,0,,,,"Y",2,"A","-",21804,"A","N","A","H","-","A","A","0","Y","A","01",0,1,0,0,0,0,0,0,1,"-","-","WEST SACRAMENTO","YOLO","CA",0,0
"3431989",-121.529790952,38.5805053711,2007,"5704","0","3","4","05",0,1,"A",,"Y",,,,1800,10,"D","G","A","WEST CAPITOL AV","WESTACRE RD",250,"E","N","2008-04-28",5704,"2007-10-24",1714,"00175",,"5","4","0","0",,"0","002","-","N",,0,0,,,0,,,,"N",2,"A","-",21650,"1","N","A","H","-","A","D","0","Y","L","04",0,0,1,0,0,0,1,0,0,"-","-","WEST SACRAMENTO","YOLO","CA",0,0
"3431997",-121.525396434,38.5925216675,2007,"5704","0","5","3","21",0,1,"A","Y",,,,,1800,10,"A","B","E","JULIAN DR","808 JULIAN DR",0,,"Y","2008-04-28",5704,"2007-10-26",1620,"00171","5407","5","4","0","0",,"0","001","-","N",,0,0,,,0,,,,"Y",2,"A","-",22106,,"F","A","H","-","A","D","0","Y","A","01",0,1,0,0,1,0,0,0,0,"-","-","WEST SACRAMENTO","YOLO","CA",0,0
"3434355",-121.73341315,38.54479599,2007,"5701","0","4","3","01",0,2,"A",,,,,"Y",300,11,"E","I","A","2ND ST","L ST",0,,"Y","2008-05-21",5701,"2007-11-08",23,"87","5701","5","5","0","0",,"0","002","-","N",,0,0,,,0,,,,"Y",1,"A","-",23152,"A","N","A","H","-","C","D","0","Y","A","01",0,2,0,0,0,0,0,0,0,"-","-","DAVIS","YOLO","CA",0,0
"3434522",-121.862870827,38.779378704,2007,"5700","1","6","1","01",2,0,"A",,,,"Y","Y",1800,6,"D","C","A","RT 5","COUNTY ROAD 95",2640,"N","N","2008-07-07",9280,"2007-06-02",1643,"01692",,"2","9","0","1",,"2","030","-","Y","YOL",3,5,"-","R",16.26,"H","-","S","Y",2,"A","-",23152,"A","N","A","H","-","A","D","1","Y","A","01",0,0,0,0,0,0,0,0,0,"-","-","UNINCORPORATED","YOLO","CA",0,0
"3435761",-122.096860648,38.7035592802,2007,"5700","3","7","4","08",0,3,"A",,,,,,1800,9,"F","A","A","RT 16","COUNTY ROAD 82B",2640,"W","N","2008-04-04",9280,"2007-09-30",1545,"01534",,"2","9","0","1",,"2","034","-","Y","YOL",3,16,"-","-",22.99,"H","-","W","Y",1,"A","-",22107,,"N","A","H","-","A","D","0","Y","D","22",0,0,3,0,0,0,0,0,0,"-","-","UNINCORPORATED","YOLO","CA",0,0
"3436903",-121.58300313,38.573265116,2007,"5704","0","7","1","08",1,0,"A",,,,,"Y",1500,11,"E","I","A","ENTERPRISE BL","RT 80",0,,"Y","2008-07-09",5704,"2007-11-04",1310,"00161",,"5","4","0","0",,"0","002","-","Y","YOL",3,80,"-","-",9.004,"R","4","E","Y",1,"A","-",22101,"D","N","A","H","-","A","A","0","Y","D","22",0,0,0,0,0,0,0,0,0,"-","-","WEST SACRAMENTO","YOLO","CA",0,0
"3437016",-121.680720036,38.556245546,2007,"5701","1","7","3","07",0,2,"A",,,,,,1500,8,"B","C","A","RT 80","MACE BL",3696,"E","N","2008-02-15",9280,"2007-08-12",1359,"01346",,"1","5","0","1",,"2","010","-","Y","YOL",3,80,"-","-",3.38,"H","-","W","Y",2,"A","-",21658,"A","N","A","H","-","A","D","1","Y","A","07",0,2,0,0,0,0,0,0,0,"-","-","DAVIS","YOLO","CA",0,0
"3438442",-121.737580347,38.5479431152,2007,"5701","0","2","3","08",0,1,"A",,"Y",,,,2100,10,"H","G","A","5TH ST","I ST",33,"E","N","2008-04-26",5701,"2007-10-30",1804,"88","5701","5","5","0","0",,"0","002","-","N",,0,0,,,0,,,,"N",2,"A","-",22107,,"N","A","H","-","A","A","0","Y","L","04",0,1,0,0,0,0,1,0,0,"-","-","DAVIS","YOLO","CA",0,0
"3439073",-121.752083151,38.5337562561,2007,"5701","0","5","4","09",0,2,"B",,,,,,1500,10,"D","C","A","OLD DAVIS RD","CALIFORNIA AV",0,,"Y","2008-04-23",5701,"2007-10-19",1201,"1051","UCOP","5","5","0","0",,"0","UCO","-","N",,0,0,,,0,,,,"Y",2,"A","-",21802,"A","N","A","H","-","A","A","0","Y","A",,0,0,2,0,0,0,0,0,0,"-","-","DAVIS","YOLO","CA",0,0