"CASEID","POINT_X","POINT_Y","YEAR_","LOCATION","CHPTYPE","DAYWEEK","CRASHSEV","VIOLCAT","KILLED","INJURED","WEATHER1","PEDCOL","BICCOL","MCCOL","TRUCKCOL","ETOH","TIMECAT","MONTH_","CRASHTYP","INVOLVE","PED","PRIMARYRD","SECONDRD","DISTANCE","DIRECT","INTERSECT_","PROCDATE","JURIS","DATE_","TIME_","BADGE","JURIDIST","SHIFT","POP","SPECIAL","BEATTYPE","LAPDDIV","BEATCLAS","BEATNUMB","WEATHER2","STATEHW","CALTRANC","CALTRAND","STROUTE","ROUTESUF","POSTPRE","POSTMILE","LOCATYPE","RAMP","SIDEHW","TOWAWAY","PARTIES","PCF","VIOLCODE","VIOL","VIOLSUB","HITRUN","ROADSURF","RDCOND1","RDCOND2","LIGHTING","RIGHTWAY","CHPRDTYP","NOTPRIV","STFAULT","CHPFAULT","SEVINJ","OTHERINJ","COP","PEDKILL","PEDINJ","BICKILL","BICINJ","MCKILL","MCINJURE","RAMP1","RAMP2","CITY","COUNTY","STATE","X_CHP","Y_CHP"
"3884073",-121.953079767,38.624413742,2008,"5700","1","3","3","08",0,1,"A",,,,,,2100,9,"F","A","A","RT 505","COUNTY ROAD 27",1056,"N","N","2009-05-11",9280,"2008-09-03",1820,"16144",,"2","9","0","1",,"2","031","-","Y","YOL",3,505,"-","-",6.73,"H","-","N","Y",1,"A","-",22107,,"N","A","H","-","A","D","1","Y","A","01",0,1,0,0,0,0,0,0,0,"-","-","UNINCORPORATED","YOLO","CA",0,0
"3889551",-121.74675317,38.6917266846,2008,"5703","0","2","2","12",0,1,"A",,,,,"Y",600,8,"D","C","A","N PIONEER AV","EAST KENTUCKY AV",0,,"Y","2009-04-01",5703,"2008-08-12",309,"824","43","5","4","0","0",,"0","001","-","N",,0,0,,,0,,,,"Y",2,"A","-",21453,"A","N","A","H","-","C","A","0","Y","B","01",1,0,0,0,0,0,0,0,0,"-","-","WOODLAND","YOLO","CA",0,0
"3895224",0,0,2008,"5704","0","7","4","05",0,1,"A",,"Y",,,,2100,8,"B","G","A","REED AV 1753","OAK AV",137,"W","N","2009-03-25",5704,"2008-08-03",2038,"157",,"5","4","0","0",,"0","0B1","-","N",,0,0,,,0,,,,"N",2,"A","-",21650,"1","N","A","H","-","D","D","0","Y","L","04",0,0,1,0,0,0,1,0,0,"-","-","WEST SACRAMENTO","YOLO","CA",0,0
"3895889",-121.76559317,38.6684074402,2008,"5703","0","6","3","05",0,1,"A",,"Y",,,,2100,8,"D","G","A","EAST ST","GUM AV",27,"N","N","2009-03-25",5703,"2008-08-16",1926,"832","11","5","4","0","0",,"0","001","-","N",,0,0,,,0,,,,"N",2,"A","-",21650,,"N","A","H","-","A","A","0","Y","L","04",0,1,0,0,0,0,1,0,0,"-","-","WOODLAND","YOLO","CA",0,0
"3897559",-121.714497695,38.548307445,2008,"5701","1","1","3","03",0,1,"A",,,,,,1800,9,"C","C","A","RT 80","MACE BL",5780,"W","N","2009-05-08",9280,"2008-09-29",1555,"15079",,"2","5","0","1",,"2","010","-","Y","YOL",3,80,"-","-",1.59,"H","-","E","Y",2,"A","-",22350,,"N","A","H","-","A","D","1","Y","A","01",0,1,0,0,0,0,0,0,0,"-","-","DAVIS","YOLO","CA",0,0
"3898704",-121.768409016,38.532990941,2008,"5701","3","2","4","03",0,1,"A",,,,"Y",,1500,9,"C","C","A","RT 113","BLACKSMITH RD",300,"N","N","2009-04-13",9280,"2008-09-23",1345,"12870",,"1","5","0","1",,"2","022","-","Y","YOL",3,113,"-","R",0.14,"H","-","N","Y",2,"A","-",22350,,"N","A","H","-","A","D","1","Y","A","01",0,0,1,0,0,0,0,0,0,"-","-","DAVIS","YOLO","CA",0,0
"3900016",-121.733377356,38.5443382263,2008,"5701","0","1","4","09",0,1,"A",,,,,,1500,7,"D","C","A","OLIVE DR","HICKORY LN",528,"E","N","2009-02-04",5701,"2008-07-28",1454,"38",,"5","5","0","0",,"0","004","-","N",,0,0,,,0,,,,"Y",2,"A","-",21804,"A","N","A","H","-","A","A","0","Y","A","01",0,0,1,0,0,0,0,0,0,"-","-","DAVIS","YOLO","CA",0,0
"3901529",-121.73862315,38.540813446,2008,"5701","0","5","4","10",0,1,"A","Y",,,,"Y",300,7,"G","B","B","RICHARDS BL","OLIVE DR",0,,"Y","2009-02-05",5701,"2008-07-25",202,"92","5701","5","5","0","0",,"0","004","-","N",,0,0,,,0,,,,"N",2,"A","-",21950,"A","N","A","H","-","C","A","0","Y","A","01",0,0,1,0,1,0,0,0,0,"-","-","DAVIS","YOLO","CA",0,0
"3901608",-121.764327215,38.5589523315,2008,"5701","0","5","3","18",0,1,"A",,"Y",,,,1500,8,"H","A","A","SYCAMORE LN","KENT",200,"S","-","2009-03-14",5701,"2008-08-08",1241,"67","5701","5","5","0","0",,"0","001","-","N",,0,0,,,0,,,,"N",1,"C","-",0,,"N","A","H","-","A","D","0","Y","-","-",0,1,0,0,0,0,1,0,0,"-","-","DAVIS","YOLO","CA",0,0
"3902790",-121.755942115,38.792899258,2008,"5700","3","7","4","01",0,1,"A",,,,,"Y",1200,8,"E","I","A","RT 113","COUNTY ROAD 13",5280,"N","N","2009-03-13",9280,"2008-08-24",1130,"13235",,"1","9","0","1",,"2","023","-","Y","YOL",3,113,"-","-",19.66,"H","-","S","Y",1,"A","-",23152,"A","N","A","H","-","A","D","0","Y","A","01",0,0,1,0,0,0,0,0,0,"-","-","UNINCORPORATED","YOLO","CA",0,0
"3902794",-121.722702465,38.7929077148,2008,"5700","5","6","3","01",0,1,"A",,,,,"Y",2100,8,"E","I","A","DANIEL ST","HERSHEY ST",25,"E","N","2009-02-27",9280,"2008-08-02",1945,"15128",,"2","9","0","3",,"2","002","-","N",,0,0,,,0,,,,"Y",1,"A","-",23152,"A","N","A","H","-","B","D","0","Y","D","22",0,1,0,0,0,0,0,0,0,"-","-","UNINCORPORATED","YOLO","CA",0,0
"3902908",-121.605672547,38.569225699,2008,"5700","1","4","3","07",0,1,"A",,,,,,1800,7,"E","I","A","RT 80","ENTERPRISE BL",7920,"W","N","2009-04-02",9280,"2008-07-31",1742,"15079",,"2","9","0","1",,"2","010","-","Y","YOL",3,80,"-","-",7.68,"H","-","E","Y",1,"A","-",21658,"A","N","A","H","-","A","D","1","Y","A","01",0,1,0,0,0,0,0,0,0,"-","-","UNINCORPORATED","YOLO","CA",0,0
"3903442",-121.766613163,38.614325105,2008,"5700","3","5","4","08",0,1,"A",,,,,,1500,8,"E","I","A","RT 113","COUNTY ROAD 27",320,"S","N","2009-03-13",9280,"2008-08-22",1330,"17933",,"1","9","0","1",,"2","022","-","Y","YOL",3,113,"-","R",5.879,"R","2","N","Y",1,"A","-",22107,,"N","A","H","-","A","D","1","Y","A","07",0,0,1,0,0,0,0,0,0,"-","-","UNINCORPORATED","YOLO","CA",0,0
"3903461",-121.717797041,38.673873671,2008,"5700","1","4","4","08",0,1,"A",,,,,,2400,8,"E","I","A","RT 5","COUNTY ROAD 102",2640,"S","N","2009-03-17",9280,"2008-08-28",2120,"12272",,"2","9","0","1",,"2","020","-","Y","YOL",3,5,"-","-",5.02,"H","-","N","Y",1,"A","-",22107,,"N","A","H","-","D","D","1","Y","A","08",0,0,1,0,0,0,0,0,0,"-","-","UNINCORPORATED","YOLO","CA",0,0
"3903465",-122.06720038,38.515061979,2008,"5700","3","7","3","08",0,1,"A",,,,,,900,8,"E","I","A","RT 128","PLEASANTS VALLEY RD",15840,"W","N","2009-03-13",9280,"2008-08-31",700,"17933",,"1","9","0","1",,"2","032","-","Y","YOL",3,128,"-","-",1.64,"H","-","W","Y",1,"A","-",22107,,"N","A","H","-","A","D","0","Y","D","22",0,1,0,0,0,0,0,0,0,"-","-","UNINCORPORATED","YOLO","CA",0,0
"3903469",-121.551233127,38.593045121,2008,"5704","1","7","3","03",0,1,"A",,,"Y",,,1800,8,"F","A","A","RT 80","REED AV",289,"W","N","2009-04-06",9280,"2008-08-10",1530,"16632",,"2","4","0","1",,"2","010","-","Y","YOL",3,80,"-","R",11.219,"R","2","E","Y",1,"A","-",22350,,"N","A","H","-","A","D","1","Y","C","02",0,1,0,0,0,0,0,0,1,"F","-","WEST SACRAMENTO","YOLO","CA",0,0
"3903485",-121.518763119,38.57395512,2008,"5704","2","2","4","03",0,4,"A",,,,,,2100,8,"C","C","A","RT 50","JEFFERSON BL",528,"E","N","2009-03-19",9280,"2008-08-26",1833,"15128",,"2","4","0","1",,"2","011","-","Y","YOL",3,50,"-","-",2.812,"R","1","W","Y",3,"A","-",22350,,"N","A","H","-","A","D","1","Y","A","01",0,0,4,0,0,0,0,0,0,"T","-","WEST SACRAMENTO","YOLO","CA",0,0
"3903497",-121.67616104,38.55700929,2008,"5700","1","2","4","03",0,2,"A",,,,,,1800,8,"C","C","A","RT 80","MACE BL",5280,"E","N","2009-04-02",9280,"2008-08-12",1640,"15079",,"2","9","0","1",,"2","010","-","Y","YOL",3,80,"-","-",3.68,"H","-","E","N",2,"A","-",22350,,"N","A","H","-","A","D","1","Y","D","22",0,0,2,0,0,0,0,0,0,"-","-","UNINCORPORATED","YOLO","CA",0,0
"3903501",-121.765093177,38.727985116,2008,"5700","3","5","4","09",0,2,"A",,,,,,1800,8,"A","C","A","RT 113","COUNTY ROAD 17A",0,,"Y","2009-03-13",9280,"2008-08-15",1640,"12272",,"2","9","0","1",,"2","023","-","Y","YOL",3,113,"-","-",13.64,"I","5","S","Y",2,"A","-",21801,"A","N","A","H","-","A","D","0","Y","A","07",0,0,2,0,0,0,0,0,0,"-","-","UNINCORPORATED","YOLO","CA",0,0
"3903509",-121.520497609,38.575523543,2008,"5704","2","2","4","07",0,1,"A",,,,,,1200,8,"D","C","A","RT 50","JEFFERSON",1320,"W","N","2009-03-19",9280,"2008-08-12",1150,"15353",,"1","4","0","1",,"2","011","-","Y","YOL",3,50,"-","-",2.67,"H","-","W","Y",2,"A","-",21658,"A","N","A","H","-","A","D","1","Y","A","07",0,0,1,0,0,0,0,0,0,"-","-","WEST SACRAMENTO","YOLO","CA",0,0
"3903513",-121.568993128,38.575625118,2008,"5700","1","7","3","01",0,1,"A",,,,,"Y",300,8,"E","I","A","RT 80","WEST CAPITOL AV",3696,"W","N","2009-04-06",9280,"2008-08-17",130,"15492",,"3","9","0","1",,"2","010","-","Y","YOL",3,80,"-","-",9.46,"H","-","W","Y",1,"A","-",23152,"A","N","A","H","-","D","D","1","Y","A","01",0,1,0,0,0,0,0,0,0,"-","-","UNINCORPORATED","YOLO","CA",0,0
"3906414",-121.774951752,38.778293274,2008,"5700","5","7","2","01",0,1,"A",,,,,"Y",1800,8,"E","I","A","RT 113","COUNTY ROAD 14",42,"N","N","2009-04-09",9280,"2008-08-10",1500,"15128",,"2","9","0","3",,"2","002","-","Y","YOL",3,113,"-","-",17.65,"H","-","N","Y",1,"A","-",23152,"A","N","A","H","-","A","D","0","Y","D","22",1,0,0,0,0,0,0,0,0,"-","-","UNINCORPORATED","YOLO","CA",0,0
"3906441",-121.734043149,38.5383834839,2008,"5701","0","2","3","22",0,1,"A",,"Y",,,,2100,8,"H","J","A","RESEARCH PARK DR","NEWTON CT",0,,"Y","2009-03-27",5701,"2008-08-12",1838,"10","5701","5","5","0","0",,"0","004","-","N",,0,0,,,0,,,,"N",1,"B","-",0,,"N","A","H","-","A","D","0","Y","-","-",0,1,0,0,0,0,1,0,0,"-","-","DAVIS","YOLO","CA",0,0
"3906445",-121.736003149,38.539905102,2008,"5701","0","1","4","03",0,1,"A",,,,,,1200,8,"C","C","A","RICHARDS BL","RT 80",30,"S","N","2009-04-09",5701,"2008-08-25",1152,"70","YOLO","5","5","0","0",,"0","004","-","Y","YOL",3,80,"-","-",0.166,"R","1","W","N",2,"A","-",22350,,"N","A","H","-","A","A","0","Y","A","01",0,0,1,0,0,0,0,0,0,"-","-","DAVIS","YOLO","CA",0,0
"3906449",-121.764913156,38.5562744141,2008,"5701","0","4","4","12",0,1,"A",,,,,,1800,8,"D","C","A","SYCAMORE LN","VILLANOVA DR",0,,"Y","2009-03-27",5701,"2008-08-28",1554,"70","YOLO","5","5","0","0",,"0","001","-","N",,0,0,,,0,,,,"Y",2,"A","-",22450,,"N","A","H","-","A","A","0","Y","D","22",0,0,1,0,0,0,0,0,0,"-","-","DAVIS","YOLO","CA",0,0
"3906562",-121.787202719,38.5552139282,2008,"5701","0","3","3","18",0,1,"A",,"Y",,,,1200,9,"H","-","A","ARLINGTON DR","LAKE",150,"E","-","2009-04-21",5701,"2008-09-03",1006,"67","5701","5","5","0","0",,"0","001","-","N",,0,0,,,0,,,,"N",1,"C","-",0,,"N","A","H","-","A","D","0","Y","-","-",0,1,0,0,0,0,1,0,0,"-","-","DAVIS","YOLO","CA",0,0
"3906566",-121.76867557,38.561,2008,"5701","0","1","4","03",0,1,"A",,,,,,1500,9,"C","C","A","COVELL BL","JOHN JONES RD",500,"E","N","2009-05-06",5701,"2008-09-01",1353,"91","5701","5","5","0","0",,"0","001","-","Y","YOL",3,113,"-","R",2.299,"R","4","S","N",2,"A","-",22350,,"N","A","H","-","A","A","0","Y","A","01",0,0,1,0,0,0,0,0,0,"-","-","DAVIS","YOLO","CA",0,0
"3906570",-121.771983157,38.5571556091,2008,"5701","0","2","3","03",0,1,"A",,"Y",,,,1500,9,"H","G","A","PINNACLES ST","RIO GRANDE ST",0,,"Y","2009-04-21",5701,"2008-09-02",1256,"15","5701","5","5","0","0",,"0","001","-","N",,0,0,,,0,,,,"N",2,"A","-",22350,,"F","A","H","-","A","D","0","Y","A","01",0,1,0,0,0,0,1,0,0,"-","-","DAVIS","YOLO","CA",0,0
"3906578",-121.750763152,38.5461349487,2008,"5701","0","4","3","05",0,1,"A",,"Y",,,,1200,9,"H","G","A","HOWARD WY","RUSSELL BL",0,,"Y","2009-04-22",5701,"2008-09-11",1012,"94","2","5","5","0","0",,"0","001","-","N",,0,0,,,0,,,,"N",2,"A","-",21650,,"N","A","H","-","A","A","0","Y","L","04",0,1,0,0,0,0,1,0,0,"-","-","DAVIS","YOLO","CA",0,0
"3906675",-121.788964927,38.663028717,2008,"5703","0","1","2","-",0,1,"A","Y",,,,,900,9,"G","B","D","WEST GIBSON RD","CALIFORNIA ST",108,"E","N","2009-04-23",5703,"2008-09-08",814,"875","54","5","4","0","0",,"0","003","-","N",,0,0,,,0,,,,"N",2,"A","-",0,,"N","A","H","-","A","D","0","Y","-","-",1,0,0,0,1,0,0,0,0,"-","-","WOODLAND","YOLO","CA",0,0
"3906687",-121.774723172,38.6774749756,2008,"5703","0","2","3","12",0,1,"A",,"Y",,,,900,9,"D","G","A","MAIN ST","COLLEGE ST",0,,"Y","2009-04-23",5703,"2008-09-09",706,"808","42","5","4","0","0",,"0","001","-","N",,0,0,,,0,,,,"N",2,"A","-",21453,"A","N","A","H","-","A","A","0","Y","L","04",0,1,0,0,0,0,1,0,0,"-","-","WOODLAND","YOLO","CA",0,0
"3907439",-121.734677286,38.5614051819,2008,"5701","0","2","4","09",0,1,"A",,,"Y",,,1800,9,"D","C","A","COVELL BL","L ST",200,"E","N","2009-04-23",5701,"2008-09-02",1542,"67","YOLO","5","5","0","0",,"0","002","-","N",,0,0,,,0,,,,"Y",2,"A","-",21804,"A","N","A","H","-","A","D","0","Y","A","01",0,0,1,0,0,0,0,0,1,"-","-","DAVIS","YOLO","CA",0,0
"3908832",-121.720287397,38.800340831,2008,"5700","3","7","4","03",0,3,"A",,,,,,1500,9,"C","C","A","RT 113","RT 45",63,"S","N","2009-05-11",9280,"2008-09-14",1432,"17763",,"2","9","0","1",,"2","023","-","Y","YOL",3,113,"-","-",21.89,"H","-","S","Y",3,"A","-",22350,,"N","A","H","-","A","D","0","Y","A","01",0,0,3,0,0,0,0,0,0,"-","-","UNINCORPORATED","YOLO","CA",0,0
"3908880",-121.735281591,38.540504891,2008,"5701","1","7","4","03",0,1,"A",,,,,,1800,9,"C","C","A","RT 80","RICHARDS BL",200,"E","N","2009-05-08",9280,"2008-09-07",1550,"13545",,"2","5","0","1",,"2","010","-","Y","YOL",3,80,"-","-",0.27,"H","-","W","Y",2,"A","-",22350,,"N","A","H","-","A","D","1","Y","A","01",0,0,1,0,0,0,0,0,0,"-","-","DAVIS","YOLO","CA",0,0
"3908924",-121.751343168,38.670255111,2008,"5703","3","2","3","-",0,1,"A","Y",,,,,300,9,"E","B","D","RT 113","MAIN ST",528,"S","N","2009-05-11",9280,"2008-09-02",20,"01652",,"3","4","0","1",,"2","022","-","Y","YOL",3,113,"-","R",9.891,"R","2","S","N",2,"A","-",0,,"N","A","H","-","C","D","1","Y","N","60",0,1,0,0,1,0,0,0,0,"-","-","WOODLAND","YOLO","CA",0,0
"3910218",-121.764810178,38.724941368,2008,"5700","3","1","3","09",0,3,"A",,,,,,1500,9,"D","C","A","RT 113","COUNTY ROAD 99H",0,,"Y","2009-05-11",9280,"2008-09-01",1235,"12870",,"1","9","0","1",,"2","023","-","Y","YOL",3,113,"-","-",13.425,"I","5","S","Y",2,"A","-",21801,"A","N","A","H","-","A","D","0","Y","A","08",0,1,2,0,0,0,0,0,0,"-","-","UNINCORPORATED","YOLO","CA",0,0
"3910346",-121.951423223,38.858805112,2008,"5700","1","3","2","03",0,1,"A",,,"Y",,,1200,8,"F","A","A","RT 5","COUNTY ROAD 80",400,"S","N","2009-04-16",9280,"2008-08-27",1118,"12870",,"1","9","0","1",,"2","030","-","Y","YOL",3,5,"-","R",23.634,"R","2","S","N",1,"A","-",22350,,"N","A","H","-","A","D","1","Y","C","02",1,0,0,0,0,0,0,0,1,"-","-","UNINCORPORATED","YOLO","CA",0,0
"3910354",-121.582900987,38.425598392,2008,"5700","3","6","3","01",0,1,"A",,,,,"Y",2400,8,"F","A","A","RT 84","ARMFIELD AV",14520,"S","N","2009-04-13",9280,"2008-08-23",2330,"15168",,"3","9","0","1",,"2","013","-","Y","YOL",3,84,"-","-",10.3,"H","-","S","Y",1,"A","-",23152,"A","N","A","H","-","C","D","0","Y","A","01",0,1,0,0,0,0,0,0,0,"-","-","UNINCORPORATED","YOLO","CA",0,0
"3912247",-121.527070551,38.5872459412,2008,"5704","0","3","4","03",0,1,"A",,,,,,1500,8,"C","A","A","JEFFERSON BL","F ST",150,"N","N","2009-03-13",5704,"2008-08-27",1300,"111",,"5","4","0","0",,"0","001","-","N",,0,0,,,0,,,,"Y",2,"A","-",22350,,"N","A","H","-","A","A","0","Y","-","-",0,0,1,0,0,0,0,0,0,"-","-","WEST SACRAMENTO","YOLO","CA",0,0
"3912259",-121.532756678,38.5567626953,2008,"5704","0","4","4","03",0,1,"A",,,,,,1800,8,"C","C","A","JEFFERSON BL","DEVON AV",150,"N","N","2009-03-13",5704,"2008-08-28",1513,"111",,"5","4","0","0",,"0","003","-","N",,0,0,,,0,,,,"N",2,"A","-",22350,,"N","A","H","-","A","A","0","Y","-","-",0,0,1,0,0,0,0,0,0,"-","-","WEST SACRAMENTO","YOLO","CA",0,0
"3912328",-121.524803121,38.5761833191,2008,"5704","0","7","4","01",0,3,"A",,,,,"Y",300,8,"C","C","A","JEFFERSON BL","PARK BL",0,,"Y","2009-03-30",5704,"2008-08-17",215,"175",,"5","4","0","0",,"0","002","-","N",,0,0,,,0,,,,"Y",2,"A","-",23153,"A","F","A","H","-","C","A","0","Y","A","01",0,0,3,0,0,0,0,0,0,"-","-","WEST SACRAMENTO","YOLO","CA",0,0
"3912366",-121.76020205,38.6737327576,2008,"5703","0","3","2","08",0,1,"A",,,,,,2100,8,"F","E","A","EAST OAK AV","THOMAS ST",46,"E","N","2009-03-25",5703,"2008-08-27",2003,"831","11","5","4","0","0",,"0","001","-","N",,0,0,,,0,,,,"Y",2,"A","-",22107,,"N","A","H","-","C","D","0","Y","-","-",1,0,0,0,0,0,0,0,0,"-","-","WOODLAND","YOLO","CA",0,0
"3912374",-121.779373173,38.6775054932,2008,"5703","0","5","4","12",0,1,"A",,"Y",,,,1500,8,"D","G","A","MAIN ST","CLEVELAND AV",0,,"Y","2009-03-25",5703,"2008-08-29",1227,"862","42","5","4","0","0",,"0","004","-","N",,0,0,,,0,,,,"N",2,"A","-",21453,"A","N","A","H","-","A","A","0","Y","-","-",0,0,1,0,0,0,1,0,0,"-","-","WOODLAND","YOLO","CA",0,0
"3912378",-121.74675597,38.6914405823,2008,"5703","0","6","4","01",0,1,"A",,,,,"Y",2400,8,"E","I","A","PIONEER AV","KENTUCKY AV",104,"S","N","2009-03-25",5703,"2008-08-30",2325,"891","43","5","4","0","0",,"0","001","-","N",,0,0,,,0,,,,"Y",1,"A","-",23152,"A","N","A","H","-","C","A","0","Y","D","22",0,0,1,0,0,0,0,0,0,"-","-","WOODLAND","YOLO","CA",0,0
"3912387",-121.548970509,38.5769195557,2008,"5704","0","7","4","03",0,1,"A",,,,,,1200,8,"C","C","A","EVERGREEN AV","EVERGREEN AV 3015",0,,"Y","2009-03-30",5704,"2008-08-24",1134,"00158",,"5","4","0","0",,"0",,"-","N",,0,0,,,0,,,,"Y",2,"A","-",22350,,"N","A","-","-","A","B","0","Y","-","-",0,0,1,0,0,0,0,0,0,"-","-","WEST SACRAMENTO","YOLO","CA",0,0
"3912394",-121.742383165,38.6627349854,2008,"5703","0","1","4","-",0,1,"A",,,,,,1200,8,"C","C","A","EAST GIBSON RD","PIONEER AV",0,"E","N","2009-03-25",5703,"2008-08-18",944,"819","53","5","4","0","0",,"0","004","-","N",,0,0,,,0,,,,"N",2,"A","-",0,,"N","A","H","-","A","A","0","Y","A","01",0,0,1,0,0,0,0,0,0,"-","-","WOODLAND","YOLO","CA",0,0
"3914253",-121.559348768,38.4955596924,2008,"5700","5","1","4","08",0,1,"A",,,,,,1800,9,"E","I","A","SOUTH RIVER RD","BABEL SLOUGH RD",6336,"N","N","2009-04-21",9280,"2008-09-01",1500,"13545",,"2","9","0","3",,"2","001","-","N",,0,0,,,0,,,,"Y",1,"A","-",22107,,"N","A","H","-","A","D","0","Y","A","01",0,0,1,0,0,0,0,0,0,"-","-","UNINCORPORATED","YOLO","CA",0,0
"3914257",0,0,2008,"5700","5","6","2","01",0,1,"A",,,"Y",,"Y",1800,9,"H","A","A","COUNTY ROAD 25A","E ST",650,"W","N","2009-04-21",9280,"2008-09-06",1701,"17763",,"2","9","0","3",,"2","002","-","N",,0,0,,,0,,,,"Y",1,"A","-",23152,"A","N","A","H","-","A","D","0","Y","C","02",1,0,0,0,0,0,0,0,1,"-","-","UNINCORPORATED","YOLO","CA",0,0
"3914495",-121.746593172,38.7093238831,2008,"5700","5","2","4","12",0,1,"A",,,,,,2400,8,"E","I","A","COUNTY ROAD 101","COUNTY ROAD 18C",0,,"Y","2009-02-28",9280,"2008-08-26",2200,"01549",,"3","9","0","3",,"2","002","-","N",,0,0,,,0,,,,"Y",1,"A","-",22450,"A","N","A","H","-","D","D","0","Y","D","22",0,0,1,0,0,0,0,0,0,"-","-","UNINCORPORATED","YOLO","CA",0,0
"3914514",-121.802973182,38.721655112,2008,"5703","1","2","3","01",0,1,"A",,,,,"Y",2100,8,"E","I","A","RT 5","COUNTY ROAD 18",469,"N","N","2009-03-20",9280,"2008-08-26",1915,"12272",,"2","4","0","1",,"2","020","-","Y","YOL",3,5,"-","R",10.975,"R","2","S","Y",1,"A","-",23152,"A","N","A","H","-","B","D","1","Y","A","01",0,1,0,0,0,0,0,0,0,"-","-","WOODLAND","YOLO","CA",0,0
"3914518",-121.649240366,38.561428847,2008,"5700","1","5","3","03",0,1,"A",,,,,,2100,8,"C","C","A","RT 80","WEBSTER ST",2640,"W","N","2009-04-02",9280,"2008-08-08",1820,"15128",,"2","9","0","1",,"2","010","-","Y","YOL",3,80,"-","-",5.28,"H","-","E","N",2,"A","-",22350,,"N","A","H","-","A","D","1","Y","A","01",0,1,0,0,0,0,0,0,0,"-","-","UNINCORPORATED","YOLO","CA",0,0
"3914792",-121.746343152,38.5506858826,2008,"5701","0","7","4","09",0,1,"A",,"Y",,,,1800,8,"H","G","A","8TH ST","B ST",0,,"Y","2009-04-02",5701,"2008-08-03",1720,"38",,"5","5","0","0",,"0","002","-","N",,0,0,,,0,,,,"N",2,"A","-",21801,"A","N","A","H","-","A","A","0","Y","A","07",0,0,1,0,0,0,1,0,0,"-","-","DAVIS","YOLO","CA",0,0
"3917548",-121.523862537,38.5911331177,2008,"5704","0","7","4","01",0,1,"A",,,,,,1800,9,"C","C","A","HARDY DR","FREMONT BL",113,"N","N","2009-04-21",5704,"2008-09-14",1520,"0161",,"5","4","0","0",,"0","001","-","N",,0,0,,,0,,,,"Y",3,"A","-",23152,"A","N","-","A","H","A","D","0","Y","A","07",0,0,1,0,0,0,0,0,0,"-","N","WEST SACRAMENTO","YOLO","CA",0,0
"3917842",-121.555483128,38.5921134949,2008,"5704","0","1","3","03",0,1,"A",,,"Y",,,1800,9,"D","C","A","REED AV","STILLWATER RD",0,,"Y","2009-04-16",5704,"2008-09-15",1635,"0161",,"5","4","0","0",,"0","001","-","N",,0,0,,,0,,,,"N",2,"A","-",22350,,"F","A","H","-","A","A","0","Y","D","22",0,1,0,0,0,0,0,0,1,"-","-","WEST SACRAMENTO","YOLO","CA",0,0
"3917893",-121.577865761,38.5729064941,2008,"5704","0","7","3","05",0,2,"A",,,,,,1200,9,"E","I","A","LAKE RD","ENTERPRISE BL",35,"W","N","2009-04-17",5704,"2008-09-07",1120,"0161",,"5","4","0","0",,"0","002","-","N",,0,0,,,0,,,,"Y",1,"A","-",21650,,"N","A","H","-","A","D","0","Y","A","01",0,1,1,0,0,0,0,0,0,"-","-","WEST SACRAMENTO","YOLO","CA",0,0
"3917897",-121.534003123,38.5802536011,2008,"5704","0","7","2","01",0,2,"A",,,,,,2100,9,"A","C","A","WEST CAPITOL AV","POPLAR AV",0,,"Y","2009-04-30",5704,"2008-09-07",1912,"0152",,"5","4","0","0",,"0","002","-","N",,0,0,,,0,,,,"N",2,"A","-",23153,"A","N","A","H","-","A","A","0","Y","A","08",1,1,0,0,0,0,0,0,0,"-","-","WEST SACRAMENTO","YOLO","CA",0,0
"3918564",-121.747723153,38.550693512,2008,"5701","0","4","2","12",0,1,"A",,"Y",,,,1500,9,"H","G","A","E 8TH ST","A ST",0,,"Y","2009-04-21",5701,"2008-09-04",1429,"67","5701","5","5","0","0",,"0","002","-","N",,0,0,,,0,,,,"N",2,"A","-",22450,"A","N","A","H","-","A","A","0","Y","-",,1,0,0,0,0,0,1,0,0,"-","-","DAVIS","YOLO","CA",0,0
"3918635",-121.732353149,38.5383644104,2008,"5701","0","1","3","09",0,1,"A",,"Y",,,,1800,9,"H","G","A","RESEARCH PARK DR","DAVINCI CT",0,,"Y","2009-04-21",5701,"2008-09-22",1728,"49","8","5","5","0","0",,"0","004","-","N",,0,0,,,0,,,,"Y",2,"A","-",21801,"A","N","A","H","-","A","A","0","Y","A","01",0,1,0,0,0,0,1,0,0,"-","-","DAVIS","YOLO","CA",0,0
"3919713",-121.73862315,38.540813446,2008,"5701","0","2","3","12",0,1,"A",,"Y",,,,1800,6,"H","G","A","OLIVE DR","RICHARDS BL",0,,"Y","2008-12-19",5701,"2008-06-24",1545,"67","5701","5","5","0","0",,"0","004","-","N",,0,0,,,0,,,,"N",2,"A","-",21453,"A","N","A","H","-","A","A","0","Y","L","04",0,1,0,0,0,0,1,0,0,"-","-","DAVIS","YOLO","CA",0,0