"CASEID","POINT_X","POINT_Y","YEAR_","LOCATION","CHPTYPE","DAYWEEK","CRASHSEV","VIOLCAT","KILLED","INJURED","WEATHER1","PEDCOL","BICCOL","MCCOL","TRUCKCOL","ETOH","TIMECAT","MONTH_","CRASHTYP","INVOLVE","PED","PRIMARYRD","SECONDRD","DISTANCE","DIRECT","INTERSECT_","PROCDATE","JURIS","DATE_","TIME_","BADGE","JURIDIST","SHIFT","POP","SPECIAL","BEATTYPE","LAPDDIV","BEATCLAS","BEATNUMB","WEATHER2","STATEHW","CALTRANC","CALTRAND","STROUTE","ROUTESUF","POSTPRE","POSTMILE","LOCATYPE","RAMP","SIDEHW","TOWAWAY","PARTIES","PCF","VIOLCODE","VIOL","VIOLSUB","HITRUN","ROADSURF","RDCOND1","RDCOND2","LIGHTING","RIGHTWAY","CHPRDTYP","NOTPRIV","STFAULT","CHPFAULT","SEVINJ","OTHERINJ","COP","PEDKILL","PEDINJ","BICKILL","BICINJ","MCKILL","MCINJURE","RAMP1","RAMP2","CITY","COUNTY","STATE","X_CHP","Y_CHP"
"4217770",-122.02634,38.67418,2009,"5700","5","2","4","08",0,1,"A",,,,,,1500,4,"E","I","A","COUNTY ROAD 23","COUNTY ROAD 86",2640,"W","N","2009-12-15",9280,"2009-04-21",1240,"13235",,"1","9","0","3",,"2","003","-","N",,0,0,,,0,,,,"Y",1,"A","-",22107,,"N","A","H","-","A","D","0","Y","D","22",0,0,1,0,0,0,0,0,0,"-","-","UNINCORPORATED","YOLO","CA",0,0
"4217774",-121.556047462,38.586479569,2009,"5704","1","3","4","03",0,1,"A",,,,,,2100,4,"C","C","A","RT 80","REED AV",1584,"W","N","2010-01-28",9280,"2009-04-29",1810,"16144",,"2","4","0","1",,"2","010","-","Y","YOL",3,80,"-","R",10.91,"H","-","W","N",2,"A","-",22350,,"N","A","H","-","A","D","1","Y","A","01",0,0,1,0,0,0,0,0,0,"-","-","WEST SACRAMENTO","YOLO","CA",-121.55315,38.59068
"4218666",-121.695697875,38.5522306,2009,"5701","1","1","4","08",0,2,"A",,,,,,1500,4,"H","A","A","RT 80","MACE BL",500,"W","N","2010-01-29",9280,"2009-04-20",1345,"017351",,"1","5","0","1",,"2","010","-","Y","YOL",3,80,"-","-",2.59,"H","-","E","N",1,"A","-",22107,,"N","A","H","-","A","D","1","Y","A","01",0,0,2,0,0,0,0,0,0,"-","-","DAVIS","YOLO","CA",0,0
"4218713",-121.774443333,38.792797725,2009,"5700","3","4","3","01",0,1,"A",,,,,"Y",2400,4,"E","I","A","RT 113","COUNTY ROAD 13",23,"S","N","2010-02-09",9280,"2009-04-02",2125,"015492",,"2","9","0","1",,"2","023","-","Y","YOL",3,113,"-","-",18.65,"H","-","N","Y",1,"A","-",23152,"A","N","A","H","-","D","A","0","Y","D","22",0,1,0,0,0,0,0,0,0,"-","-","UNINCORPORATED","YOLO","CA",0,0
"4218717",-121.7784267,38.84955393,2009,"5700","3","3","3","08",0,1,"A",,,,,,1800,4,"E","J","A","RT 45","COUNTY ROAD 98A",2640,"E","N","2010-02-01",9280,"2009-04-22",1525,"011706",,"2","9","0","1",,"2","026","-","Y","YOL",3,45,"-","-",5.2,"H","-","N","Y",1,"A","-",22107,,"N","A","H","-","A","D","0","Y","D","22",0,1,0,0,0,0,0,0,0,"-","-","UNINCORPORATED","YOLO","CA",0,0
"4218722",-121.9252551,38.836188602,2009,"5700","1","3","3","08",0,2,"A",,,,,,900,4,"F","A","A","RT 5","COUNTY ROAD 91",476,"N","N","2010-02-01",9280,"2009-04-22",730,"12272",,"1","9","0","1",,"2","030","-","Y","YOL",3,5,"-","R",21.47,"H","-","S","Y",1,"A","-",22107,,"N","A","H","-","A","D","1","Y","A","01",0,1,1,0,0,0,0,0,0,"-","-","UNINCORPORATED","YOLO","CA",-121.9234,38.83536
"4218730",-121.648236266,38.561616706,2009,"5700","1","7","4","03",0,3,"A",,,,,,1800,4,"C","C","A","RT 80","WEBSTER RD",2326,"W","N","2010-01-29",9280,"2009-04-19",1704,"17763",,"2","9","0","1",,"2","010","-","Y","YOL",3,80,"-","-",5.34,"H","-","E","Y",3,"A","-",22350,,"N","A","H","-","A","D","1","Y","D","22",0,0,3,0,0,0,0,0,0,"-","-","UNINCORPORATED","YOLO","CA",0,0
"4218734",-121.751083167,38.670255111,2009,"5703","3","4","4","03",0,1,"A",,,,,,2400,4,"C","C","A","RT 113","MAIN ST",30,"S","N","2010-02-09",9280,"2009-04-16",2120,"14897",,"2","4","0","1",,"2","022","-","Y","YOL",3,113,"-","R",9.851,"R","1","N","N",2,"A","-",22350,,"M","A","H","-","D","A","1","Y","A","01",0,0,1,0,0,0,0,0,0,"TO","-","WOODLAND","YOLO","CA",0,0
"4218738",-121.530998282,38.575923016,2009,"5700","1","4","4","08",0,1,"B",,,,,,2400,4,"B","C","A","RT 50","RT 84",2112,"W","N","2010-02-01",9280,"2009-04-09",2220,"13927",,"3","9","0","1",,"2","010","C","Y","YOL",3,50,"-","-",2.08,"H","-","E","Y",2,"A","-",22107,,"N","B","H","-","D","D","1","Y","A","01",0,0,1,0,0,0,0,0,0,"-","-","UNINCORPORATED","YOLO","CA",0,0
"4218785",-121.7303,38.58901,2009,"5700","5","5","3","01",0,1,"B",,,,,"Y",300,4,"E","I","A","COUNTY ROAD 102","COUNTY ROAD 29",52,"E","N","2009-12-12",9280,"2009-04-10",41,"15492",,"3","9","0","3",,"2","002","-","N",,0,0,,,0,,,,"Y",1,"A","-",23152,"A","N","B","H","-","D","A","0","Y","A","01",0,1,0,0,0,0,0,0,0,"-","-","UNINCORPORATED","YOLO","CA",0,0
"4218793",-121.98508,38.89626,2009,"5700","5","4","4","09",0,2,"A",,,,,,2100,4,"D","C","A","COUNTY ROAD 4","COUNTY ROAD 88B",0,,"Y","2009-12-12",9280,"2009-04-23",1910,"16144",,"2","9","0","3",,"2","003","-","N",,0,0,,,0,,,,"Y",3,"A","-",21802,"A","N","A","H","-","A","A","0","Y","D","22",0,0,2,0,0,0,0,0,0,"-","-","UNINCORPORATED","YOLO","CA",-121.98337,38.89621
"4222408",-121.7410419,38.54738746,2009,"5701","0","6","3","17",0,1,"A",,"Y",,,,1500,4,"H","G","A","F ST","14TH ST",500,"N","N","2009-12-14",5701,"2009-04-18",1306,"48","5701","5","5","0","0",,"0","002","-","N",,0,0,,,0,,,,"N",2,"A","-",22517,,"N","A","H","-","A","D","0","Y","A","01",0,1,0,0,0,0,1,0,0,"-","-","DAVIS","YOLO","CA",0,0
"4222444",-121.6992,38.55794,2009,"5701","0","1","3","12",0,1,"A","Y",,,,,900,4,"H","B","B","ALHAMBRA DR","ARROYO AV",0,,"Y","2009-12-15",5701,"2009-04-20",820,"70","7","5","5","0","0",,"0","003","-","N",,0,0,,,0,,,,"N",2,"A","-",22450,"A","N","A","H","-","A","A","0","Y","A","08",0,1,0,0,1,0,0,0,0,"-","-","DAVIS","YOLO","CA",0,0
"4223431",-121.5492265,38.57921718,2009,"5704","0","4","3","09",0,1,"A",,,,,,1200,4,"D","C","A","WEST CAPITOL AV","HARBOR BL",150,"W","N","2009-12-05",5704,"2009-04-23",1135,"00111",,"5","4","0","0",,"0","002","-","N",,0,0,,,0,,,,"N",2,"A","-",21804,"A","N","A","H","-","A","D","0","Y","-","-",0,1,0,0,0,0,0,0,0,"-","-","WEST SACRAMENTO","YOLO","CA",0,0
"4224552",-121.745857,38.54380024,2009,"5701","0","1","4","17",0,1,"A",,"Y",,,,1800,4,"H","G","A","3RD ST","UNIVERSITY AV",40,"E","N","2009-11-30",5701,"2009-04-27",1535,"70","4","5","5","0","0",,"0","002","-","N",,0,0,,,0,,,,"N",2,"A","-",22517,,"N","A","H","-","A","A","0","Y","A","01",0,0,1,0,0,0,1,0,0,"-","-","DAVIS","YOLO","CA",0,0
"4225469",-121.57847,38.57012,2009,"5704","0","1","3","12",0,2,"A",,,,"Y",,1200,4,"D","C","A","ENTERPRISE BL","INDUSTRIAL BL",0,,"Y","2009-12-12",5704,"2009-04-20",1130,"00161",,"5","4","0","0",,"0","002","-","N",,0,0,,,0,,,,"Y",2,"A","-",21453,"A","N","A","H","-","A","A","0","Y","G","25",0,2,0,0,0,0,0,0,0,"-","-","WEST SACRAMENTO","YOLO","CA",0,0
"4225661",-121.65879,38.48722,2009,"5700","5","7","4","01",0,1,"B",,,,,"Y",2100,5,"E","I","A","COUNTY ROAD 36","COUNTY ROAD 106",0,,"Y","2010-02-08",9280,"2009-05-03",2000,"15010",,"2","9","0","3",,"2","001","-","N",,0,0,,,0,,,,"Y",1,"A","-",23152,"A","N","A","H","-","B","D","0","Y","A","01",0,0,1,0,0,0,0,0,0,"-","-","UNINCORPORATED","YOLO","CA",0,0
"4225819",-121.751083167,38.670255111,2009,"5703","0","3","4","09",0,1,"A",,"Y",,,,900,4,"D","G","A","EAST MAIN ST","RT 113",0,,"Y","2010-02-09",5703,"2009-04-29",700,"850","11","5","4","0","0",,"0","001","-","Y","YOL",3,113,"-","R",9.851,"R","4","N","N",2,"A","-",21804,"A","F","A","H","-","A","A","0","Y","-","-",0,0,1,0,0,0,1,0,0,"-","NF","WOODLAND","YOLO","CA",0,0
"4225871",-121.516059568,38.571522613,2009,"5700","2","2","3","03",0,1,"A",,,,,,2100,4,"C","C","A","RT 50","JEFFERSON BL",1056,"E","N","2010-02-01",9280,"2009-04-28",1800,"17933",,"2","9","0","1",,"2","011","-","Y","YOL",3,50,"-","-",3.14,"H","-","W","Y",2,"A","-",22350,,"N","A","H","-","A","D","1","Y","A","01",0,1,0,0,0,0,0,0,0,"-","-","UNINCORPORATED","YOLO","CA",0,0
"4225879",-121.686090153,38.554795083,2009,"5701","1","1","4","03",0,1,"A",,,,,,1800,4,"C","C","A","RT 80","MACE BL",21120,"E","N","2010-01-29",9280,"2009-04-20",1535,"17763",,"2","5","0","1",,"2","010","-","Y","YOL",3,80,"-","-",3.08,"H","-","E","Y",3,"A","-",22350,,"N","A","H","-","A","D","1","Y","A","01",0,0,1,0,0,0,0,0,0,"-","-","DAVIS","YOLO","CA",0,0
"4227577",-121.972675298,38.524309812,2009,"5702","0","7","4","04",0,2,"C",,,,,,1200,2,"C","C","A","RT 128","HEMENWAY ST",132,"E","N","2009-11-10",5702,"2009-02-15",1105,"526",,"5","2","0","0",,"0","00C","-","Y","YOL",3,128,"-","-",8.57,"H","-","W","Y",2,"A","-",21703,,"N","B","H","-","A","D","0","Y","-","-",0,0,2,0,0,0,0,0,0,"-","-","WINTERS","YOLO","CA",0,0
"4231202",-121.7262194,38.5397776,2009,"5701","0","5","4","03",0,1,"B",,,,,,1800,5,"C","C","A","COWELL BL","DREW AV",250,"W","N","2009-12-23",5701,"2009-05-01",1623,"67","8","5","5","0","0",,"0","004","C","N",,0,0,,,0,,,,"Y",3,"A","-",22350,,"N","B","H","-","A","A","0","Y","A","01",0,0,1,0,0,0,0,0,0,"-","-","DAVIS","YOLO","CA",0,0
"4231277",-121.75856,38.56088,2009,"5701","0","5","3","09",0,1,"B","Y",,,,,1500,5,"G","B","B","WEST COVELL BL","ANDERSON RD",0,,"Y","2009-12-23",5701,"2009-05-01",1413,"49","3","5","5","0","0",,"0","001","-","N",,0,0,,,0,,,,"N",2,"A","-",21453,"C","F","A","H","-","A","A","0","Y","A","07",0,1,0,0,1,0,0,0,0,"-","-","DAVIS","YOLO","CA",0,0
"4232441",-121.76524,38.69188,2009,"5703","0","6","4","12",0,2,"A",,,,,,1200,4,"D","C","A","EAST ST","KENTUCKY AV",0,,"Y","2009-12-12",5703,"2009-04-25",1134,"823","24","5","4","0","0",,"0","001","-","N",,0,0,,,0,,,,"Y",3,"A","-",21453,"A","N","A","H","-","A","A","0","Y","A","01",0,0,2,0,0,0,0,0,0,"-","-","WOODLAND","YOLO","CA",0,0
"4232821",-121.7586,38.55474,2009,"5701","0","6","4","22",0,1,"A",,"Y",,,,1200,4,"H","I","A","ANDERSON RD","RUTGERS DR",0,,"Y","2009-11-30",5701,"2009-04-25",943,"88","2","5","5","0","0",,"0","001","-","N",,0,0,,,0,,,,"N",1,"B","-",0,,"N","A","H","-","A","D","0","Y","L","04",0,0,1,0,0,0,1,0,0,"-","-","DAVIS","YOLO","CA",0,0
"4233156",-121.7406381,38.55761848,2009,"5701","0","1","3","17",0,1,"A",,"Y",,,,900,5,"H","G","A","J ST","DREXEL DR",160,"N","N","2010-01-05",5701,"2009-05-11",820,"70","5","5","5","0","0",,"0","002","-","N",,0,0,,,0,,,,"N",2,"A","-",21209,"A","F","A","H","-","A","A","0","Y","A","01",0,1,0,0,0,0,1,0,0,"-","-","DAVIS","YOLO","CA",0,0
"4235525",-121.78395,38.68475,2009,"5703","0","5","4","09",0,2,"A",,,,,,1200,5,"A","C","A","WEST ST","BEAMER ST",0,,"Y","2009-12-19",5703,"2009-05-01",1005,"806","44","5","4","0","0",,"0","002","-","N",,0,0,,,0,,,,"Y",2,"A","-",21801,"A","N","A","H","-","A","A","0","Y","A","01",0,0,2,0,0,0,0,0,0,"-","-","WOODLAND","YOLO","CA",0,0
"4235529",-121.7918,38.67216,2009,"5703","0","1","3","05",0,1,"A",,"Y",,,,1200,5,"H","G","A","COMMUNITY LN","CROSS ST",0,,"Y","2009-12-19",5703,"2009-05-04",1000,"865","52","5","4","0","0",,"0","003","-","N",,0,0,,,0,,,,"N",2,"A","-",21650,"1","N","A","H","-","A","D","0","Y","L","04",0,1,0,0,0,0,1,0,0,"-","-","WOODLAND","YOLO","CA",0,0
"4236894",-121.75223,38.56085,2009,"5701","0","2","4","12",0,2,"B",,,,,,900,5,"D","C","A","WEST COVELL BL","OAK AV",0,,"Y","2009-12-19",5701,"2009-05-05",700,"66","3","5","5","0","0",,"0","001","-","N",,0,0,,,0,,,,"Y",2,"A","-",21453,"A","N","A","H","-","A","A","0","Y","A","07",0,0,2,0,0,0,0,0,0,"-","-","DAVIS","YOLO","CA",0,0
"4239782",-121.7794231,38.56099605,2009,"5701","0","4","3","03",0,1,"A",,,,,,300,5,"E","I","A","WEST COVELL BL","DENALI DR",20,"W","N","2009-12-19",5701,"2009-05-14",137,"74","5701","5","5","0","0",,"0","001","-","N",,0,0,,,0,,,,"Y",1,"A","-",22350,,"N","A","H","-","C","A","0","Y","A","01",0,1,0,0,0,0,0,0,0,"-","-","DAVIS","YOLO","CA",0,0
"4239790",-121.762774,38.56074237,2009,"5701","0","3","3","03",0,1,"A",,,,,,1500,5,"E","I","A","COVELL BL","SYCAMORE LN",300,"E","N","2009-12-19",5701,"2009-05-06",1358,"67","3","5","5","0","0",,"0","001","-","N",,0,0,,,0,,,,"Y",1,"A","-",22350,,"N","A","H","-","A","A","0","Y","A","01",0,1,0,0,0,0,0,0,0,"-","-","DAVIS","YOLO","CA",0,0
"4239798",-121.74442,38.56381,2009,"5701","0","4","3","09",0,1,"A",,,,,,1800,5,"D","C","A","F ST","AMPOLA DR",0,,"Y","2009-12-19",5701,"2009-05-07",1750,"160","3","5","5","0","0",,"0","001","-","N",,0,0,,,0,,,,"N",2,"A","-",21801,"A","N","A","H","-","A","A","0","Y","A","01",0,1,0,0,0,0,0,0,0,"-","-","DAVIS","YOLO","CA",0,0
"4239802",-121.6941687,38.55656624,2009,"5701","0","3","4","03",0,1,"A",,,,,,1200,5,"C","C","A","MACE BL","2ND ST",20,"S","N","2009-12-19",5701,"2009-05-13",910,"67","7","5","5","0","0",,"0","003","-","N",,0,0,,,0,,,,"N",2,"A","-",22350,,"N","A","H","-","A","A","0","Y","A","07",0,0,1,0,0,0,0,0,0,"-","-","DAVIS","YOLO","CA",0,0
"4240762",-121.582886373,38.573460303,2009,"5700","1","7","4","07",0,1,"A",,,"Y",,,1800,4,"B","C","A","RT 80","ENTERPRISE BL",1056,"W","N","2010-01-29",9280,"2009-04-26",1710,"13975",,"2","9","0","1",,"2","010","-","Y","YOL",3,80,"-","-",8.98,"H","-","W","Y",2,"A","-",21658,"A","N","A","H","-","A","D","1","Y","C","02",0,0,1,0,0,0,0,0,1,"-","-","UNINCORPORATED","YOLO","CA",0,0
"4240770",-121.5455542,38.47699002,2009,"5700","5","4","4","08",0,1,"A",,,,,,900,4,"-","I","A","SOUTH RIVER RD","BABEL SLOUGH RD",1584,"S","N","2009-12-10",9280,"2009-04-02",800,"12272",,"1","9","0","3",,"2","001","-","N",,0,0,,,0,,,,"Y",1,"A","-",22107,,"N","A","H","-","A","D","0","Y","A","01",0,0,1,0,0,0,0,0,0,"-","-","UNINCORPORATED","YOLO","CA",-121.54542,38.47676
"4242600",0,0,2009,"5704","0","7","4","01",0,1,"A",,,,,"Y",2100,5,"C","C","A","MARSHALL RD","GOLDEN GATE DR",26,"E","N","2010-01-14",5704,"2009-05-17",2040,"0152","5704","5","4","0","0",,"0","003","-","N",,0,0,,,0,,,,"Y",2,"A","-",23152,"A","N","A","H","-","C","D","0","Y","-","-",0,0,1,0,0,0,0,0,0,"-","-","WEST SACRAMENTO","YOLO","CA",0,0
"4242604",-121.52682,38.58955,2009,"5704","0","7","4","01",0,2,"A",,,,,"Y",2100,5,"C","C","A","SACRAMENTO AV","JEFFERSON BL",0,,"Y","2010-01-14",5704,"2009-05-17",1839,"0137",,"5","4","0","0",,"0","001","-","N",,0,0,,,0,,,,"N",2,"A","-",23152,"A","M","A","H","-","A","A","0","Y","-","-",0,0,2,0,0,0,0,0,0,"-","-","WEST SACRAMENTO","YOLO","CA",0,0
"4242615",-121.74814,38.61916,2009,"5700","5","6","3","01",0,1,"A",,,,,"Y",900,5,"F","A","A","COUNTY ROAD 27","COUNTY ROAD 101",207,"E","N","2010-01-14",9280,"2009-05-09",650,"14966",,"1","9","0","3",,"2","002","-","N",,0,0,,,0,,,,"Y",1,"A","-",23152,"A","N","A","H","-","A","D","0","Y","A","01",0,1,0,0,0,0,0,0,0,"-","-","UNINCORPORATED","YOLO","CA",0,0
"4242619",-121.685654985,38.55511921,2009,"5700","1","1","3","08",0,1,"A",,,,,,300,5,"E","J","A","RT 80","MACE BL",2112,"E","N","2010-02-01",9280,"2009-05-11",55,"17933",,"3","9","0","1",,"2","010","-","Y","YOL",3,80,"-","-",3.08,"H","-","W","Y",1,"A","-",22107,,"N","A","H","-","D","D","1","Y","D","22",0,1,0,0,0,0,0,0,0,"-","-","UNINCORPORATED","YOLO","CA",0,0
"4242628",-121.56167,38.53511,2009,"5704","0","7","3","01",0,1,"B",,,,,"Y",300,5,"A","I","A","MARSHALL RD","SEYMORE AV",0,,"Y","2010-01-14",5704,"2009-05-03",137,"0168","5704","5","4","0","0",,"0","003","-","N",,0,0,,,0,,,,"Y",1,"A","-",23152,"A","N","B","H","-","C","D","0","Y","A","01",0,1,0,0,0,0,0,0,0,"-","-","WEST SACRAMENTO","YOLO","CA",0,0
"4242718",-121.699584817,38.551919718,2009,"5700","1","2","3","08",0,1,"B",,,,,,1800,5,"E","I","A","RT 80","MACE BL",1056,"W","N","2010-02-05",9280,"2009-05-05",1520,"17933",,"2","9","0","1",,"2","010","-","Y","YOL",3,80,"-","-",2.47,"H","-","W","Y",1,"A","-",22107,,"N","A","H","-","A","D","1","Y","A","01",0,1,0,0,0,0,0,0,0,"-","-","UNINCORPORATED","YOLO","CA",0,0
"4243043",-121.736553149,38.539155101,2009,"5701","0","5","3","00",0,1,"A",,"Y",,,,1500,5,"H","-","A","RICHARDS BL","RT 80",300,"N","N","2010-01-29",5701,"2009-05-08",1225,"67","8","5","5","0","0",,"0","004","-","Y","YOL",3,80,"-","-",0.227,"R","4","E","N",1,"D","-",0,,"N","A","H","-","A","D","0","Y","-","-",0,1,0,0,0,0,1,0,0,"-","EO","DAVIS","YOLO","CA",0,0
"4243047",0,0,2009,"5701","0","4","3","22",0,1,"A","Y","Y",,,,1800,5,"H","-","F","DAVE PELZ BICYCLE","COWELL BL",150,"N","N","2009-12-23",5701,"2009-05-07",1546,"67","9","5","5","0","0",,"0","004","-","N",,0,0,,,0,,,,"N",2,"B","-",0,,"N","A","H","-","A","D","0","Y","-","-",0,1,0,0,1,0,0,0,0,"-","-","DAVIS","YOLO","CA",0,0
"4243055",-121.74772,38.55003,2009,"5701","0","1","3","03",0,1,"A",,"Y",,,,1200,5,"H","I","A","A ST","SHEPARDS LN",0,,"Y","2009-12-23",5701,"2009-05-11",958,"70","4","5","5","0","0",,"0","002","-","N",,0,0,,,0,,,,"N",1,"A","-",22350,,"N","A","B","-","A","A","0","Y","L","04",0,1,0,0,0,0,1,0,0,"-","-","DAVIS","YOLO","CA",0,0
"4243103",-121.7608148,38.55080394,2009,"5701","0","5","2","03",0,1,"B",,,,,,2100,5,"E","I","A","MULBERRY LN","8TH ST",105,"S","N","2009-12-23",5701,"2009-05-01",1830,"212","5701","5","5","0","0",,"0","001","C","N",,0,0,,,0,,,,"Y",1,"A","-",22350,,"N","B","H","-","B","D","0","Y","A","07",1,0,0,0,0,0,0,0,0,"-","-","DAVIS","YOLO","CA",0,0
"4243736",-121.712427711,38.548781069,2009,"5701","1","5","2","08",0,5,"A",,,,,,1500,4,"F","A","A","RT 80","DAVE PELZ BICYCLE",1056,"W","N","2010-01-29",9280,"2009-04-03",1230,"16027",,"1","5","0","1",,"2","010","-","Y","YOL",3,80,"-","-",1.72,"H","-","E","Y",1,"A","-",22107,,"N","A","H","-","A","D","1","Y","A","07",2,2,1,0,0,0,0,0,0,"-","-","DAVIS","YOLO","CA",0,0
"4243900",-121.663092569,38.55934658,2009,"5700","1","7","4","01",0,1,"A",,,,,"Y",2400,5,"B","C","A","RT 80","WEBSTER",5800,"W","N","2010-01-29",9280,"2009-05-03",2125,"015079",,"2","9","0","1",,"2","010","-","Y","YOL",3,80,"-","-",4.46,"H","-","E","Y",2,"A","-",23152,"A","N","A","H","-","D","D","1","Y","A","01",0,0,1,0,0,0,0,0,0,"-","-","UNINCORPORATED","YOLO","CA",0,0
"4243921",-121.954347543,38.862059433,2009,"5700","1","2","4","08",0,2,"B",,,,,,1800,5,"B","C","A","RT 5","COUNTY ROAD 8",300,"N","N","2010-02-01",9280,"2009-05-05",1555,"017763",,"2","9","0","1",,"2","030","-","Y","YOL",3,5,"-","R",23.85,"H","-","N","Y",2,"A","-",22107,,"N","A","H","-","A","D","1","Y","D","22",0,0,2,0,0,0,0,0,0,"-","-","UNINCORPORATED","YOLO","CA",-121.95477,38.86285
"4243929",-121.692988703,38.552855475,2009,"5701","1","3","3","03",0,1,"A",,,"Y",,,900,5,"C","C","A","RT 80","MACE BL",50,"E","N","2010-01-29",9280,"2009-05-13",650,"015416",,"1","5","0","1",,"2","010","-","Y","YOL",3,80,"-","-",2.69,"H","-","E","Y",2,"A","-",22350,,"N","A","H","-","A","D","1","Y","C","02",0,1,0,0,0,0,0,0,1,"-","-","DAVIS","YOLO","CA",0,0
"4243941",-122.090732107,38.7038600766,2009,"5700","3","3","4","08",0,1,"A",,,,,,1200,5,"E","I","A","RT 16","COUNTY ROAD 82B",1056,"W","N","2010-02-08",9280,"2009-05-20",1025,"016027",,"1","9","0","1",,"2","034","-","Y","YOL",3,16,"-","-",23.32,"H","-","E","Y",1,"A","-",22107,,"N","A","H","-","A","D","0","Y","A","01",0,0,1,0,0,0,0,0,0,"-","-","UNINCORPORATED","YOLO","CA",0,0
"4244725",-121.768037592,38.544085892,2009,"5701","0","6","4","03",0,1,"A",,,,,,2100,5,"C","C","A","RUSSELL BL","RT 113",10,"W","N","2010-02-09",5701,"2009-05-16",1827,"89","5701","5","5","0","0",,"0","00I","-","Y","YOL",3,113,"-","R",0.924,"R","4","N","N",2,"A","-",22350,,"N","A","H","-","A","A","0","Y","D","22",0,0,1,0,0,0,0,0,0,"-","SF","DAVIS","YOLO","CA",0,0
"4244973",-121.983006835,38.684032801,2009,"5700","3","3","1","08",1,2,"A",,,,,,1800,4,"B","C","A","RT 16","COUNTY ROAD 88B",525,"E","N","2009-06-05",9280,"2009-04-01",1720,"016144",,"2","9","0","1",,"2","034","-","Y","YOL",3,16,"-","-",30.17,"H","-","W","Y",3,"A","-",22107,,"N","A","H","-","A","D","0","Y","A","01",0,0,2,0,0,0,0,0,0,"-","-","UNINCORPORATED","YOLO","CA",-121.98251,38.68399
"4245401",0,0,2009,"5700","5","1","3","08",0,1,"A",,,,,,1500,4,"E","I","A","COUNTY ROAD 88A","COUNTY ROAD 41A",300,"S","N","2009-12-10",9280,"2009-04-13",1310,"16527",,"1","9","0","3",,"2","003","-","N",,0,0,,,0,,,,"N",1,"A","-",22107,,"M","A","H","-","A","D","0","Y","A","01",0,1,0,0,0,0,0,0,0,"-","-","UNINCORPORATED","YOLO","CA",0,0
"4245409",-122.036596628,38.498650382,2009,"5700","3","3","4","01",0,1,"A",,,,,"Y",600,4,"E","I","A","RT 128","PLEASANTS VALLEY RD",3696,"W","N","2010-02-02",9280,"2009-04-22",340,"13399",,"3","9","0","1",,"2","032","-","Y","YOL",3,128,"-","-",3.96,"H","-","E","Y",1,"A","-",23152,"A","N","A","H","-","D","D","0","Y","D","23",0,0,1,0,0,0,0,0,0,"-","-","UNINCORPORATED","YOLO","CA",0,0
"4246840",-121.84897,38.66339,2009,"5700","5","6","3","03",0,1,"A",,,,,,1500,5,"C","C","A","COUNTY ROAD 24","COUNTY ROAD 95A",1056,"E","N","2010-01-08",9280,"2009-05-23",1455,"16027",,"2","9","0","3",,"2","002","-","N",,0,0,,,0,,,,"Y",2,"A","-",22350,,"N","A","H","-","A","D","0","Y","A","01",0,1,0,0,0,0,0,0,0,"-","-","UNINCORPORATED","YOLO","CA",0,0
"4246848",-121.709719804,38.549399358,2009,"5701","1","5","4","03",0,1,"A",,,,,,1800,5,"C","C","A","RT 80","POLE LINE RD",5280,"E","N","2010-01-29",9280,"2009-05-15",1645,"15128",,"2","5","0","1",,"2","010","-","Y","YOL",3,80,"-","-",1.89,"H","-","E","Y",2,"A","-",22350,,"N","A","H","-","A","D","1","Y","A","01",0,0,1,0,0,0,0,0,0,"-","-","DAVIS","YOLO","CA",0,0
"4246852",-121.552248126,38.575101118,2009,"5704","2","6","2","03",0,2,"A",,,"Y",,,1500,5,"F","A","A","RT 50","HARBOR BL",450,"W","N","2010-02-05",9280,"2009-05-09",1201,"15353",,"1","4","0","1",,"2","011","-","Y","YOL",3,50,"-","-",1.11,"H","-","W","Y",1,"A","-",22350,,"N","A","H","-","A","D","1","Y","C","02",1,1,0,0,0,0,0,0,2,"-","-","WEST SACRAMENTO","YOLO","CA",-121.55085,38.57537
"4246856",-121.701036068,38.551600765,2009,"5701","1","2","4","00",0,1,"A",,,,,,2100,5,"E","I","A","RT 80","MACE BL",1584,"W","N","2010-01-29",9280,"2009-05-12",1833,"17763",,"2","5","0","1",,"2","010","-","Y","YOL",3,80,"-","-",2.38,"H","-","W","Y",1,"D","-",0,,"N","A","H","-","A","D","1","Y","-","-",0,0,1,0,0,0,0,0,0,"-","-","DAVIS","YOLO","CA",0,0
"4246860",-121.767644567,38.554817008,2009,"5701","3","1","3","08",0,2,"A",,,,,,300,5,"F","A","A","RT 113","SYCAMORE",300,"N","N","2010-02-09",9280,"2009-05-11",10,"15079",,"3","5","0","1",,"2","022","-","Y","YOL",3,113,"-","R",1.81,"H","-","N","Y",1,"A","-",22107,,"N","A","H","-","D","D","1","Y","A","01",0,2,0,0,0,0,0,0,0,"-","-","DAVIS","YOLO","CA",0,0
"4246864",-121.517913715,38.572859722,2009,"5704","2","6","3","08",0,1,"C",,,,,,1500,5,"H","I","A","RT 50","YOLO COUNTY LINE RD",1056,"W","N","2010-02-05",9280,"2009-05-02",1307,"16632",,"1","4","0","1",,"2","011","-","Y","YOL",3,50,"-","-",2.96,"H","-","E","Y",1,"A","-",22107,,"N","B","H","-","A","D","1","Y","D","22",0,1,0,0,0,0,0,0,0,"-","-","WEST SACRAMENTO","YOLO","CA",0,0