"CASEID","POINT_X","POINT_Y","YEAR_","LOCATION","CHPTYPE","DAYWEEK","CRASHSEV","VIOLCAT","KILLED","INJURED","WEATHER1","PEDCOL","BICCOL","MCCOL","TRUCKCOL","ETOH","TIMECAT","MONTH_","CRASHTYP","INVOLVE","PED","PRIMARYRD","SECONDRD","DISTANCE","DIRECT","INTERSECT_","PROCDATE","JURIS","DATE_","TIME_","BADGE","JURIDIST","SHIFT","POP","SPECIAL","BEATTYPE","LAPDDIV","BEATCLAS","BEATNUMB","WEATHER2","STATEHW","CALTRANC","CALTRAND","STROUTE","ROUTESUF","POSTPRE","POSTMILE","LOCATYPE","RAMP","SIDEHW","TOWAWAY","PARTIES","PCF","VIOLCODE","VIOL","VIOLSUB","HITRUN","ROADSURF","RDCOND1","RDCOND2","LIGHTING","RIGHTWAY","CHPRDTYP","NOTPRIV","STFAULT","CHPFAULT","SEVINJ","OTHERINJ","COP","PEDKILL","PEDINJ","BICKILL","BICINJ","MCKILL","MCINJURE","RAMP1","RAMP2","CITY","COUNTY","STATE","X_CHP","Y_CHP"
"4313305",-121.690493144,38.553685106,2009,"5700","1","3","4","03",0,1,"A",,,,,,1800,7,"C","C","A","RT 80","MACE BL",528,"E","N","2010-06-17",9280,"2009-07-08",1720,"17933",,"2","9","0","1",,"2","010","-","Y","YOL",3,80,"-","-",2.811,"R","1","E","Y",3,"A","-",22350,,"N","A","H","-","A","A","1","Y","A","08",0,0,1,0,0,0,0,0,0,"-","-","UNINCORPORATED","YOLO","CA",0,0
"4313337",-121.550272693,38.594432778,2009,"5704","1","7","4","03",0,2,"A",,,,,,1800,7,"C","C","A","RT 80","REED AV",528,"E","N","2010-06-02",9280,"2009-07-05",1745,"15128",,"2","4","0","1",,"2","010","-","Y","YOL",3,80,"-","R",11.35,"H","-","E","N",2,"A","-",22350,,"N","A","H","-","A","D","1","Y","A","01",0,0,2,0,0,0,0,0,0,"-","-","WEST SACRAMENTO","YOLO","CA",0,0
"4314806",-121.5488429,38.57924089,2009,"5704","0","1","4","03",0,1,"A",,,,,,1500,7,"C","C","A","WEST CAPITOL AV","HARBOR BL",40,"W","N","2010-04-08",5704,"2009-07-06",1210,"161",,"5","4","0","0",,"0","002","-","N",,0,0,,,0,,,,"N",2,"A","-",22350,,"N","A","H","-","A","A","0","Y","D","22",0,0,1,0,0,0,0,0,0,"-","-","WEST SACRAMENTO","YOLO","CA",0,0
"4315158",-121.80308,38.58986,2009,"5700","5","3","3","01",0,3,"A",,,,,"Y",300,7,"F","A","A","COUNTY ROAD 29","COUNTY ROAD 98",677,"W","N","2010-04-10",9280,"2009-07-08",12,"17763",,"3","9","0","3",,"2","002","-","N",,0,0,,,0,,,,"Y",1,"A","-",23152,"A","N","A","H","-","D","D","0","Y","D","22",0,2,1,0,0,0,0,0,0,"-","-","UNINCORPORATED","YOLO","CA",0,0
"4315375",-121.51004,38.58847,2009,"5704","0","2","4","05",0,1,"A",,"Y",,,,1800,6,"D","G","A","3RD ST","C ST",0,,"Y","2010-02-01",5704,"2009-06-23",1647,"0111",,"5","4","0","0",,"0","001","-","N",,0,0,,,0,,,,"N",2,"A","-",21202,"A","N","A","H","-","A","A","0","Y","L","04",0,0,1,0,0,0,1,0,0,"-","-","WEST SACRAMENTO","YOLO","CA",0,0
"4315379",-121.54969,38.53945,2009,"5704","0","3","3","03",0,3,"A",,,,,,1200,6,"C","C","A","JEFFERSON BL","LINDEN RD",0,,"Y","2010-02-01",5704,"2009-06-17",1030,"0138",,"5","4","0","0",,"0",,"-","N",,0,0,,,0,,,,"Y",2,"A","-",22350,,"N","A","H","-","A","A","0","Y","-","-",0,1,2,0,0,0,0,0,0,"-","-","WEST SACRAMENTO","YOLO","CA",0,0
"4315391",-121.5235,38.57132,2009,"5704","0","2","4","00",0,3,"A",,,,,,2100,6,"D","C","A","JEFFERSON BL","15TH ST",0,,"Y","2010-02-01",5704,"2009-06-16",1944,"0152","5704","5","4","0","0",,"0","002","-","N",,0,0,,,0,,,,"Y",2,"D","-",0,,"N","A","H","-","A","A","0","Y","-","-",0,0,3,0,0,0,0,0,0,"-","-","WEST SACRAMENTO","YOLO","CA",0,0
"4315395",-121.5566297,38.57711264,2009,"5704","0","2","4","22",0,1,"A","Y",,,,,2100,6,"G","B","-","EVERGREEN CIR","PINE ST",300,"W","N","2010-02-01",5704,"2009-06-02",1930,"0165",,"5","4","0","0",,"0","002","-","N",,0,0,,,0,,,,"N",2,"B","-",0,,"M","A","H","-","B","D","0","Y","-","-",0,0,1,0,1,0,0,0,0,"-","-","WEST SACRAMENTO","YOLO","CA",0,0
"4315622",-121.55752796,38.575241374,2009,"5700","1","4","3","08",0,1,"A",,,"Y",,,2400,5,"E","J","A","RT 50","RT 80",528,"E","N","2010-02-08",9280,"2009-05-21",2355,"013927",,"3","9","0","1",,"2","010","-","Y","YOL",3,50,"-","-",0.6,"H","-","W","N",1,"A","-",22107,,"N","A","D","-","C","D","1","Y","C","02",0,1,0,0,0,0,0,0,1,"-","-","UNINCORPORATED","YOLO","CA",0,0
"4315680",-121.5313574,38.53147098,2009,"5704","0","1","4","05",0,1,"A",,,,,,1500,5,"F","J","A","SOUTH RIVER RD","DAVIS RD",1262,"N","N","2010-01-28",5704,"2009-05-25",1343,"00114",,"5","4","0","0",,"0","003","-","N",,0,0,,,0,,,,"Y",1,"A","-",21650,,"N","A","H","-","A","D","0","Y","-","-",0,0,1,0,0,0,0,0,0,"-","-","WEST SACRAMENTO","YOLO","CA",0,0
"4316649",-121.7168445,38.56826935,2009,"5701","0","5","4","21",0,1,"A",,,,"Y",,1200,7,"H","C","A","BERNINI ST","ROUALT ST",10,"E","N","2010-03-25",5701,"2009-07-03",1010,"70","6","5","5","0","0",,"0","003","-","N",,0,0,,,0,,,,"N",2,"A","-",22106,,"N","A","H","-","A","A","0","Y","F","26",0,0,1,0,0,0,0,0,0,"-","-","DAVIS","YOLO","CA",0,0
"4317815",-121.75853,38.56199,2009,"5701","0","3","4","01",0,2,"A",,,,,"Y",600,6,"E","I","A","ANDERSON RD","ALVARADO AV",0,,"Y","2010-02-08",5701,"2009-06-17",300,"45","1","5","5","0","0",,"0","001","-","N",,0,0,,,0,,,,"Y",1,"A","-",23152,"A","N","A","H","-","C","A","0","Y","A","01",0,0,2,0,0,0,0,0,0,"-","-","DAVIS","YOLO","CA",0,0
"4317973",-121.741016,38.54735783,2009,"5701","0","4","3","09",0,1,"A",,"Y",,,,1500,7,"H","G","A","5TH ST","F ST",5,"E","N","2010-04-21",5701,"2009-07-02",1201,"70","4","5","5","0","0",,"0","002","-","N",,0,0,,,0,,,,"N",2,"A","-",21801,"A","N","A","H","-","A","A","0","Y","A","01",0,1,0,0,0,0,1,0,0,"-","-","DAVIS","YOLO","CA",0,0
"4317977",-121.7442521,38.5426747,2009,"5701","0","1","3","09",0,1,"A",,"Y",,,,1200,7,"A","G","A","2ND ST","B ST",15,"E","N","2010-04-21",5701,"2009-07-20",947,"38",,"5","5","0","0",,"0","002","-","N",,0,0,,,0,,,,"N",2,"A","-",21801,"A","N","A","H","-","A","A","0","Y","A","08",0,1,0,0,0,0,1,0,0,"-","-","DAVIS","YOLO","CA",0,0
"4318086",-121.517648599,38.572982668,2009,"5704","2","5","4","07",0,1,"A",,,,"Y",,1500,6,"-","C","A","RT 50","SOUTH RIVER RD",250,"E","N","2010-02-09",9280,"2009-06-26",1210,"12272",,"1","4","0","1",,"2","011","-","Y","YOL",3,50,"-","-",2.9,"H","-","W","Y",3,"A","-",21658,"A","F","A","H","-","A","A","1","Y","D","22",0,0,1,0,0,0,0,0,0,"-","-","WEST SACRAMENTO","YOLO","CA",0,0
"4318949",-121.769882,38.67991901,2009,"5703","0","1","4","-",0,1,"A",,,,,,1500,6,"D","C","A","NORTH ST","3RD ST",203,"E","N","2010-02-01",5703,"2009-06-29",1239,"853","22","5","4","0","0",,"0","001","-","N",,0,0,,,0,,,,"N",2,"-","-",0,,"N","A","H","-","A","D","0","Y","-","-",0,0,1,0,0,0,0,0,0,"-","-","WOODLAND","YOLO","CA",0,0
"4319013",-121.751253169,38.676885112,2009,"5703","0","5","3","08",0,1,"A",,,,,,1800,7,"C","C","A","EAST MAIN ST","RT 113",107,"E","N","2010-07-02",5703,"2009-07-10",1501,"850","41","5","4","0","0",,"0","001","-","Y","YOL",3,113,"-","R",10.15,"R","4","S","Y",3,"A","-",22107,,"N","A","H","-","A","A","0","Y","D","22",0,1,0,0,0,0,0,0,0,"-","SO","WOODLAND","YOLO","CA",0,0
"4319025",-121.77456,38.68694,2009,"5703","0","7","4","-",0,1,"A",,,,,,1800,7,"A","I","A","COLLEGE ST","KEYSTONE AV",0,,"Y","2010-03-23",5703,"2009-07-05",1700,"820","23","5","4","0","0",,"0","001","-","N",,0,0,,,0,,,,"Y",1,"A","-",0,,"N","A","H","-","A","D","0","Y","-","-",0,0,1,0,0,0,0,0,0,"-","-","WOODLAND","YOLO","CA",0,0
"4320212",-122.087128369,38.7045362956,2009,"5700","5","6","3","00",0,1,"A",,"Y",,,,1500,6,"F","A","A","COUNTY ROAD 82B","RT 16",65,"S","N","2010-03-19",9280,"2009-06-13",1455,"016257",,"2","9","0","3",,"2","003","-","Y","YOL",3,16,"-","-",23.52,"I","6","E","N",1,"D","-",0,,"N","A","H","-","A","D","0","Y","-","-",0,1,0,0,0,0,1,0,0,"-","-","UNINCORPORATED","YOLO","CA",0,0
"4320216",-122.0225,38.68957,2009,"5700","5","7","4","03",0,1,"A",,,,,,900,6,"C","C","A","COUNTY ROAD 21A","COUNTY ROAD 86",50,"W","N","2010-02-18",9280,"2009-06-28",710,"012335",,"1","9","0","3",,"2","003","-","N",,0,0,,,0,,,,"Y",3,"A","-",22350,,"N","A","H","-","A","A","0","Y","A","01",0,0,1,0,0,0,0,0,0,"-","-","UNINCORPORATED","YOLO","CA",0,0
"4320288",-121.65259753,38.560837485,2009,"5700","1","4","4","03",0,2,"A",,,,,,2100,7,"C","C","A","RT 80","WEBSTER RD",3696,"W","N","2010-06-02",9280,"2009-07-09",1820,"14966",,"2","9","0","1",,"2","010","-","Y","YOL",3,80,"-","-",5.08,"H","-","E","N",2,"A","-",22350,,"N","A","H","-","A","D","1","Y","D","22",0,0,2,0,0,0,0,0,0,"-","-","UNINCORPORATED","YOLO","CA",0,0
"4320292",-122.0190569,38.88683666,2009,"5700","5","2","4","08",0,1,"A",,,"Y",,,1800,7,"F","A","A","COUNTY ROAD 6","COUNTY ROAD 86",4224,"E","N","2010-06-15",9280,"2009-07-07",1725,"15353",,"2","9","0","3",,"2","003","-","N",,0,0,,,0,,,,"Y",1,"A","-",22107,,"N","A","H","-","A","D","0","Y","C","02",0,0,1,0,0,0,0,0,1,"-","-","UNINCORPORATED","YOLO","CA",0,0
"4320296",-121.95297784,38.573487993,2009,"5700","1","4","3","08",0,1,"A",,,,,,1500,7,"E","I","A","RT 505","CHICKAHOMINY SLOUGH",28,"S","N","2010-07-02",9280,"2009-07-09",1315,"14897",,"1","9","0","1",,"2","031","-","Y","YOL",3,505,"-","-",3.36,"H","-","N","Y",1,"A","-",22107,,"N","A","H","-","A","D","1","Y","D","22",0,1,0,0,0,0,0,0,0,"-","-","UNINCORPORATED","YOLO","CA",0,0
"4323764",-121.7767636,38.6787929,2009,"5703","0","3","2","05",0,1,"A",,,"Y",,,1500,7,"A","A","A","COURT ST","ELM ST",140,"W","N","2010-03-29",5703,"2009-07-15",1341,"811","42","5","4","0","0",,"0","002","-","N",,0,0,,,0,,,,"Y",3,"A","-",21650,,"N","A","H","-","A","D","0","Y","A","01",1,0,0,0,0,0,0,0,1,"-","-","WOODLAND","YOLO","CA",0,0
"4330246",-121.634424984,38.56406288,2009,"5700","1","6","4","08",0,3,"A",,,,,,600,7,"E","I","A","RT 80","WEBSTER",1056,"E","N","2010-06-02",9280,"2009-07-11",330,"013598",,"3","9","0","1",,"2","010","-","Y","YOL",3,80,"-","-",6,"H","-","E","Y",1,"A","-",22107,,"N","A","H","-","C","D","1","Y","A","01",0,0,3,0,0,0,0,0,0,"-","-","UNINCORPORATED","YOLO","CA",0,0
"4330258",-121.736903028,38.538865697,2009,"5701","1","1","4","03",0,2,"A","Y",,,,,2100,7,"C","C","E","RT 80","RICHARDS BL",230,"W","N","2010-06-02",9280,"2009-07-13",1834,"017763",,"2","5","0","1",,"2","010","-","Y","YOL",3,80,"-","-",0.21,"H","-","E","Y",4,"A","-",22350,,"N","A","H","-","A","D","1","Y","A","01",0,0,2,0,1,0,0,0,0,"-","-","DAVIS","YOLO","CA",0,0
"4330508",-121.54869,38.57924,2009,"5704","0","5","4","05",0,1,"A",,"Y",,,,1200,7,"D","G","A","HARBOR BL","WEST CAPITOL AV",0,,"Y","2010-03-22",5704,"2009-07-17",1050,"00159",,"5","4","0","0",,"0","002","-","N",,0,0,,,0,,,,"N",2,"A","-",21650,"1","N","A","H","-","A","D","0","Y","L","04",0,0,1,0,0,0,1,0,0,"-","-","WEST SACRAMENTO","YOLO","CA",0,0
"4330566",-121.52776,38.56313,2009,"5704","0","3","4","03",0,2,"A",,,,,,1500,7,"C","C","A","JEFFERSON BL","STONE BL",0,,"Y","2010-03-22",5704,"2009-07-15",1345,"159",,"5","4","0","0",,"0","003","-","N",,0,0,,,0,,,,"Y",3,"A","-",22350,,"N","A","H","-","A","A","0","Y","A","07",0,0,2,0,0,0,0,0,0,"-","-","WEST SACRAMENTO","YOLO","CA",0,0
"4330578",-121.5250488,38.58108683,2009,"5704","0","7","4","05",0,1,"A",,"Y",,,,1200,7,"D","G","A","WEST CAPITOL AV","JEFFERSON BL",500,"E","N","2010-03-22",5704,"2009-07-19",1108,"158",,"5","4","0","0",,"0","001","-","N",,0,0,,,0,,,,"N",2,"A","-",21650,"1","N","A","D","H","A","D","0","Y","L","04",0,0,1,0,0,0,1,0,0,"-","-","WEST SACRAMENTO","YOLO","CA",0,0
"4332243",-121.74771,38.55069,2009,"5701","0","7","3","12",0,1,"A",,,,,,1800,7,"D","C","A","8TH ST","A ST",0,,"Y","2010-03-16",5701,"2009-07-26",1600,"66",,"5","5","0","0",,"0","002","-","N",,0,0,,,0,,,,"Y",2,"A","-",22450,"A","N","A","H","-","A","A","0","Y","A","01",0,1,0,0,0,0,0,0,0,"-","-","DAVIS","YOLO","CA",0,0
"4332251",-121.767933158,38.565385102,2009,"5701","0","2","3","10",0,1,"A","Y",,,,,1500,7,"G","B","B","COVELL BL","RT 113",0,,"Y","2010-07-02",5701,"2009-07-21",1244,"91","1","5","5","0","0",,"0","001","-","Y","YOL",3,113,"-","R",2.299,"R","1","S","N",2,"A","-",21950,"A","N","A","H","-","A","A","0","Y","A","07",0,1,0,0,1,0,0,0,0,"-","-","DAVIS","YOLO","CA",0,0
"4332320",-121.73142,38.53997,2009,"5701","0","3","4","03",0,2,"A",,,,,,1500,7,"C","C","A","RICHARDS BL","RESEARCH PARK DR",0,"W","N","2010-03-16",5701,"2009-07-29",1311,"38",,"5","5","0","0",,"0","004","-","N",,0,0,,,0,,,,"N",2,"A","-",22350,,"N","A","H","-","A","A","0","Y","A","01",0,0,2,0,0,0,0,0,0,"-","-","DAVIS","YOLO","CA",0,0
"4335829",-121.74067,38.54195,2009,"5701","0","4","3","12",0,2,"A",,,,,,2100,7,"A","C","A","1ST ST","RICHARDS BL",0,,"Y","2010-03-29",5701,"2009-07-16",1805,"160","8","5","5","0","0",,"0","002","-","N",,0,0,,,0,,,,"Y",2,"A","-",21453,"A","N","A","H","-","A","A","0","Y","A","01",0,1,1,0,0,0,0,0,0,"-","-","DAVIS","YOLO","CA",0,0
"4335833",-121.689353144,38.554265107,2009,"5701","0","5","4","00",0,1,"A",,,,,,2400,7,"D","C","A","MACE BL","RT 80",0,,"Y","2010-06-17",5701,"2009-07-10",2200,"70","9","5","5","0","0",,"0","004","-","Y","YOL",3,80,"-","-",2.855,"R","4","W","N",2,"D","-",0,,"N","A","H","-","C","A","0","Y","-","-",0,0,1,0,0,0,0,0,0,"-","-","DAVIS","YOLO","CA",0,0
"4336349",-121.7172052,38.56865807,2009,"5701","0","3","4","03",0,1,"A",,,,,,1500,7,"A","J","A","MOORE BL","BERNINI ST",55,"N","N","2010-04-05",5701,"2009-07-22",1401,"83","6","5","5","0","0",,"0","003","-","N",,0,0,,,0,,,,"Y",1,"A","-",22350,,"N","A","H","-","A","D","0","Y","A","01",0,0,1,0,0,0,0,0,0,"-","-","DAVIS","YOLO","CA",0,0
"4337342",-122.248338131,38.8950037916,2009,"5700","3","6","2","18",0,1,"A",,,"Y",,,900,7,"H","H","A","RT 16","RUMSEY CANYON RD",7,"W","N","2010-06-15",9280,"2009-07-18",835,"13469",,"1","9","0","1",,"2","034","-","Y","YOL",3,16,"-","-",6.37,"H","-","W","N",1,"C","-",0,,"N","A","H","-","A","D","0","Y","-","-",1,0,0,0,0,0,0,0,1,"-","-","UNINCORPORATED","YOLO","CA",0,0
"4337346",-121.83997,38.61967,2009,"5700","5","3","4","03",0,1,"A",,,,,,900,7,"C","C","A","COUNTY ROAD 27","COUNTY ROAD 96",54,"W","N","2010-03-18",9280,"2009-07-15",830,"15168",,"1","9","0","3",,"2","002","-","N",,0,0,,,0,,,,"Y",2,"A","-",22350,,"N","A","H","-","A","D","0","Y","A","07",0,0,1,0,0,0,0,0,0,"-","-","UNINCORPORATED","YOLO","CA",0,0
"4337350",-121.525144226,38.577217231,2009,"5704","2","2","4","07",0,1,"A",,,,,,1800,7,"B","C","A","RT 50","RT 84",480,"W","N","2010-06-10",9280,"2009-07-07",1535,"15079",,"2","4","0","1",,"2","011","-","Y","YOL",3,50,"-","-",2.39,"H","-","W","Y",2,"A","-",21658,"A","M","A","H","-","A","D","1","Y","-","-",0,0,1,0,0,0,0,0,0,"-","-","WEST SACRAMENTO","YOLO","CA",0,0
"4337354",-121.687741303,38.554414873,2009,"5700","1","5","4","03",0,1,"A",,,,,,1500,7,"C","C","A","RT 80","MACE BL",1584,"E","N","2010-06-02",9280,"2009-07-17",1320,"15128",,"1","9","0","1",,"2","010","-","Y","YOL",3,80,"-","-",2.98,"H","-","E","Y",3,"A","-",22350,,"N","A","H","-","A","D","1","Y","A","07",0,0,1,0,0,0,0,0,0,"-","-","UNINCORPORATED","YOLO","CA",0,0
"4339361",-121.7618796,38.67730383,2009,"5703","0","6","4","08",0,1,"A",,,,,,1800,7,"D","C","A","EAST MAIN ST","JOHNSTON ST",21,"E","N","2010-04-05",5703,"2009-07-18",1641,"820","11","5","4","0","0",,"0","001","-","N",,0,0,,,0,,,,"Y",2,"A","-",22107,,"N","-","H","-","A","D","0","Y","-","-",0,0,1,0,0,0,0,0,0,"-","-","WOODLAND","YOLO","CA",0,0
"4339373",-121.7286,38.6756,2009,"5703","0","7","3","12",0,1,"-",,,,,,900,7,"D","C","A","CO RD 102","HAYS LN",0,,"Y","2010-04-05",5703,"2009-07-19",833,"853","71","5","4","0","0",,"0","004","-","N",,0,0,,,0,,,,"Y",2,"A","-",22450,"A","N","A","H","-","A","A","0","Y","D","22",0,1,0,0,0,0,0,0,0,"-","-","WOODLAND","YOLO","CA",0,0
"4339417",-121.7286563,38.6693093,2009,"5703","0","3","4","06",0,1,"A",,"Y",,,,1200,7,"B","G","A","CO RD 102","MAXWELL AV",220,"N","N","2010-07-01",5703,"2009-07-29",1029,"862","73","5","4","0","0",,"0","004","-","N",,0,0,,,0,,,,"N",2,"A","-",21750,,"N","A","H","-","A","A","0","Y","D","22",0,0,1,0,0,0,1,0,0,"-","-","WOODLAND","YOLO","CA",0,0
"4342140",-121.5829126,38.42472958,2009,"5700","3","3","4","08",0,1,"A",,,,,,900,7,"-","A","A","JEFFERSON ST","WILLOW POINT RD",1584,"S","N","2010-06-15",9280,"2009-07-22",605,"17933",,"1","9","0","1",,"2","013","-","Y","YOL",3,84,"-","-",10.24,"H","-","S","Y",1,"A","-",22107,,"N","A","H","-","A","D","0","Y","A","07",0,0,1,0,0,0,0,0,0,"-","-","UNINCORPORATED","YOLO","CA",0,0
"4342152",-121.82188,38.76454,2009,"5700","5","6","3","08",0,1,"A",,,,,"Y",1800,7,"E","I","A","COUNTY ROAD 97","COUNTY ROAD 15",2112,"S","N","2010-03-24",9280,"2009-07-18",1650,"17933",,"2","9","0","3",,"2","002","-","N",,0,0,,,0,,,,"Y",1,"A","-",22107,,"N","A","H","-","A","D","0","Y","A","08",0,1,0,0,0,0,0,0,0,"-","-","UNINCORPORATED","YOLO","CA",0,0
"4342169",-121.560391998,38.575418384,2009,"5704","2","3","4","03",0,1,"A",,,,,,1800,7,"C","C","A","RT 50","RT 80",50,"W","N","2010-07-20",9280,"2009-07-29",1700,"14966",,"2","4","0","1",,"2","011","-","Y","YOL",3,50,"-","-",0.45,"H","-","W","Y",2,"A","-",22350,,"N","A","D","-","A","D","1","Y","A","01",0,0,1,0,0,0,0,0,0,"-","-","WEST SACRAMENTO","YOLO","CA",0,0
"4342173",-121.99858,38.66913,2009,"5700","5","2","4","08",0,1,"A",,,,,,900,7,"F","A","A","COUNTY ROAD 23","COUNTY ROAD 87B",1712,"S","N","2010-03-24",9280,"2009-07-28",810,"15492",,"1","9","0","3",,"2","003","-","N",,0,0,,,0,,,,"Y",1,"A","-",22107,,"N","A","H","-","A","D","0","Y","D","22",0,0,1,0,0,0,0,0,0,"-","-","UNINCORPORATED","YOLO","CA",0,0
"4342181",0,0,2009,"5700","5","3","3","01",0,1,"A",,,,,"Y",1800,7,"-","-","A","CACHEVILLE RD","2ND ST",1584,"N","N","2010-03-24",9280,"2009-07-29",1610,"16144",,"2","9","0","3",,"2","002","-","N",,0,0,,,0,,,,"Y",1,"A","-",23152,"A","N","A","H","-","A","-","0","Y","D","22",0,1,0,0,0,0,0,0,0,"-","-","UNINCORPORATED","YOLO","CA",-121.81263,38.73257
"4342185",-122.0225,38.68957,2009,"5700","5","4","4","03",0,1,"A",,,,,,1800,7,"C","C","A","COUNTY ROAD 21A","COUNTY ROAD 86",10,"W","N","2010-03-24",9280,"2009-07-23",1510,"16144",,"2","9","0","3",,"2","003","-","N",,0,0,,,0,,,,"N",2,"A","-",22350,,"N","A","H","-","A","A","0","Y","A","01",0,0,1,0,0,0,0,0,0,"-","-","UNINCORPORATED","YOLO","CA",-122.02104,38.68953
"4342328",-121.706693149,38.550089926,2009,"5701","1","5","3","17",0,1,"A",,,,"Y",,1500,7,"E","J","A","RT 80","MACE BL",3168,"W","N","2010-06-02",9280,"2009-07-17",1223,"14897",,"1","5","0","1",,"2","010","-","Y","YOL",3,80,"-","-",2.08,"H","-","E","N",2,"A","-",23114,"A","N","A","H","-","A","D","1","Y","G","27",0,1,0,0,0,0,0,0,0,"-","-","DAVIS","YOLO","CA",0,0
"4344061",-121.74538,38.54638,2009,"5701","0","4","4","11",0,1,"A","Y",,,,,2100,6,"G","B","B","RUSSELL BL","B ST",0,,"Y","2010-02-05",5701,"2009-06-25",2032,"78","5701","5","5","0","0",,"0","002","-","N",,0,0,,,0,,,,"N",2,"A","-",21950,"B","N","A","H","-","B","A","0","Y","N","60",0,0,1,0,1,0,0,0,0,"-","-","DAVIS","YOLO","CA",0,0
"4344141",0,0,2009,"5704","0","2","3","22",0,1,"A",,,,,,1800,7,"E","I","A","SOUTHPORT PKWY","OTIS AV",0,,"Y","2010-04-06",5704,"2009-07-07",1755,"00111",,"5","4","0","0",,"0","003","-","N",,0,0,,,0,,,,"N",1,"B","-",0,,"N","A","H","-","A","D","0","Y","-","-",0,1,0,0,0,0,0,0,0,"-","-","WEST SACRAMENTO","YOLO","CA",0,0
"4344194",-121.558926,38.57365362,2009,"5704","0","3","4","05",0,2,"A",,,,,,600,7,"D","C","A","INDUSTRIAL BL","BEACON BL",1320,"W","N","2010-04-07",5704,"2009-07-15",429,"00168",,"5","4","0","0",,"0","002","-","N",,0,0,,,0,,,,"Y",2,"A","-",21651,"A","N","A","H","-","C","D","0","Y","A","01",0,0,2,0,0,0,0,0,0,"-","-","WEST SACRAMENTO","YOLO","CA",0,0
"4344205",-121.75853,38.56199,2009,"5701","0","5","3","01",0,1,"A",,,,,"Y",300,7,"E","I","A","ALVARADO AV","ANDERSON RD",0,,"Y","2010-04-06",5701,"2009-07-24",113,"96","3","5","5","0","0",,"0","001","-","N",,0,0,,,0,,,,"Y",1,"A","-",23152,"A","N","A","H","-","C","A","0","Y","A","01",0,1,0,0,0,0,0,0,0,"-","-","DAVIS","YOLO","CA",0,0
"4345443",0,0,2009,"5701","0","6","4","03",0,1,"A",,,,,,1500,7,"C","C","A","CHILES RD","COUNTY ROAD 105",2640,"W","N","2010-03-11",5701,"2009-07-25",1412,"40","5701","5","5","0","0",,"0","004","-","N",,0,0,,,0,,,,"Y",2,"A","-",22350,,"N","A","H","-","A","D","0","Y","A","01",0,0,1,0,0,0,0,0,0,"-","-","DAVIS","YOLO","CA",0,0
"4345514",-121.69413,38.55651,2009,"5701","0","2","4","00",0,1,"A",,,,,"Y",1500,7,"C","C","A","2ND ST","MACE BL",0,,"Y","2010-03-15",5701,"2009-07-14",1335,"70","7","5","5","0","0",,"0","003","-","N",,0,0,,,0,,,,"N",2,"D","-",0,,"N","A","H","-","A","A","0","Y","-","-",0,0,1,0,0,0,0,0,0,"-","-","DAVIS","YOLO","CA",0,0
"4346028",-121.516335546,38.571386962,2009,"5704","2","4","3","08",0,2,"A",,,"Y",,,2400,7,"H","A","A","RT 50","YOLO/ SACRAMENTO CO LINE",100,"W","N","2010-06-10",9280,"2009-07-16",2330,"13598",,"3","4","0","1",,"2","011","-","Y","YOL",3,50,"-","-",3.14,"H","-","E","N",1,"A","-",22107,,"N","A","H","-","C","D","1","Y","C","02",0,2,0,0,0,0,0,0,2,"-","-","WEST SACRAMENTO","YOLO","CA",0,0
"4346032",-121.700318043,38.551532622,2009,"5701","1","4","3","03",0,2,"A",,,,,,1800,7,"C","C","A","RT 80","MACE BL",1056,"W","N","2010-06-02",9280,"2009-07-23",1555,"14966",,"2","5","0","1",,"2","010","-","Y","YOL",3,80,"-","-",2.48,"H","-","E","Y",3,"A","-",22350,,"N","A","H","-","A","D","1","Y","A","07",0,1,1,0,0,0,0,0,0,"-","-","DAVIS","YOLO","CA",0,0
"4346052",-121.552783191,38.57509852,2009,"5704","2","1","3","08",0,1,"A",,,,,,900,7,"E","J","A","RT 50","HARBOR BL",528,"W","N","2010-06-10",9280,"2009-07-27",828,"16632",,"1","4","0","1",,"2","011","-","Y","YOL",3,50,"-","-",1.1,"H","-","W","Y",1,"A","-",22107,,"N","A","D","-","A","D","1","Y","A","01",0,1,0,0,0,0,0,0,0,"-","-","WEST SACRAMENTO","YOLO","CA",0,0
"4346056",-121.8363,38.7149,2009,"5700","5","1","4","08",0,1,"A",,,,,,900,7,"E","I","A","COUNTY ROAD 18A","COUNTY ROAD 96A",1056,"W","N","2010-03-17",9280,"2009-07-27",745,"13469",,"1","9","0","3",,"2","002","-","N",,0,0,,,0,,,,"Y",1,"A","-",22107,,"N","A","H","-","A","D","0","Y","A","01",0,0,1,0,0,0,0,0,0,"-","-","UNINCORPORATED","YOLO","CA",-121.84116,38.71496
"4346064",-121.550272693,38.594432778,2009,"5700","1","3","4","07",0,1,"A",,,,,,1800,7,"B","C","A","RT 80","REED AV",528,"E","N","2010-06-02",9280,"2009-07-15",1545,"17933",,"2","9","0","1",,"2","010","-","Y","YOL",3,80,"-","R",11.35,"H","-","E","Y",3,"A","-",21658,"A","N","A","H","-","A","D","1","Y","A","01",0,0,1,0,0,0,0,0,0,"-","-","UNINCORPORATED","YOLO","CA",0,0