"CASEID","POINT_X","POINT_Y","YEAR_","LOCATION","CHPTYPE","DAYWEEK","CRASHSEV","VIOLCAT","KILLED","INJURED","WEATHER1","PEDCOL","BICCOL","MCCOL","TRUCKCOL","ETOH","TIMECAT","MONTH_","CRASHTYP","INVOLVE","PED","PRIMARYRD","SECONDRD","DISTANCE","DIRECT","INTERSECT_","PROCDATE","JURIS","DATE_","TIME_","BADGE","JURIDIST","SHIFT","POP","SPECIAL","BEATTYPE","LAPDDIV","BEATCLAS","BEATNUMB","WEATHER2","STATEHW","CALTRANC","CALTRAND","STROUTE","ROUTESUF","POSTPRE","POSTMILE","LOCATYPE","RAMP","SIDEHW","TOWAWAY","PARTIES","PCF","VIOLCODE","VIOL","VIOLSUB","HITRUN","ROADSURF","RDCOND1","RDCOND2","LIGHTING","RIGHTWAY","CHPRDTYP","NOTPRIV","STFAULT","CHPFAULT","SEVINJ","OTHERINJ","COP","PEDKILL","PEDINJ","BICKILL","BICINJ","MCKILL","MCINJURE","RAMP1","RAMP2","CITY","COUNTY","STATE","X_CHP","Y_CHP"
"4419027",0,0,2009,"5704","0","5","4","09",0,1,"A",,,,,,2100,9,"B","C","A","LINDEN RD","RAIDER LN",0,,"Y","2010-06-08",5704,"2009-09-11",1945,"157",,"5","4","0","0",,"0","0B3","-","N",,0,0,,,0,,,,"N",2,"A","-",21801,"A","N","A","H","-","C","D","0","Y","A","01",0,0,1,0,0,0,0,0,0,"-","-","WEST SACRAMENTO","YOLO","CA",0,0
"4420345",-121.5256,38.56733,2009,"5704","0","7","3","12",0,1,"A",,"Y",,,,1500,8,"E","G","A","JEFFERSON BL","VERMONT AV",0,,"Y","2010-05-14",5704,"2009-08-16",1254,"00158",,"5","4","0","0",,"0","002","-","N",,0,0,,,0,,,,"N",2,"A","-",22450,"A","F","A","H","-","A","A","0","Y","-","99",0,1,0,0,0,0,1,0,0,"-","-","WEST SACRAMENTO","YOLO","CA",0,0
"4421098",-121.673729068,38.673378792,2009,"5700","1","4","4","03",0,1,"A",,,,"Y",,1800,9,"C","C","A","RT 5","COUNTY ROAD 103",8976,"S","N","2010-06-25",9280,"2009-09-17",1545,"016144",,"2","9","0","1",,"2","020","-","Y","YOL",3,5,"-","-",2.53,"H","-","S","Y",2,"A","-",22350,,"N","A","H","-","A","D","1","Y","G","27",0,0,1,0,0,0,0,0,0,"-","-","UNINCORPORATED","YOLO","CA",-121.64313,38.67342
"4422825",-121.7266,38.54885,2009,"5701","0","2","3","09",0,1,"A",,"Y",,,,900,10,"H","G","A","5TH ST","POLE LINE RD",0,,"Y","2010-07-28",5701,"2009-10-06",837,"67","6","5","5","0","0",,"0","003","-","N",,0,0,,,0,,,,"N",2,"A","-",21804,"A","N","A","H","-","A","A","0","Y","L","04",0,1,0,0,0,0,1,0,0,"-","-","DAVIS","YOLO","CA",0,0
"4422829",-121.7640813,38.56195105,2009,"5701","0","6","3","09",0,1,"A",,"Y",,,,1500,10,"H","G","A","SYCAMORE LN","ALVARADO AV",100,"N","N","2010-07-28",5701,"2009-10-10",1211,"11","AREA3","5","5","0","0",,"0","001","-","N",,0,0,,,0,,,,"N",2,"A","-",21801,"A","N","A","H","-","A","A","0","Y","A","01",0,1,0,0,0,0,1,0,0,"-","-","DAVIS","YOLO","CA",0,0
"4423567",-121.5296995,38.57913513,2009,"5704","0","4","4","22",0,1,"A",,,,,,2400,10,"G","B","A","MERKLEY AV","WESTACRE RD",264,"E","N","2010-07-30",5704,"2009-10-01",2140,"110",,"5","4","0","0",,"0",,"-","N",,0,0,,,0,,,,"N",1,"B","-",0,,"N","A","H","-","C","D","0","Y","A","01",0,0,1,0,0,0,0,0,0,"-","-","WEST SACRAMENTO","YOLO","CA",0,0
"4424120",0,0,2009,"5700","1","3","3","08",0,1,"A",,,,,,900,9,"E","I","A","COUNTY ROAD 24","PIKE WY",253,"E","N","2010-05-26",9280,"2009-09-02",725,"017772",,"1","9","0","1",,"2","030","-","N",,0,0,,,0,,,,"Y",1,"A","-",22107,,"N","A","H","-","A","D","0","Y","-","-",0,1,0,0,0,0,0,0,0,"-","-","UNINCORPORATED","YOLO","CA",0,0
"4424437",-121.74211,38.54716,2009,"5701","0","4","3","09",0,1,"A",,"Y",,,,1500,9,"H","G","A","5TH ST","E ST",0,,"Y","2010-05-27",5701,"2009-09-24",1318,"11","AREA4","5","5","0","0",,"0","002","-","N",,0,0,,,0,,,,"Y",2,"A","-",21801,"B","N","A","H","-","A","A","0","Y","L","04",0,1,0,0,0,0,1,0,0,"-","-","DAVIS","YOLO","CA",0,0
"4424441",0,0,2009,"5701","0","2","4","08",0,3,"A",,,,,,1800,9,"D","C","A","COWELL BL","RESEARCH PARK",153,"E","N","2010-05-27",5701,"2009-09-29",1709,"89","5701","5","5","0","0",,"0","004","-","N",,0,0,,,0,,,,"N",2,"A","-",21460,"5","N","A","H","-","A","A","0","Y","A","01",0,0,3,0,0,0,0,0,0,"-","-","DAVIS","YOLO","CA",0,0
"4425057",-121.76962,38.66289,2009,"5703","0","5","3","12",0,1,"A",,,,,,900,10,"D","C","A","COLOMA WY","GIBSON RD",0,,"Y","2010-07-28",5703,"2009-10-02",759,"893","14","5","4","0","0",,"0","004","-","N",,0,0,,,0,,,,"Y",2,"A","-",21453,"A","N","A","H","-","A","A","0","Y","D","22",0,1,0,0,0,0,0,0,0,"-","-","WOODLAND","YOLO","CA",0,0
"4425181",-121.7653375,38.67736634,2009,"5703","0","4","4","09",0,1,"A",,,,,,900,9,"A","C","A","EAST MAIN ST","EAST ST",35,"E","N","2010-06-02",5703,"2009-09-24",804,"826","21","5","4","0","0",,"0","001","-","N",,0,0,,,0,,,,"N",2,"A","-",21801,"A","N","A","H","-","A","A","0","Y","A","08",0,0,1,0,0,0,0,0,0,"-","-","WOODLAND","YOLO","CA",0,0
"4427789",-121.99858,38.66913,2009,"5700","5","7","2","01",0,3,"A",,,,,"Y",2400,8,"F","A","A","COUNTY ROAD 23","COUNTY ROAD 87B",2195,"W","N","2010-05-17",9280,"2009-08-09",2105,"15128",,"2","9","0","3",,"2","003","-","N",,0,0,,,0,,,,"Y",1,"A","-",23152,"A","N","A","H","-","D","D","0","Y","D","22",2,0,1,0,0,0,0,0,0,"-","-","UNINCORPORATED","YOLO","CA",0,0
"4428314",-121.602931079,38.569871765,2009,"5700","1","1","4","03",0,1,"A",,,,"Y",,600,10,"C","C","A","RT 80","WEBSTER ST",10560,"E","N","2010-07-19",9280,"2009-10-05",545,"14897",,"3","9","0","1",,"2","010","-","Y","YOL",3,80,"-","-",7.8,"H","-","W","N",2,"A","-",22350,,"N","A","H","-","D","D","1","Y","G","27",0,0,1,0,0,0,0,0,0,"-","-","UNINCORPORATED","YOLO","CA",0,0
"4430844",-121.7585854,38.55609526,2009,"5701","0","4","4","03",0,1,"A",,,,,,1800,9,"C","C","A","ANDERSON RD","VILLANOVA DR",40,"S","N","2010-05-19",5701,"2009-09-24",1720,"74","5701","5","5","0","0",,"0","001","-","N",,0,0,,,0,,,,"N",2,"A","-",22350,,"N","A","H","-","A","A","0","Y","A","01",0,0,1,0,0,0,0,0,0,"-","-","DAVIS","YOLO","CA",0,0
"4430848",-121.73475,38.55284,2009,"5701","0","3","4","09",0,1,"A",,"Y",,,,900,9,"H","G","A","8TH ST","L ST",0,,"Y","2010-05-19",5701,"2009-09-30",825,"11","AREA5","5","5","0","0",,"0","002","-","N",,0,0,,,0,,,,"N",2,"A","-",21801,"A","N","A","H","-","A","A","0","Y","A","01",0,0,1,0,0,0,1,0,0,"-","-","DAVIS","YOLO","CA",0,0
"4430852",-121.72702,38.55192,2009,"5701","0","2","2","03",0,1,"B",,"Y",,,,900,9,"H","A","A","POLE LINE RD","LEHIGH DR",0,,"Y","2010-05-19",5701,"2009-09-29",750,"89","5701","5","5","0","0",,"0","003","-","N",,0,0,,,0,,,,"N",1,"A","-",22350,,"N","A","B","-","A","A","0","Y","L","04",1,0,0,0,0,0,1,0,0,"-","-","DAVIS","YOLO","CA",0,0
"4430992",-121.69413,38.55651,2009,"5701","0","3","4","03",0,1,"A",,,,,,1800,10,"C","C","A","2ND ST","MACE BL",0,,"Y","2010-08-02",5701,"2009-10-07",1753,"70","7","5","5","0","0",,"0","003","-","N",,0,0,,,0,,,,"N",2,"A","-",22350,,"N","A","H","-","A","A","0","Y","A","01",0,0,1,0,0,0,0,0,0,"-","-","DAVIS","YOLO","CA",0,0
"4430996",-121.7265516,38.54844608,2009,"5701","0","4","3","18",0,1,"A",,"Y",,,,1500,10,"-","A","A","POLE LINE RD","5TH ST",150,"S","N","2010-08-02",5701,"2009-10-08",1232,"11","AREA6","5","5","0","0",,"0","003","-","N",,0,0,,,0,,,,"N",1,"C","-",0,,"N","A","H","-","A","A","0","Y","-","-",0,1,0,0,0,0,1,0,0,"-","-","DAVIS","YOLO","CA",0,0
"4432269",-121.553558242,38.574955119,2009,"5704","2","2","3","03",0,1,"B",,,,,,1200,10,"F","A","A","RT 50","HARBOR BL",2112,"W","N","2010-11-16",9280,"2009-10-13",1053,"017763",,"1","4","0","1",,"2","011","C","Y","YOL",3,50,"-","-",0.8,"H","-","E","Y",1,"A","-",22350,,"N","B","H","-","A","D","1","Y","A","01",0,1,0,0,0,0,0,0,0,"-","-","WEST SACRAMENTO","YOLO","CA",0,0
"4432273",-121.938967919,38.814526266,2009,"5700","1","7","4","08",0,1,"A",,,,,,300,10,"E","I","A","RT 505","COUNTY ROAD 12A",299,"S","N","2010-10-14",9280,"2009-10-18",120,"016665",,"3","9","0","1",,"2","031","-","Y","YOL",3,505,"-","-",20.05,"H","-","N","Y",1,"A","-",22107,,"N","A","H","-","D","D","1","Y","A","01",0,0,1,0,0,0,0,0,0,"-","-","UNINCORPORATED","YOLO","CA",0,0
"4432277",-121.550783127,38.593685121,2009,"5704","1","2","3","03",0,4,"B",,,,,,1500,10,"D","C","A","RT 80","REED AV",150,"E","N","2010-10-06",9280,"2009-10-13",1201,"017763",,"1","4","0","1",,"2","010","C","Y","YOL",3,80,"-","R",11.28,"H","-","E","Y",3,"A","-",22350,,"N","B","H","-","A","D","1","Y","D","22",0,1,3,0,0,0,0,0,0,"-","-","WEST SACRAMENTO","YOLO","CA",0,0
"4432285",0,0,2009,"5700","4","6","4","03",0,2,"A",,,,,,1200,10,"C","C","A","COUNTY ROAD 98","CHERRY LN",10,"N","N","2010-10-05",9280,"2009-10-03",1040,"014897",,"1","9","0","2",,"2","025","-","N",,0,0,,,0,,,,"Y",2,"A","-",22350,,"N","A","H","-","A","D","0","Y","A","07",0,0,2,0,0,0,0,0,0,"-","-","UNINCORPORATED","YOLO","CA",0,0
"4432297",-121.733023165,38.673685113,2009,"5703","1","3","4","03",0,1,"A",,,,,,1500,10,"C","C","A","RT 5","COUNTY ROAD 102",350,"S","N","2010-11-19",9280,"2009-10-14",1245,"013469",,"1","4","0","1",,"2","020","-","Y","YOL",3,5,"-","-",5.704,"R","1","S","N",2,"A","-",22350,,"N","A","H","-","A","A","1","Y","A","01",0,0,1,0,0,0,0,0,0,"TO","-","WOODLAND","YOLO","CA",0,0
"4432325",-122.142805935,38.7311461571,2009,"5700","3","6","4","03",0,3,"B",,,,,,2400,10,"A","C","A","RT 16","COUNTY ROAD 78A",3696,"W","N","2010-10-14",9280,"2009-10-03",2110,"16665",,"2","9","0","1",,"2","034","-","Y","YOL",3,16,"-","-",19.5,"H","-","E","Y",2,"A","-",22350,,"N","A","H","-","C","D","0","Y","A","01",0,0,3,0,0,0,0,0,0,"-","-","UNINCORPORATED","YOLO","CA",0,0
"4432337",0,0,2009,"5700","5","3","3","08",0,1,"A",,,,,,1500,10,"E","I","A","COUNTY ROAD 31","COUNTY ROAD 93A",4752,"E","N","2010-06-22",9280,"2009-10-07",1305,"12272",,"1","9","0","3",,"2","003","-","N",,0,0,,,0,,,,"Y",1,"A","-",22107,,"N","A","H","-","A","D","0","Y","A","07",0,1,0,0,0,0,0,0,0,"-","-","UNINCORPORATED","YOLO","CA",-121.88407,38.56155
"4432343",-121.734440833,38.540913434,2009,"5701","1","5","3","03",0,2,"A",,,,,,1800,10,"C","C","A","RT 80","RICHARDS BL",528,"E","N","2010-10-06",9280,"2009-10-16",1555,"17763",,"2","5","0","1",,"2","010","-","Y","YOL",3,80,"-","-",0.33,"H","-","E","Y",2,"A","-",22350,,"N","A","H","-","A","D","1","Y","A","01",0,1,1,0,0,0,0,0,0,"-","-","DAVIS","YOLO","CA",-121.73366,38.54149
"4432355",-121.629918,38.34387111,2009,"5700","3","5","3","08",0,1,"A",,,,,,1800,10,"F","A","A","RT 84","COURTLAND RD",137,"S","N","2010-10-15",9280,"2009-10-16",1715,"13469",,"2","9","0","1",,"2","013","-","Y","YOL",3,84,"-","-",2.1,"H","-","S","Y",1,"A","-",22107,,"N","A","H","-","A","D","0","Y","-","-",0,1,0,0,0,0,0,0,0,"-","-","UNINCORPORATED","YOLO","CA",0,0
"4432426",-121.708286187,38.549726662,2009,"5700","1","5","4","03",0,1,"A",,,,,,2100,9,"C","C","A","RT 80","MACE BL",3696,"W","N","2010-06-02",9280,"2009-09-25",1810,"17933",,"2","9","0","1",,"2","010","-","Y","YOL",3,80,"-","-",1.98,"H","-","E","N",3,"A","-",22350,,"N","A","H","-","A","D","1","Y","A","01",0,0,1,0,0,0,0,0,0,"-","-","UNINCORPORATED","YOLO","CA",0,0
"4432430",-121.704251248,38.550859744,2009,"5701","1","1","4","03",0,1,"A",,,,,,2100,9,"E","I","A","RT 80","MACE BL",4000,"W","N","2010-06-02",9280,"2009-09-28",1835,"15079",,"2","5","0","1",,"2","010","-","Y","YOL",3,80,"-","-",2.18,"H","-","W","Y",1,"A","-",22350,,"N","A","H","-","B","D","1","Y","A","07",0,0,1,0,0,0,0,0,0,"-","-","DAVIS","YOLO","CA",0,0
"4432438",-121.5433754,38.39874301,2009,"5700","5","2","2","01",0,1,"A",,,,,"Y",1800,9,"E","I","A","NETHERLANDS RD","CENTRAL AV",1584,"S","N","2010-05-20",9280,"2009-09-15",1750,"15128",,"2","9","0","3",,"2","001","-","N",,0,0,,,0,,,,"Y",1,"A","-",23152,"A","N","A","H","-","A","D","0","Y","A","01",1,0,0,0,0,0,0,0,0,"-","-","UNINCORPORATED","YOLO","CA",0,0
"4432446",-121.599534015,38.570480637,2009,"5700","1","3","4","03",0,1,"A",,,,,,900,9,"E","I","A","RT 80","WEBSTER",11616,"E","N","2010-06-02",9280,"2009-09-23",730,"15168",,"1","9","0","1",,"2","010","-","Y","YOL",3,80,"-","-",8,"H","-","W","Y",1,"A","-",22350,,"N","A","H","-","A","D","1","Y","A","01",0,0,1,0,0,0,0,0,0,"-","-","UNINCORPORATED","YOLO","CA",0,0
"4432450",-121.67812,38.76015,2009,"5700","5","5","3","08",0,1,"A",,,,,,2100,9,"E","I","A","COUNTY ROAD 116B","COUNTY ROAD 116A",6864,"N","N","2010-06-01",9280,"2009-09-18",1925,"17351",,"2","9","0","3",,"2","002","-","N",,0,0,,,0,,,,"Y",1,"A","-",22107,,"N","A","H","-","D","D","0","Y","D","22",0,1,0,0,0,0,0,0,0,"-","-","UNINCORPORATED","YOLO","CA",-121.69143,38.7714
"4432458",0,0,2009,"5700","5","6","3","03",0,1,"A",,,,,,1200,9,"C","C","A","RUSSELL BL","COUNTY ROAD 96",1584,"E","N","2010-05-20",9280,"2009-09-26",1050,"12272",,"1","9","0","3",,"2","002","-","N",,0,0,,,0,,,,"Y",2,"A","-",22350,,"N","A","H","-","A","A","0","Y","A","01",0,1,0,0,0,0,0,0,0,"-","-","UNINCORPORATED","YOLO","CA",-121.8338,38.54705
"4432466",-121.63853026,38.563314228,2009,"5700","1","4","4","03",0,1,"A",,,,,,2100,9,"C","A","A","RT 80","WEBSTER RD",100,"W","N","2010-06-02",9280,"2009-09-24",1825,"17933",,"2","9","0","1",,"2","010","-","Y","YOL",3,80,"-","-",5.76,"H","-","E","Y",2,"A","-",22350,,"N","A","H","-","A","D","1","Y","A","01",0,0,1,0,0,0,0,0,0,"-","-","UNINCORPORATED","YOLO","CA",0,0
"4432515",0,0,2009,"5700","5","6","3","09",0,2,"A",,,"Y",,,1500,9,"B","C","A","SOUTH RIVER RD","FREEPORT RIDGE",0,,"Y","2010-05-19",9280,"2009-09-05",1430,"16527",,"2","9","0","3",,"2","001","-","N",,0,0,,,0,,,,"Y",2,"A","-",21802,"A","N","A","H","-","A","A","0","Y","A","01",0,2,0,0,0,0,0,0,1,"-","-","UNINCORPORATED","YOLO","CA",0,0
"4432574",-121.997093658,38.6860576638,2009,"5700","3","7","2","01",0,6,"A",,,,,"Y",900,8,"A","C","A","RT 16","OAKDALE RANCH LN",700,"W","N","2010-06-15",9280,"2009-08-30",705,"16527",,"1","9","0","1",,"2","034","-","Y","YOL",3,16,"-","-",29.4,"H","-","W","Y",3,"A","-",23152,"A","N","A","H","-","A","D","0","Y","A","07",1,1,4,0,0,0,0,0,0,"-","-","UNINCORPORATED","YOLO","CA",0,0
"4436845",0,0,2009,"5700","5","4","4","09",0,1,"A",,,,"Y",,2400,9,"D","C","A","SOUTH RIVER RD","PUMPHOUSE RD",248,"N","N","2010-06-02",9280,"2009-09-24",2125,"13927",,"2","9","0","3",,"2","001","-","N",,0,0,,,0,,,,"Y",2,"A","-",21804,"A","N","A","H","-","D","D","0","Y","G","25",0,0,1,0,0,0,0,0,0,"-","-","UNINCORPORATED","YOLO","CA",0,0
"4436849",-121.9743553,38.77867527,2009,"5700","5","4","2","03",0,1,"A",,,,"Y",,900,9,"F","A","A","COUNTY ROAD 14","COUNTY ROAD 89",1405,"W","N","2010-06-02",9280,"2009-09-17",705,"12870",,"1","9","0","3",,"2","003","-","N",,0,0,,,0,,,,"Y",1,"A","-",22350,,"N","A","H","-","A","D","0","Y","G","25",1,0,0,0,0,0,0,0,0,"-","-","UNINCORPORATED","YOLO","CA",-121.9743,38.77879
"4436862",-121.694307066,38.5508,2009,"5701","0","4","4","03",0,2,"A",,,,,,1800,10,"C","C","A","MACE BL","CHILES RD",100,"N","N","2010-11-04",5701,"2009-10-22",1701,"40","5701","5","5","0","0",,"0","004","-","Y","YOL",3,80,"-","-",2.615,"R","4","E","Y",4,"A","-",22350,,"N","A","H","-","A","A","0","Y","I","20",0,0,2,0,0,0,0,0,0,"-","-","DAVIS","YOLO","CA",0,0
"4437383",0,0,2009,"5703","0","3","4","09",0,1,"A",,,,,,1500,10,"D","C","A","KENTUCKY AV","COTTONWOOD ST",21,"W","N","2010-06-22",5703,"2009-10-07",1328,"853","84","5","4","0","0",,"0","002","-","N",,0,0,,,0,,,,"Y",2,"A","-",21801,"A","N","A","H","-","A","D","0","Y","A","01",0,0,1,0,0,0,0,0,0,"-","-","WOODLAND","YOLO","CA",0,0
"4437387",-121.765436,38.67695657,2009,"5703","0","5","4","08",0,1,"A",,,,,"Y",2400,10,"D","C","A","EAST ST","EAST MAIN ST",167,"S","N","2010-07-12",5703,"2009-10-09",2150,"808","11","5","4","0","0",,"0","001","-","N",,0,0,,,0,,,,"Y",2,"A","-",22107,,"N","A","H","-","C","D","0","Y","A","01",0,0,1,0,0,0,0,0,0,"-","-","WOODLAND","YOLO","CA",0,0
"4437391",-121.7655956,38.66812914,2009,"5703","0","5","4","-",0,1,"A",,,"Y",,,1500,10,"C","C","A","EAST ST","GUM AV",75,"S","N","2010-06-22",5703,"2009-10-09",1405,"883","11","5","4","0","0",,"0","004","-","N",,0,0,,,0,,,,"N",2,"A","-",0,,"N","A","H","-","A","A","0","Y","C","02",0,0,1,0,0,0,0,0,1,"-","-","WOODLAND","YOLO","CA",0,0
"4437739",-121.74102,38.54735,2009,"5701","0","2","3","08",0,1,"A",,"Y",,,,1800,9,"H","G","A","5TH ST","F ST",0,,"Y","2010-05-21",5701,"2009-09-29",1532,"70","4","5","5","0","0",,"0","002","-","N",,0,0,,,0,,,,"N",2,"A","-",22107,,"N","A","H","-","A","A","0","Y","-","-",0,1,0,0,0,0,1,0,0,"-","-","DAVIS","YOLO","CA",0,0
"4438944",-121.5372349,38.55276631,2009,"5704","0","6","4","01",0,3,"B",,,,,"Y",2100,10,"C","C","A","JEFFERSON BL","LAKE WASHINGTON BL",25,"N","N","2010-06-23",5704,"2009-10-03",1927,"173","WSPD","5","4","0","0",,"0","003","-","N",,0,0,,,0,,,,"Y",2,"A","-",23152,"B","M","A","H","-","C","A","0","Y","-","-",0,0,3,0,0,0,0,0,0,"-","-","WEST SACRAMENTO","YOLO","CA",0,0
"4439564",-121.77821,38.6775,2009,"5703","0","3","4","-",0,1,"A",,,,,,1500,9,"D","C","A","MAIN ST","WALNUT ST",0,,"Y","2010-06-02",5703,"2009-09-30",1427,"811","32","5","4","0","0",,"0","003","-","N",,0,0,,,0,,,,"Y",2,"-","-",0,,"N","A","H","-","A","A","0","Y","-","-",0,0,1,0,0,0,0,0,0,"-","-","WOODLAND","YOLO","CA",0,0
"4439719",-121.7699,38.66373,2009,"5703","0","1","3","09",0,2,"A",,,,,,1200,10,"D","C","A","COLOMA WY","BUENA TIERRA DR",0,,"Y","2010-06-23",5703,"2009-10-05",924,"850","14","5","4","0","0",,"0","004","-","N",,0,0,,,0,,,,"Y",2,"A","-",21801,"A","N","A","H","-","A","D","0","Y","A","01",0,1,1,0,0,0,0,0,0,"-","-","WOODLAND","YOLO","CA",0,0
"4439723",-121.751083167,38.670255111,2009,"5703","0","1","4","10",0,1,"A","Y",,,,,900,10,"G","B","B","EAST MAIN ST","RT 113",0,,"Y","2010-11-08",5703,"2009-10-05",645,"819","31","5","4","0","0",,"0","001","-","Y","YOL",3,113,"-","R",9.851,"R","1","N","N",2,"A","-",21950,"A","N","A","H","-","A","A","0","Y","A","01",0,0,1,0,1,0,0,0,0,"-","-","WOODLAND","YOLO","CA",0,0
"4440553",-121.5616674,38.55576122,2009,"5704","0","6","1","05",1,1,"A",,,,,"Y",300,10,"E","I","A","SOUTHPORT PKWY","RAMCO ST",1630,"E","N","2009-11-17",5704,"2009-10-17",44,"107",,"5","4","0","0",,"0","003","-","N",,0,0,,,0,,,,"Y",1,"A","-",21650,,"N","A","H","-","C","D","0","Y","A","01",1,0,0,0,0,0,0,0,0,"-","-","WEST SACRAMENTO","YOLO","CA",0,0
"4441280",-121.527575963,38.576835362,2009,"5700","2","4","4","03",0,2,"A",,,,,,2100,9,"C","A","A","RT 50","JEFFERSON BL",1056,"W","N","2010-07-02",9280,"2009-09-24",1840,"017933",,"2","9","0","1",,"2","011","-","Y","YOL",3,50,"-","-",2.28,"H","-","E","Y",2,"A","-",22350,,"N","A","H","-","A","D","1","Y","A","01",0,0,2,0,0,0,0,0,0,"-","-","UNINCORPORATED","YOLO","CA",0,0
"4441339",-121.693409366,38.552737394,2009,"5701","1","5","4","01",0,1,"B",,,,,"Y",900,10,"E","I","A","RT 80","MACE BL",55,"W","N","2010-10-06",9280,"2009-10-02",637,"16632",,"1","5","0","1",,"2","010","-","Y","YOL",3,80,"-","-",2.67,"H","-","E","Y",1,"A","-",23152,"A","N","A","H","-","C","A","1","Y","A","01",0,0,1,0,0,0,0,0,0,"FR","-","DAVIS","YOLO","CA",0,0
"4441343",-121.751083167,38.670255111,2009,"5703","3","6","3","01",0,1,"A",,,,,"Y",300,10,"F","A","A","RT 113","MAIN ST",1584,"S","N","2010-10-14",9280,"2009-10-10",20,"15416",,"3","4","0","1",,"2","034","-","Y","YOL",3,113,"-","R",9.851,"R","2","N","Y",1,"A","-",23152,"A","N","A","H","-","D","D","1","Y","A","01",0,1,0,0,0,0,0,0,0,"-","-","WOODLAND","YOLO","CA",0,0
"4443500",-121.74102,38.54735,2009,"5701","0","5","4","05",0,1,"A",,"Y",,,,1800,9,"H","G","A","F ST","5TH ST",0,,"Y","2010-05-28",5701,"2009-09-18",1721,"87","4","5","5","0","0",,"0","002","-","N",,0,0,,,0,,,,"N",2,"A","-",21650,"1","N","A","H","-","A","A","0","Y","L","04",0,0,1,0,0,0,1,0,0,"-","-","DAVIS","YOLO","CA",0,0
"4443941",-121.85158526,38.769539799,2009,"5700","1","5","3","08",0,1,"A",,,,,,1800,9,"E","I","A","RT 5","COUNTY ROAD 95",2640,"S","N","2010-06-25",9280,"2009-09-25",1545,"16144",,"2","9","0","1",,"2","020","-","Y","YOL",3,5,"-","R",15.35,"H","-","N","Y",1,"A","-",22107,,"N","A","H","-","A","D","1","Y","A","07",0,1,0,0,0,0,0,0,0,"-","-","UNINCORPORATED","YOLO","CA",-121.84835,38.76738
"4443948",-121.552933722,38.574955119,2009,"5704","2","5","3","08",0,2,"A",,,,,,2400,10,"E","I","A","RT 50","HARBOR BL",1584,"W","N","2010-11-16",9280,"2009-10-16",2315,"14966",,"3","4","0","1",,"2","011","-","Y","YOL",3,50,"-","-",0.9,"H","-","E","Y",1,"A","-",22107,,"N","A","H","-","D","D","1","Y","A","07",0,1,1,0,0,0,0,0,0,"-","-","WEST SACRAMENTO","YOLO","CA",0,0
"4443957",-121.740643491,38.674154859,2009,"5700","1","3","4","08",0,1,"A",,,,,,2100,9,"F","A","A","RT 5","MAIN ST",1584,"S","N","2010-06-25",9280,"2009-09-23",1827,"16144",,"2","9","0","1",,"2","020","-","Y","YOL",3,5,"-","-",6.21,"H","-","S","Y",1,"A","-",22107,,"N","A","H","-","A","D","1","Y","B","07",0,0,1,0,0,0,0,0,0,"-","-","UNINCORPORATED","YOLO","CA",-121.74557,38.67689
"4448384",-121.551602592,38.593007977,2009,"5704","1","3","4","03",0,1,"B",,,,,,900,10,"E","I","A","RT 80","REED AV",95,"W","N","2010-10-06",9280,"2009-10-14",800,"13975","9280","1","4","0","1",,"2","010","-","Y","YOL",3,80,"-","R",11.23,"H","-","W","Y",1,"A","-",22350,,"N","B","H","-","A","D","1","Y","A","07",0,0,1,0,0,0,0,0,0,"-","-","WEST SACRAMENTO","YOLO","CA",0,0
"4448392",-121.73023,38.59165,2009,"5700","5","6","3","01",0,1,"A",,,,,"Y",300,10,"E","J","A","COUNTY ROAD 102","COUNTY ROAD 28H",3168,"N","N","2010-07-09",9280,"2009-10-03",5,"11706",,"3","9","0","3",,"2","002","-","N",,0,0,,,0,,,,"Y",1,"A","-",23152,"A","N","A","H","-","D","D","0","Y","A","01",0,1,0,0,0,0,0,0,0,"-","-","UNINCORPORATED","YOLO","CA",0,0
"4448400",-122.015015661,38.6886729428,2009,"5700","3","6","4","03",0,2,"A",,,,,,1200,10,"C","C","A","RT 16","COUNTY ROAD 86A",350,"W","N","2010-10-14",9280,"2009-10-03",1112,"16144",,"1","9","0","1",,"2","034","-","Y","YOL",3,16,"-","-",28.42,"H","-","W","Y",3,"A","-",22350,,"N","A","H","-","A","D","0","Y","D","22",0,0,2,0,0,0,0,0,0,"-","-","UNINCORPORATED","YOLO","CA",-122.01503,38.68862
"4448429",-121.669308887,38.558656398,2009,"5701","1","2","3","08",0,1,"A",,,,,,600,9,"E","I","A","RT 80","MACE BL",7392,"E","N","2010-06-17",9280,"2009-09-15",307,"15492",,"3","5","0","1",,"2","010","-","Y","YOL",3,80,"-","-",4.07,"H","-","W","Y",1,"A","-",22107,,"N","A","H","-","D","D","1","Y","A","07",0,1,0,0,0,0,0,0,0,"-","-","DAVIS","YOLO","CA",0,0
"4448873",-121.628405428,38.565296777,2009,"5700","1","4","4","07",0,1,"A",,,,,,1800,10,"B","C","A","RT 80","WEBSTER",2640,"E","N","2010-10-06",9280,"2009-10-01",1545,"15079",,"2","9","0","1",,"2","010","-","Y","YOL",3,80,"-","-",6.3,"H","-","W","Y",2,"A","-",21658,"A","N","A","H","-","A","D","1","Y","A","01",0,0,1,0,0,0,0,0,0,"-","-","UNINCORPORATED","YOLO","CA",0,0