"CASEID","POINT_X","POINT_Y","YEAR_","LOCATION","CHPTYPE","DAYWEEK","CRASHSEV","VIOLCAT","KILLED","INJURED","WEATHER1","PEDCOL","BICCOL","MCCOL","TRUCKCOL","ETOH","TIMECAT","MONTH_","CRASHTYP","INVOLVE","PED","PRIMARYRD","SECONDRD","DISTANCE","DIRECT","INTERSECT_","PROCDATE","JURIS","DATE_","TIME_","BADGE","JURIDIST","SHIFT","POP","SPECIAL","BEATTYPE","LAPDDIV","BEATCLAS","BEATNUMB","WEATHER2","STATEHW","CALTRANC","CALTRAND","STROUTE","ROUTESUF","POSTPRE","POSTMILE","LOCATYPE","RAMP","SIDEHW","TOWAWAY","PARTIES","PCF","VIOLCODE","VIOL","VIOLSUB","HITRUN","ROADSURF","RDCOND1","RDCOND2","LIGHTING","RIGHTWAY","CHPRDTYP","NOTPRIV","STFAULT","CHPFAULT","SEVINJ","OTHERINJ","COP","PEDKILL","PEDINJ","BICKILL","BICINJ","MCKILL","MCINJURE","RAMP1","RAMP2","CITY","COUNTY","STATE","X_CHP","Y_CHP"
"4993499",-121.51653312,38.581055122,2010,"5704","0","2","4","05",0,1,"A",,"Y",,,"Y",2400,11,"E","G","A","RISKE LN","DELTA LN",0,,"Y","2011-11-30",5704,"2010-11-16",2230,"156","5704","5","4","0","0",,"0","002","-","N",,0,0,,,0,,,,"N",2,"A","-",21650,,"F","A","H","-","C","D","0","Y","A","01",0,0,1,0,0,0,0,0,0,"-","-","WEST SACRAMENTO","YOLO","CA",0,0
"4993880",-121.951790391,38.662158259,2010,"5700","1","6","4","18",0,1,"A",,,,,,2400,11,"A","C","A","RT 505","COUNTY ROAD 24",340,"S","N","2012-02-28",9280,"2010-11-13",2213,"16351",,"3","9","0","1",,"2","031","-","Y","YOL",3,505,"-","-",9.46,"H","-","N","Y",2,"C","-",0,,"N","A","H","-","D","D","1","Y","-","-",0,0,1,0,0,0,0,0,0,"-","-","UNINCORPORATED","YOLO","CA",0,0
"4993884",-122.184427464,38.818023269,2010,"5700","3","7","4","03",0,1,"B",,,,,,900,11,"C","C","A","RT 16","COUNTY ROAD 59",2640,"W","N","2012-03-20",9280,"2010-11-14",755,"12272",,"1","9","0","1",,"2","034","-","Y","YOL",3,16,"-","-",12.91,"H","-","E","Y",2,"A","-",22350,,"N","A","H","-","A","D","0","Y","A","01",0,0,1,0,0,0,0,0,0,"-","-","UNINCORPORATED","YOLO","CA",0,0
"4993908",-121.885037562,38.6700261089,2010,"5700","5","4","4","03",0,1,"A",,,,,,900,11,"C","C","A","RT 16","WILD WINGS DR",0,,"Y","2012-03-20",9280,"2010-11-11",850,"17772",,"1","9","0","3",,"2","003","-","Y","YOL",3,16,"-","-",35.91,"H","-","W","N",2,"A","-",22350,,"N","A","H","-","A","A","0","Y","A","07",0,0,1,0,0,0,0,0,0,"-","-","UNINCORPORATED","YOLO","CA",-121.88523,38.67039
"4993912",-121.66959988,38.673355887,2010,"5700","1","5","3","03",0,5,"A",,,,,,1800,11,"C","C","A","RT 5","N EDGE OF YOLO BYPASS",1056,"S","N","2011-12-14",9280,"2010-11-12",1535,"15128",,"2","9","0","1",,"2","020","-","Y","YOL",3,5,"-","-",2.3,"H","-","S","Y",3,"A","-",22350,,"N","A","H","-","A","D","1","Y","A","01",0,1,4,0,0,0,0,0,0,"-","-","UNINCORPORATED","YOLO","CA",0,0
"4993920",-121.952079091,38.662423543,2010,"5700","1","6","3","08",0,1,"A",,,,,,2400,11,"A","C","A","RT 505","COUNTY ROAD 24",300,"S","N","2012-03-22",9280,"2010-11-13",2212,"16351",,"3","9","0","1",,"2","031","-","Y","YOL",3,505,"-","-",9.47,"H","-","S","Y",2,"A","-",22107,,"N","A","H","-","D","D","1","Y","A","01",0,1,0,0,0,0,0,0,0,"-","-","UNINCORPORATED","YOLO","CA",0,0
"4993933",0,0,2010,"5700","5","2","3","01",0,1,"A",,,,,"Y",2100,11,"D","C","A","OLD RIVER RD","COUNTY ROAD 124",50,"S","N","2011-11-22",9280,"2010-11-02",1930,"16292",,"2","9","0","3",,"2","002","-","N",,0,0,,,0,,,,"N",2,"A","-",23152,"A","M","A","H","-","D","D","0","Y","A","08",0,1,0,0,0,0,0,0,0,"-","-","UNINCORPORATED","YOLO","CA",0,0
"4993937",-121.767053161,38.594615104,2010,"5700","4","5","4","09",0,2,"B",,,,,,1500,11,"A","C","A","COUNTY ROAD 29","RT 113",0,,"Y","2012-03-22",9280,"2010-11-05",1225,"016027",,"1","9","0","2",,"1","021","-","Y","YOL",3,113,"-","R",4.351,"R","4","N","Y",2,"A","-",21801,"A","N","A","H","-","A","D","1","Y","A","07",0,0,2,0,0,0,0,0,0,"-","-","UNINCORPORATED","YOLO","CA",0,0
"4993941",-121.519302312,38.574108199,2010,"5704","2","6","4","07",0,1,"A",,,,,,1200,11,"E","I","A","RT 50","RT 84",1584,"E","N","2011-12-14",9280,"2010-11-06",1025,"011706",,"1","4","0","1",,"2","011","-","Y","YOL",3,50,"-","-",2.81,"H","-","E","Y",2,"A","-",21658,"A","N","A","H","-","A","D","1","Y","A","01",0,0,1,0,0,0,0,0,0,"-","-","WEST SACRAMENTO","YOLO","CA",0,0
"4993945",-121.566021637,38.575946335,2010,"5704","1","1","4","00",0,1,"A",,,,,,600,11,"B","C","A","RT 80","WEST CAPITOL AV",750,"E","N","2012-04-10",9280,"2010-11-08",425,"015492",,"3","4","0","1",,"2","010","-","Y","YOL",3,80,"-","R",10.33,"H","-","W","Y",2,"D","-",0,,"N","A","H","-","D","D","1","Y","-","-",0,0,1,0,0,0,0,0,0,"-","-","WEST SACRAMENTO","YOLO","CA",-121.57126,38.57524
"4993954",-121.728689601,38.544745237,2010,"5701","1","2","3","08",0,1,"A",,,,,,300,11,"F","I","A","RT 80","POLE LINE RD",1056,"W","N","2012-04-10",9280,"2010-11-16",248,"016351",,"3","5","0","1",,"2","010","-","Y","YOL",3,80,"-","-",0.69,"H","-","E","Y",1,"A","-",22107,,"N","A","H","-","C","D","1","Y","A","01",0,1,0,0,0,0,0,0,0,"-","-","DAVIS","YOLO","CA",0,0
"4994660",-121.750838125,38.546295101,2010,"5701","0","6","3","03",0,1,"C",,,,,,1200,11,"C","C","A","RUSSELL BL","COLLEGE PARK",10,"W","N","2011-12-05",5701,"2010-11-27",1053,"11","4","5","5","0","0",,"0","002","-","N",,0,0,,,0,,,,"Y",2,"A","-",22350,,"N","B","H","-","A","A","0","Y","A","07",0,1,0,0,0,0,0,0,0,"-","-","DAVIS","YOLO","CA",0,0
"4996309",-121.573082706,38.575062187,2010,"5700","1","7","4","03",0,2,"B",,,,,,1200,10,"D","C","A","RT 80","ENTERPRISE BL",1056,"E","N","2012-01-23",9280,"2010-10-24",1000,"13927",,"1","9","0","1",,"2","010","C","Y","YOL",3,80,"-","-",9.29,"H","-","W","Y",3,"A","-",22350,,"N","B","H","-","A","D","1","Y","A","01",0,0,2,0,0,0,0,0,0,"-","-","UNINCORPORATED","YOLO","CA",0,0
"4996317",-122.020624095,38.6984847798,2010,"5700","3","6","2","05",0,4,"C",,,,,,600,10,"A","C","A","RT 16","JENSEN LN",792,"E","N","2011-12-12",9280,"2010-10-30",300,"13469",,"3","9","0","1",,"2","034","-","Y","YOL",3,16,"-","-",27.42,"H","-","E","Y",2,"A","-",21460,"A","N","B","H","-","C","D","0","Y","A","01",1,0,3,0,0,0,0,0,0,"-","-","UNINCORPORATED","YOLO","CA",0,0
"4996549",-121.773143173,38.678765111,2010,"5703","0","7","4","05",0,1,"A",,,,,,300,12,"E","I","A","COURT ST","1ST ST",0,,"Y","2011-12-17",5703,"2010-12-05",23,"858","22","5","4","0","0",,"0","001","-","N",,0,0,,,0,,,,"Y",1,"A","-",21650,,"N","A","H","-","-","D","0","Y","A","01",0,0,1,0,0,0,0,0,0,"-","-","WOODLAND","YOLO","CA",0,0
"5008613",0,0,2010,"5704","0","5","4","03",0,2,"E",,,,,,2400,12,"C","C","A","JEFFERSON BL","SOUTHPORT PKWY",1450,"N","N","2011-12-14",5704,"2010-12-10",2247,"00166","WSPD","5","4","0","0",,"0","0B3","-","N",,0,0,,,0,,,,"Y",2,"A","-",22350,,"F","A","H","-","D","D","0","Y","A","01",0,0,2,0,0,0,0,0,0,"-","-","WEST SACRAMENTO","YOLO","CA",0,0
"5008629",-121.756493168,38.66274511,2010,"5703","0","4","4","12",0,1,"A",,,,,,1200,12,"D","C","A","EAST GIBSON RD","MATMOR RD",0,,"Y","2012-01-18",5703,"2010-12-16",1045,"840","33","5","4","0","0",,"0","004","-","N",,0,0,,,0,,,,"Y",2,"A","-",21453,"A","N","A","H","-","A","A","0","Y","A","01",0,0,1,0,0,0,0,0,0,"-","-","WOODLAND","YOLO","CA",0,0
"5009529",0,0,2010,"5700","5","1","3","09",0,3,"A",,,,,,900,11,"D","C","A","COUNTY ROAD 31","COUNTY ROAD 93A",0,,"Y","2011-11-22",9280,"2010-11-15",820,"13927",,"1","9","0","3",,"2","003","-","N",,0,0,,,0,,,,"Y",2,"A","-",21802,"A","N","A","H","-","A","A","0","Y","A","01",0,1,2,0,0,0,0,0,0,"-","-","UNINCORPORATED","YOLO","CA",0,0
"5009811",-121.727927213,38.673923753,2010,"5700","1","1","4","07",0,1,"B",,,,,,1200,11,"E","I","A","RT 5","COUNTY ROAD 102",194,"N","N","2011-12-14",9280,"2010-11-22",1140,"13927",,"1","9","0","1",,"2","020","-","Y","YOL",3,5,"-","-",5.62,"H","-","N","Y",2,"A","-",21658,"A","N","A","H","-","A","D","1","Y","A","01",0,0,1,0,0,0,0,0,0,"-","-","UNINCORPORATED","YOLO","CA",0,0
"5009815",-122.164158757,38.7661624104,2010,"5700","3","2","3","09",0,1,"A",,,"Y",,,2400,11,"D","C","A","RT 16","COUNTY ROAD 70",0,,"Y","2012-03-20",9280,"2010-11-16",2120,"15492",,"2","9","0","1",,"2","034","-","Y","YOL",3,16,"-","-",16.759,"I","5","E","Y",2,"A","-",21802,"A","F","A","H","-","D","A","0","Y","-","99",0,1,0,0,0,0,0,0,1,"-","-","UNINCORPORATED","YOLO","CA",-122.16331,38.76525
"5012130",-121.58343313,38.5731951154,2011,"5704","1","5","4","08",0,1,"A",,,,"Y",,1800,1,"C","E","A","RT 80","ENTERPRISE BL",1056,"W","N","2012-05-11",9280,"2011-01-14",1610,"013469",,"2","4","0","1",,"2","010","-","Y","YOL",3,80,"-","-",8.98,"H","-","E","Y",2,"A","-",22107,,"N","A","H","-","A","D","1","Y","F","55",0,0,1,0,0,0,0,0,0,"-","-","WEST SACRAMENTO","YOLO","CA",0,0
"5013815",0,0,2010,"5700","5","4","2","01",0,2,"A",,,,,"Y",300,12,"F","A","A","COUNTY ROAD 93A","COUNTY ROAD 31",3168,"S","N","2011-12-13",9280,"2010-12-02",5,"15168",,"3","9","0","3",,"2","003","-","N",,0,0,,,0,,,,"Y",1,"A","-",23152,"A","N","A","H","-","E","D","0","Y","A","01",2,0,0,0,0,0,0,0,0,"-","-","UNINCORPORATED","YOLO","CA",0,0
"5014809",0,0,2010,"5703","0","7","4","-",0,2,"C",,,,,,2100,12,"C","C","A","PIONEER AV","MERRIT CIR",0,,"Y","2012-01-06",5703,"2010-12-05",1955,"826","51","5","4","0","0",,"0","004","-","N",,0,0,,,0,,,,"Y",2,"-","-",0,,"N","B","H","-","D","D","0","Y","-","-",0,0,2,0,0,0,0,0,0,"-","-","WOODLAND","YOLO","CA",0,0
"5015139",-121.570168376,38.575494266,2010,"5704","1","5","4","08",0,1,"B",,,,,,2100,11,"E","I","A","RT 80","WEST CAPITOL AV",25,"E","N","2012-04-10",9280,"2010-11-19",1845,"14853",,"2","4","0","1",,"2","010","C","Y","YOL",3,80,"-","R",10.19,"H","-","W","Y",1,"A","-",22107,,"N","B","H","-","E","D","1","Y","A","01",0,0,1,0,0,0,0,0,0,"-","-","WEST SACRAMENTO","YOLO","CA",0,0
"5015330",-121.519302312,38.574108199,2010,"5704","2","5","4","03",0,2,"A",,,,,,2100,12,"C","C","A","RT 50","SACRAMENTO CO LINE",15840,"W","N","2011-12-14",9280,"2010-12-10",1816,"015128",,"2","4","0","1",,"2","011","-","Y","YOL",3,50,"-","-",2.81,"H","-","E","N",2,"A","-",22350,,"N","A","H","-","D","D","1","Y","D","22",0,0,2,0,0,0,0,0,0,"-","-","WEST SACRAMENTO","YOLO","CA",0,0
"5018049",-121.955756449,38.703256277,2010,"5700","1","6","3","08",0,1,"B",,,,,,1800,11,"A","E","A","RT 505","CACHE CREEK",2640,"N","N","2012-03-17",9280,"2010-11-20",1654,"14853",,"2","9","0","1",,"2","031","C","Y","YOL",3,505,"-","-",12.28,"H","-","N","Y",2,"A","-",22107,,"N","B","H","-","D","D","1","Y","A","01",0,1,0,0,0,0,0,0,0,"-","-","UNINCORPORATED","YOLO","CA",0,0
"5018065",-121.542240043,38.574945132,2010,"5704","2","5","4","00",0,1,"B",,,,,,1800,11,"C","C","A","RT 50","POLE BS113",40,"E","N","2012-03-06",9280,"2010-11-19",1720,"14853",,"2","4","0","1",,"2","011","C","Y","YOL",3,50,"-","-",1.45,"H","-","E","N",2,"D","-",0,,"N","B","D","-","C","D","1","Y","-","-",0,0,1,0,0,0,0,0,0,"-","-","WEST SACRAMENTO","YOLO","CA",-121.54364,38.5748
"5018471",-121.730080868,38.599161888,2010,"5700","4","6","4","08",0,1,"B",,,,,,2400,11,"E","I","A","COUNTY ROAD 102","CO RD 29",3696,"S","N","2011-12-02",9280,"2010-11-20",2351,"016929",,"3","9","0","2",,"1","021","-","N",,0,0,,,0,,,,"Y",1,"A","-",22107,,"N","B","H","-","D","D","0","Y","A","01",0,0,1,0,0,0,0,0,0,"-","-","UNINCORPORATED","YOLO","CA",0,0
"5018753",-121.727229289,38.673660568,2010,"5700","1","6","4","03",0,1,"B",,,,"Y",,1800,12,"B","C","A","RT 5","COUNTY ROAD 102",100,"S","N","2012-03-22",9280,"2010-12-25",1730,"16292",,"2","9","0","1",,"2","010","C","Y","YOL",3,5,"-","-",5.51,"H","-","S","Y",2,"A","-",22350,,"N","B","D","-","D","D","1","Y","D","22",0,0,1,0,0,0,0,0,0,"-","-","UNINCORPORATED","YOLO","CA",0,0
"5019133",-121.754422352,38.654326302,2010,"5700","3","1","4","01",0,2,"A",,,,,,900,10,"C","C","A","RT 113","GIBSON RD",2640,"S","N","2012-03-22",9280,"2010-10-11",815,"13927",,"1","9","0","1",,"2","022","-","Y","YOL",3,113,"-","R",8.73,"H","-","S","Y",2,"A","-",23152,"A","N","A","H","-","A","D","1","Y","A","01",0,0,2,0,0,0,0,0,0,"-","-","UNINCORPORATED","YOLO","CA",0,0
"5019350",-121.578978512,38.574173273,2010,"5704","1","6","4","03",0,1,"B",,,,,,1800,12,"C","C","A","RT 80","ENTERPRISE BL",2640,"E","N","2012-02-27",9280,"2010-12-25",1540,"17763",,"2","4","0","1",,"2","010","C","Y","YOL",3,80,"-","R",9.89,"H","-","W","N",2,"A","-",22350,,"N","B","H","-","A","D","1","Y","A","01",0,0,1,0,0,0,0,0,0,"-","-","WEST SACRAMENTO","YOLO","CA",0,0
"5020820",-121.526543124,38.591165122,2010,"5704","0","6","3","01",0,1,"C",,,,,"Y",2400,12,"D","C","A","KEGLE DR","FREMONT BL",0,,"Y","2011-12-09",5704,"2010-12-18",2109,"00158",,"5","4","0","0",,"0","001","-","N",,0,0,,,0,,,,"Y",2,"A","-",23153,"B","F","B","H","-","C","D","0","Y","-","-",0,1,0,0,0,0,0,0,0,"-","-","WEST SACRAMENTO","YOLO","CA",0,0
"5020840",-121.54970312,38.539455116,2010,"5704","0","1","4","21",0,1,"A",,,,,,1800,12,"C","C","A","JEFFERSON ST","LINDEN RD N",0,,"Y","2011-12-09",5704,"2010-12-06",1522,"00114",,"5","4","0","0",,"0","003","-","N",,0,0,,,0,,,,"N",2,"A","-",22106,,"N","A","H","-","A","A","0","Y","-","-",0,0,1,0,0,0,0,0,0,"-","-","WEST SACRAMENTO","YOLO","CA",0,0
"5020848",-121.538543124,38.57718512,2010,"5704","0","4","3","08",0,2,"A",,,,,,1500,12,"D","C","A","EVERGREEN AV","BRIARWOOD DR",0,,"Y","2011-12-09",5704,"2010-12-23",1440,"00159",,"5","4","0","0",,"0","002","-","N",,0,0,,,0,,,,"Y",2,"A","-",22103,,"N","A","H","-","A","D","0","Y","A","08",0,1,1,0,0,0,0,0,0,"-","-","WEST SACRAMENTO","YOLO","CA",0,0
"5021758",-121.752493167,38.65815511,2010,"5703","0","5","3","01",0,1,"C",,,,,"Y",600,12,"-","I","A","EAST GIBSON RD","RT 113",127,"W","N","2012-01-05",5703,"2010-12-24",445,"856","33","5","4","0","0",,"0","004","-","Y","YOL",3,113,"-","R",8.991,"R","4","N","Y",1,"A","-",23152,"A","N","B","H","-","D","D","0","Y","A","01",0,1,0,0,0,0,0,0,0,"-","-","WOODLAND","YOLO","CA",0,0
"5025422",0,0,2010,"5704","0","1","4","03",0,1,"E",,,,,,900,12,"D","C","A","SOUTHPORT PKWY","JEFFERSON BL",57,"W","N","2012-02-15",5704,"2010-12-27",812,"00133",,"5","4","0","0",,"0","003","-","N",,0,0,,,0,,,,"Y",2,"A","-",22350,,"N","B","H","-","A","A","0","Y","-","-",0,0,1,0,0,0,0,0,0,"-","-","WEST SACRAMENTO","YOLO","CA",0,0
"5026067",-121.75185145,38.660322883,2010,"5703","3","1","3","08",0,1,"A",,,,,,600,11,"F","A","A","RT 113","GIBSON RD",750,"S","N","2012-03-22",9280,"2010-11-29",325,"15492",,"3","4","0","1",,"2","022","-","Y","YOL",3,113,"-","R",9.09,"H","-","N","Y",1,"A","-",22107,,"N","A","H","-","D","D","1","Y","D","22",0,1,0,0,0,0,0,0,0,"-","-","WOODLAND","YOLO","CA",0,0
"5027647",-121.803256801,38.557134793,2010,"5700","5","7","3","08",0,1,"B",,,,,,1800,12,"E","I","A","COUNTY ROAD 98","COUNTY ROAD 31",1584,"S","N","2011-12-23",9280,"2010-12-19",1500,"15079",,"2","9","0","3",,"2","002","-","N",,0,0,,,0,,,,"Y",1,"A","-",22107,,"N","B","H","-","A","D","0","Y","A","01",0,1,0,0,0,0,0,0,0,"-","-","UNINCORPORATED","YOLO","CA",0,0
"5028117",-121.649240366,38.561428847,2010,"5700","1","2","4","04",0,1,"A",,,,,,1800,11,"C","C","A","RT 80","CHILES RD",2640,"W","N","2012-04-10",9280,"2010-11-23",1740,"16292",,"2","9","0","1",,"2","010","-","Y","YOL",3,80,"-","-",5.28,"H","-","E","N",2,"A","-",21703,,"N","A","H","-","D","D","1","Y","A","01",0,0,1,0,0,0,0,0,0,"-","-","UNINCORPORATED","YOLO","CA",0,0
"5028757",-121.734993151,38.555215103,2010,"5701","0","4","3","09",0,1,"C",,"Y",,,,2100,12,"H","G","A","L ST","ALICE ST",0,,"Y","2011-12-07",5701,"2010-12-09",1920,"35","5701","5","5","0","0",,"0","002","-","N",,0,0,,,0,,,,"N",2,"A","-",21802,"A","N","B","H","-","C","A","0","Y","A","07",0,1,0,0,0,0,1,0,0,"-","-","DAVIS","YOLO","CA",0,0
"5028880",-121.785693163,38.590395102,2010,"5700","5","5","4","12",0,2,"B",,,,,,1500,12,"D","C","A","COUNTY ROAD 29","COUNTY ROAD 99",0,,"Y","2011-12-17",9280,"2010-12-17",1455,"015128",,"2","9","0","3",,"2","002","-","N",,0,0,,,0,,,,"Y",2,"A","-",22450,"A","N","A","H","-","A","A","0","Y","A","01",0,0,2,0,0,0,0,0,0,"-","-","UNINCORPORATED","YOLO","CA",0,0
"5028897",-121.979846234,38.665499089,2010,"5700","5","1","4","08",0,2,"B",,,,,,1800,12,"E","I","A","COUNTY ROAD 23","COUNTY ROAD 89",2640,"W","N","2011-12-06",9280,"2010-12-27",1606,"012272",,"2","9","0","3",,"2","003","-","N",,0,0,,,0,,,,"Y",1,"A","-",22107,,"N","B","H","-","B","D","0","Y","A","01",0,0,2,0,0,0,0,0,0,"-","-","UNINCORPORATED","YOLO","CA",0,0
"5028909",-121.781423176,38.701015112,2010,"5703","1","3","3","08",0,1,"A",,,,,,900,12,"E","J","A","RT 15","RT 99",168,"S","N","2012-01-18",9280,"2010-12-29",745,"011706",,"1","4","0","1",,"2","020","-","Y","YOL",3,5,"-","R",9.286,"R","2","N","Y",1,"A","-",22107,,"N","B","H","-","A","A","1","Y","A","01",0,1,0,0,0,0,0,0,0,"-","-","WOODLAND","YOLO","CA",0,0
"5032758",-121.758563155,38.557965101,2010,"5701","0","6","4","09",0,1,"B",,"Y",,,"Y",2500,11,"D","G","A","ANDERSON RD","RADCLIFFE DR",0,,"Y","2011-11-18",5701,"2010-11-20",2500,"60","5701","5","5","0","0",,"0","001","-","N",,0,0,,,0,,,,"N",2,"A","-",21802,"A","F","B","H","-","C","A","0","Y","A","01",0,0,1,0,0,0,1,0,0,"-","-","DAVIS","YOLO","CA",0,0
"5033545",-121.714584399,38.570006773,2010,"5701","0","1","4","03",0,1,"B",,,,,,900,12,"C","E","A","DUCHAMP","BELLOWS",50,"S","N","2011-12-19",5701,"2010-12-20",605,"48","5701","5","5","0","0",,"0","003","-","N",,0,0,,,0,,,,"Y",2,"A","-",22350,,"N","B","H","-","D","D","0","Y","A","01",0,0,1,0,0,0,0,0,0,"-","-","DAVIS","YOLO","CA",0,0
"5033799",-121.72658867,38.545517257,2010,"5700","1","7","3","18",0,1,"B",,,,,,2400,12,"E","J","A","RT 80","RICHARDS BL",3168,"E","N","2012-01-17",9280,"2010-12-26",2200,"16292",,"3","9","0","1",,"2","010","-","Y","YOL",3,80,"-","-",0.83,"H","-","E","N",1,"C","-",0,,"N","B","H","-","C","D","1","Y","-","-",0,1,0,0,0,0,0,0,0,"-","-","UNINCORPORATED","YOLO","CA",0,0
"5034798",-121.524402551,38.577138139,2010,"5704","2","4","4","03",0,2,"B",,,,,,900,12,"C","C","A","RT 50","RT 84",264,"W","N","2012-03-06",9280,"2010-12-09",800,"11706",,"1","4","0","1",,"2","011","C","Y","YOL",3,50,"-","-",2.43,"H","-","W","Y",4,"A","-",22350,,"N","B","H","-","A","D","1","Y","A","01",0,0,2,0,0,0,0,0,0,"-","-","WEST SACRAMENTO","YOLO","CA",0,0
"5034967",-121.741373152,38.548615102,2010,"5701","0","6","4","08",0,2,"C",,,,,,1800,11,"D","C","A","F ST","6TH ST",0,,"Y","2011-12-01",5701,"2010-11-20",1724,"86","5701","5","5","0","0",,"0","002","-","N",,0,0,,,0,,,,"N",2,"A","-",22103,,"N","B","H","-","-","A","0","Y","A","01",0,0,2,0,0,0,0,0,0,"-","-","DAVIS","YOLO","CA",0,0
"5034975",-121.747763153,38.546265102,2010,"5701","0","5","4","09",0,1,"A",,"Y",,,,2100,11,"H","G","A","A ST","RUSSELL BL",0,,"Y","2012-01-28",5701,"2010-11-05",1833,"83","5701","5","5","0","0",,"0","002","-","N",,0,0,,,0,,,,"N",2,"A","-",21801,"A","N","A","H","-","B","A","0","Y","A","01",0,0,1,0,0,0,1,0,0,"-","-","DAVIS","YOLO","CA",0,0
"5035024",-121.767663157,38.555815101,2010,"5701","0","2","4","00",0,1,"B",,"Y",,,,1800,11,"H","G","A","COVELL BL","RT 113",0,,"Y","2012-01-05",5701,"2010-11-09",1625,"79","5701","5","5","0","0",,"0","001","-","Y","YOL",3,113,"-","R",1.896,"R","1","N","N",2,"D","-",0,,"N","A","H","-","A","A","0","Y","-","-",0,0,1,0,0,0,1,0,0,"-","-","DAVIS","YOLO","CA",0,0
"5036053",0,0,2010,"5701","0","1","3","00",0,1,"A",,"Y",,,,1800,11,"A","G","A","WOODS CIRCLE DR","WOODS CIRCLE DR 3751",0,,"Y","2011-11-21",5701,"2010-11-29",1730,"71","5","5","5","0","0",,"0","001","-","N",,0,0,,,0,,,,"N",2,"D","-",0,,"N","A","H","-","A","D","0","Y","-","-",0,1,0,0,0,0,1,0,0,"-","-","DAVIS","YOLO","CA",0,0
"5036168",-121.759705049,38.641169191,2010,"5700","3","6","4","08",0,1,"A",,,,,,1800,9,"E","I","A","RT 113","COUNTY ROAD 25A",15,"N","N","2011-10-11",9280,"2010-09-25",1545,"016144",,"2","9","0","1",,"2","022","-","Y","YOL",3,113,"-","R",7.67,"H","-","N","Y",1,"A","-",22107,,"N","A","H","-","A","D","1","Y","D","22",0,0,1,0,0,0,0,0,0,"-","-","UNINCORPORATED","YOLO","CA",-121.75992,38.64116
"5037283",-121.694143145,38.556515107,2010,"5701","0","3","4","03",0,1,"C",,,,,,1800,12,"C","C","A","MACE BL","2ND ST",0,,"Y","2011-12-07",5701,"2010-12-08",1724,"83","5701","5","5","0","0",,"0","002","-","N",,0,0,,,0,,,,"N",2,"A","-",22350,,"N","B","H","-","C","A","0","Y","A","01",0,0,1,0,0,0,0,0,0,"-","-","DAVIS","YOLO","CA",0,0
"5037350",-121.72661315,38.548855103,2010,"5701","0","4","3","01",0,1,"B",,,,,"Y",2400,12,"E","I","A","5TH ST","POLE LINE RD",0,,"Y","2011-12-05",5701,"2010-12-09",2251,"98","5701","5","5","0","0",,"0","002","-","N",,0,0,,,0,,,,"Y",1,"A","-",23152,,"M","B","H","-","C","A","0","Y","D","22",0,1,0,0,0,0,0,0,0,"-","-","DAVIS","YOLO","CA",0,0
"5037355",-121.793273175,38.678925109,2010,"5703","0","7","4","12",0,1,"C",,,,,,1200,12,"D","C","A","W COURT ST","COTTONWOOD ST",0,,"Y","2011-12-07",5703,"2010-12-19",1040,"829","62","5","4","0","0",,"0","002","-","N",,0,0,,,0,,,,"Y",2,"A","-",21453,"A","N","B","H","-","A","A","0","Y","-",,0,0,1,0,0,0,0,0,0,"-","-","WOODLAND","YOLO","CA",0,0
"5037482",-121.78552292,38.692034012,2010,"5703","0","2","3","11",0,1,"B","Y",,,,,1800,12,"G","B","D","KENTUCKY AV","ASPEN ST",60,"E","N","2011-12-07",5703,"2010-12-21",1758,"810","44","5","4","0","0",,"0","002","-","N",,0,0,,,0,,,,"N",2,"A","-",21954,"A","N","A","H","-","C","D","0","Y","N","60",0,1,0,0,1,0,0,0,0,"-","-","WOODLAND","YOLO","CA",0,0
"5037510",-121.757755318,38.667525112,2010,"5703","0","5","3","21",0,2,"A",,,,,,1200,12,"D","C","A","ELWOOD ST","MATMOR RD",392,"W","N","2011-12-07",5703,"2010-12-24",1155,"854","13","5","4","0","0",,"0","001","-","N",,0,0,,,0,,,,"Y",2,"A","-",22106,,"N","A","H","-","A","D","0","Y","A","01",0,2,0,0,0,0,0,0,0,"-","-","WOODLAND","YOLO","CA",0,0
"5037518",-121.77491317,38.662925109,2010,"5703","0","4","4","12",0,1,"B",,,,,,1800,12,"D","C","A","COLLEGE ST","GIBSON RD",0,,"Y","2011-12-07",5703,"2010-12-23",1647,"810","34","5","4","0","0",,"0","004","C","N",,0,0,,,0,,,,"Y",2,"A","-",21453,"A","N","B","H","-","C","A","0","Y","A","01",0,0,1,0,0,0,0,0,0,"-","-","WOODLAND","YOLO","CA",0,0
"5037553",-121.738583153,38.560625103,2010,"5701","0","4","4","03",0,1,"B",,,,,,2100,12,"C","C","A","J ST","EAST COVELL BL",0,,"Y","2011-12-06",5701,"2010-12-09",1838,"83","5701","5","5","0","0",,"0","002","-","N",,0,0,,,0,,,,"N",2,"A","-",22350,,"N","A","H","-","C","A","0","Y","A","01",0,0,1,0,0,0,0,0,0,"-","-","DAVIS","YOLO","CA",0,0