"CASEID","POINT_X","POINT_Y","YEAR_","LOCATION","CHPTYPE","DAYWEEK","CRASHSEV","VIOLCAT","KILLED","INJURED","WEATHER1","PEDCOL","BICCOL","MCCOL","TRUCKCOL","ETOH","TIMECAT","MONTH_","CRASHTYP","INVOLVE","PED","PRIMARYRD","SECONDRD","DISTANCE","DIRECT","INTERSECT_","PROCDATE","JURIS","DATE_","TIME_","BADGE","JURIDIST","SHIFT","POP","SPECIAL","BEATTYPE","LAPDDIV","BEATCLAS","BEATNUMB","WEATHER2","STATEHW","CALTRANC","CALTRAND","STROUTE","ROUTESUF","POSTPRE","POSTMILE","LOCATYPE","RAMP","SIDEHW","TOWAWAY","PARTIES","PCF","VIOLCODE","VIOL","VIOLSUB","HITRUN","ROADSURF","RDCOND1","RDCOND2","LIGHTING","RIGHTWAY","CHPRDTYP","NOTPRIV","STFAULT","CHPFAULT","SEVINJ","OTHERINJ","COP","PEDKILL","PEDINJ","BICKILL","BICINJ","MCKILL","MCINJURE","RAMP1","RAMP2","CITY","COUNTY","STATE","X_CHP","Y_CHP"
"5764298",-121.584883085,38.342585022,2012,"5700","3","4","3","12",0,1,"A",,,,"Y",,900,9,"D","C","A","COURTLAND RD","JEFFERSON BL",0,,"Y","2013-12-10",9280,"2012-09-13",722,"17375",,"1","9","0","1",,"2","013","-","N",,0,0,,,0,,,,"N",2,"A","-",22450,"A","N","A","H","-","A","A","0","Y","F","27",0,1,0,0,0,0,0,0,0,"-","-","UNINCORPORATED","YOLO","CA",-121.58472,38.34254
"5764290",-121.518650766,38.573858819,2012,"5704","2","2","4","08",0,1,"A",,,,"Y",,300,9,"B","C","A","RT 50","SOUTH RIVER RD",80,"E","N","2013-12-11",9280,"2012-09-11",210,"15128",,"3","4","0","1",,"2","011","-","Y","YOL",3,50,"-","-",2.82,"H","-","W","Y",2,"A","-",22107,,"N","A","H","-","C","D","1","Y","A","01",0,0,1,0,0,0,0,0,0,"TO","-","WEST SACRAMENTO","YOLO","CA",-121.5184,38.57396
"5762777",-121.730908144,38.543602671,2012,"5701","1","6","3","04",0,2,"A",,,,,,1500,6,"C","C","A","RT 80","RICHARDS BL",1584,"E","N","2014-01-09",9280,"2012-06-30",1410,"14853",,"2","5","0","1",,"2","010","-","Y","YOL",3,80,"-","-",0.53,"H","-","E","Y",3,"A","-",21703,,"N","A","H","-","A","D","1","Y","A","01",0,1,1,0,0,0,0,0,0,"-","-","DAVIS","YOLO","CA",-121.7323,38.54243
"5762215",-121.747763106,38.5462650155,2012,"5701","0","3","3","09",0,1,"A",,"Y",,,,2100,5,"G","A","A","RUSSELL BL","A ST",0,,"Y","2013-09-23",5701,"2012-05-23",1954,"8","4","5","5","0","0",,"0","002","-","N",,0,0,,,0,,,,"N",2,"A","-",21801,"A","N","A","H","-","A","A","0","Y","A","07",0,1,0,0,0,0,1,0,0,"-","-","DAVIS","YOLO","CA",0,0
"5762041",-121.628405428,38.565296778,2012,"5700","1","5","4","00",0,1,"A",,,,"Y",,1200,9,"C","C","A","RT 80","WEBSTER",2640,"E","N","2013-12-05",9280,"2012-09-07",945,"12272",,"1","9","0","1",,"2","010","-","Y","YOL",3,80,"-","-",6.3,"H","-","W","Y",3,"D","-",0,,"N","A","H","-","A","D","1","Y","-","-",0,0,1,0,0,0,0,0,0,"-","-","UNINCORPORATED","YOLO","CA",-121.6331,38.56443
"5760723",-121.5453831,38.5793750639,2012,"5704","0","3","4","08",0,1,"A",,,,"Y",,2100,8,"B","C","A","WEST CAPITOL AV","GLIDE AV",0,,"Y","2014-04-28",5704,"2012-08-29",2051,"00120",,"5","4","0","0",,"0","002","-","N",,0,0,,,0,,,,"N",2,"A","-",22100,"B","N","A","H","-","C","D","0","Y","F","27",0,0,1,0,0,0,0,0,0,"-","-","WEST SACRAMENTO","YOLO","CA",0,0
"5760080",0,0,2012,"5701","0","6","4","08",0,2,"A",,,,,,1800,8,"B","C","A","ALHAMBRA DR","ALHAMBRA 4504",0,,"N","2013-11-19",5701,"2012-08-04",1557,"105","7","5","5","0","0",,"0","003","-","N",,0,0,,,0,,,,"Y",2,"A","-",22107,,"N","A","H","-","A","D","0","Y","I","11",0,0,2,0,0,0,0,0,0,"-","-","DAVIS","YOLO","CA",0,0
"5756533",-121.858633212,38.5906349487,2012,"5700","5","2","3","09",0,1,"A",,,,,,1200,7,"D","C","A","COUNTY ROAD 29","COUNTY ROAD 95",0,,"Y","2013-10-26",9280,"2012-07-31",1000,"16292",,"1","9","0","3",,"2","003","-","N",,0,0,,,0,,,,"Y",2,"A","-",21802,"A","N","A","H","-","A","A","0","Y","E","22",0,1,0,0,0,0,0,0,0,"-","-","UNINCORPORATED","YOLO","CA",-121.8586,38.5906
"5756525",-121.547666475,38.598258433,2012,"5704","1","4","4","07",0,1,"A",,,,"Y",,1200,8,"C","C","A","RT 80","SACRAMENTO CO LINE",20,"W","N","2013-11-22",9280,"2012-08-09",950,"16027",,"1","4","0","1",,"2","010","-","Y","YOL",3,80,"-","R",11.71,"H","-","E","Y",3,"A","-",21658,"A","N","A","H","-","A","D","1","Y","G","25",0,0,1,0,0,0,0,0,0,"-","-","WEST SACRAMENTO","YOLO","CA",-121.54775,38.59822
"5756521",-121.953252295,38.5312427064,2012,"5700","5","3","4","03",0,4,"A",,,,,,1200,8,"C","C","A","RUSSELL BL","RT 505",40,"W","N","2013-11-25",9280,"2012-08-08",1140,"016027",,"1","9","0","3",,"2","003","-","N",,0,0,,,0,,,,"Y",3,"A","-",22350,,"N","A","H","-","A","A","0","Y","A","07",0,0,4,0,0,0,0,0,0,"-","-","UNINCORPORATED","YOLO","CA",-121.95085,38.53216
"5756415",-121.556431529,38.575176216,2012,"5704","2","5","3","03",0,1,"A",,,,,,1800,8,"C","C","A","RT 50","HARBOR BL",2640,"W","N","2013-11-22",9280,"2012-08-03",1730,"16632",,"2","4","0","1",,"2","011","-","Y","YOL",3,50,"-","-",0.7,"H","-","W","Y",4,"A","-",22350,,"N","A","H","-","A","D","1","Y","A","01",0,1,0,0,0,0,0,0,0,"-","-","WEST SACRAMENTO","YOLO","CA",-121.55977,38.57531
"5754941",-121.984891179,38.684305356,2012,"5700","3","2","2","05",0,1,"A",,,"Y",,,1800,8,"D","C","A","RT 16","COUNTY ROAD 88B",0,,"Y","2013-11-25",9280,"2012-08-07",1752,"016144",,"2","9","0","1",,"2","034","-","Y","YOL",3,16,"-","-",30.067,"I","5","W","N",2,"A","-",21460,"B","N","A","H","-","A","A","0","Y","C","02",1,0,0,0,0,0,0,0,1,"-","-","UNINCORPORATED","YOLO","CA",-121.9847,38.68445
"5753387",-121.674497965,38.557353789,2012,"5700","1","1","4","03",0,1,"A",,,,,,1800,7,"C","C","A","RT 80","WEBSTER",10560,"W","N","2013-10-26",9280,"2012-07-30",1645,"15079",,"2","9","0","1",,"2","010","-","Y","YOL",3,80,"-","-",3.78,"H","-","E","Y",2,"A","-",22350,,"N","A","H","-","A","D","1","Y","A","01",0,0,1,0,0,0,0,0,0,"-","-","UNINCORPORATED","YOLO","CA",-121.67617,38.5569
"5753383",-121.754677534,38.689700422,2012,"5703","1","2","3","08",0,1,"A",,,,,,1800,7,"F","I","A","RT 5","KENTUCKY AV",500,"N","N","2013-10-26",9280,"2012-07-24",1615,"17772",,"2","4","0","1",,"2","020","-","Y","YOL",3,5,"-","R",7.79,"H","-","N","Y",1,"A","-",22107,,"N","A","H","-","A","D","1","Y","A","01",0,1,0,0,0,0,0,0,0,"-","-","WOODLAND","YOLO","CA",-121.75833,38.69369
"5753258",-121.555277111,38.575131929,2012,"5704","2","2","4","03",0,1,"A",,,,,,1200,7,"C","C","A","RT 50","HARBOR BL",1584,"W","N","2013-11-08",9280,"2012-07-31",950,"017772",,"1","4","0","1",,"2","011","-","Y","YOL",3,50,"-","-",0.9,"H","-","W","Y",2,"A","-",22350,,"N","A","H","-","A","D","1","Y","A","01",0,0,1,0,0,0,0,0,0,"-","-","WEST SACRAMENTO","YOLO","CA",-121.5548,38.57528
"5753230",-122.085535893,38.704941704,2012,"5700","3","1","4","08",0,2,"A",,,,,,300,8,"A","C","A","RT 16","COUNTY ROAD 82B",450,"E","N","2013-11-22",9280,"2012-08-06",210,"017933",,"3","9","0","1",,"2","034","-","Y","YOL",3,16,"-","-",23.61,"H","-","W","Y",2,"A","-",22107,,"N","A","H","-","D","D","0","Y","D","22",0,0,2,0,0,0,0,0,0,"-","-","UNINCORPORATED","YOLO","CA",-122.08495,38.70507
"5753134",-121.727093122,38.5399349936,2012,"5701","0","5","3","08",0,1,"A",,"Y",,,,2400,6,"H","G","A","COWELL BL","DREW CIR",0,,"Y","2013-09-28",5701,"2012-06-29",2128,"100","8","5","5","0","0",,"0","004","-","N",,0,0,,,0,,,,"N",2,"A","-",22107,,"N","A","H","-","C","A","0","Y","A","01",0,1,0,0,0,0,1,0,0,"-","-","DAVIS","YOLO","CA",0,0
"5752145",-121.715456658,38.673862208,2012,"5700","1","5","3","08",0,1,"A",,,"Y",,,1800,7,"E","A","A","RT 5","COUNTY ROAD 103",2112,"W","N","2013-10-30",9280,"2012-07-27",1530,"13469",,"2","9","0","1",,"2","020","-","Y","YOL",3,5,"-","-",4.89,"H","-","N","Y",1,"A","-",22107,,"N","A","H","-","A","D","1","Y","C","02",0,1,0,0,0,0,0,0,1,"-","-","UNINCORPORATED","YOLO","CA",-121.70739,38.67358
"5752141",-122.018766914,38.6726952396,2012,"5700","5","3","3","03",0,1,"A",,,,,,2400,7,"B","C","A","COUNTY ROAD 23","COUNTY ROAD 86A",13,"W","N","2013-10-30",9280,"2012-07-18",2110,"15492",,"2","9","0","3",,"2","003","-","N",,0,0,,,0,,,,"Y",2,"A","-",22350,,"N","A","H","-","D","D","0","Y","A","01",0,1,0,0,0,0,0,0,0,"-","-","UNINCORPORATED","YOLO","CA",-122.01699,38.67264
"5752081",-121.768037592,38.544085892,2012,"5701","0","6","3","03",0,1,"A",,"Y",,,"Y",300,7,"H","J","A","RUSSELL BL","RT 113",0,,"Y","2013-10-31",5701,"2012-07-21",114,"104","1","5","5","0","0",,"0","001","-","Y","YOL",3,113,"-","R",0.924,"R","1","N","N",1,"A","-",22350,,"N","A","H","-","C","A","0","Y","L","04",0,1,0,0,0,0,1,0,0,"-","-","DAVIS","YOLO","CA",0,0
"5751303",-121.502668653,38.4482226583,2012,"5700","5","4","4","08",0,1,"A",,,"Y",,,2100,7,"F","A","A","SOUTH RIVER RD","FREEPORT BR",2640,"S","N","2013-10-26",9280,"2012-07-05",1832,"014853",,"2","9","0","3",,"2","001","-","N",,0,0,,,0,,,,"N",1,"A","-",22107,,"N","A","H","-","A","D","0","Y","C","02",0,0,1,0,0,0,0,0,1,"-","-","UNINCORPORATED","YOLO","CA",-121.50749,38.47043
"5751299",-121.596476712,38.571029068,2012,"5700","1","2","4","03",0,1,"A",,,,,,900,7,"C","C","A","RT 80","ENTERPRISE BL",5280,"W","N","2013-10-26",9280,"2012-07-31",745,"017772",,"1","9","0","1",,"2","010","-","Y","YOL",3,80,"-","-",8.18,"H","-","W","Y",2,"A","-",22350,,"N","A","H","-","A","D","1","Y","A","01",0,0,1,0,0,0,0,0,0,"-","-","UNINCORPORATED","YOLO","CA",-121.60847,38.56884
"5749919",0,0,2012,"5701","0","2","3","17",0,1,"A",,"Y",,,,1500,4,"H","G","A","1ST ST","1ST ST 227",0,,"-","2013-08-27",5701,"2012-04-17",1426,"83","4","5","5","0","0",,"0","002","-","N",,0,0,,,0,,,,"N",2,"A","-",21209,"A","F","A","H","-","A","A","0","Y","-","-",0,1,0,0,0,0,1,0,0,"-","-","DAVIS","YOLO","CA",0,0
"5749915",-121.735929301,38.5609168197,2012,"5701","0","7","4","17",0,1,"A",,"Y",,,,1800,4,"H","G","A","EAST COVELL BL","L ST",200,"W","N","2013-08-27",5701,"2012-04-22",1541,"8","5","5","5","0","0",,"0","002","-","N",,0,0,,,0,,,,"N",2,"A","-",21209,"A","N","A","H","-","A","D","0","Y","A","01",0,0,1,0,0,0,1,0,0,"-","-","DAVIS","YOLO","CA",0,0
"5748268",-121.751083167,38.670255111,2012,"5703","0","2","4","-",0,2,"A",,,,,,1800,7,"C","C","A","EAST MAIN ST","RT 113",115,"E","N","2014-02-14",5703,"2012-07-10",1630,"807","31","5","4","0","0",,"0","004","-","Y","YOL",3,113,"-","R",9.851,"R","4","N","N",2,"A","-",0,,"N","A","H","-","A","D","0","Y","A","01",0,0,2,0,0,0,0,0,0,"-","-","WOODLAND","YOLO","CA",0,0
"5748231",-121.639681905,38.67319627,2012,"5703","1","5","4","03",0,1,"A",,,,,,2100,7,"C","C","A","RT 5","COUNTY ROAD 22",205,"N","N","2013-10-29",9280,"2012-07-20",1859,"16632",,"2","4","0","1",,"2","020","-","Y","YOL",3,5,"-","-",0.68,"H","-","S","Y",2,"A","-",22350,,"N","A","H","-","A","D","1","Y","A","01",0,0,1,0,0,0,0,0,0,"-","-","WOODLAND","YOLO","CA",-121.64177,38.67318
"5748227",0,0,2012,"5700","5","5","4","09",0,1,"A",,,,,,1200,7,"D","C","A","COUNTY ROAD 98","HUTCHINSON DR",0,,"Y","2013-10-29",9280,"2012-07-27",1135,"17375",,"1","9","0","3",,"2","002","-","N",,0,0,,,0,,,,"Y",2,"A","-",21802,"A","N","A","H","-","A","A","0","Y","A","07",0,0,1,0,0,0,0,0,0,"-","-","UNINCORPORATED","YOLO","CA",-121.80341,38.53975
"5748223",-121.56505569,38.576118605,2012,"5704","1","7","4","01",0,1,"A",,,,,"Y",1500,7,"B","C","A","RT 80","ENTERPRISE BL",2640,"E","N","2013-10-29",9280,"2012-07-29",1459,"17763",,"2","4","0","1",,"2","010","-","Y","YOL",3,80,"-","-",9.7,"H","-","W","Y",2,"A","-",23152,"A","F","A","H","-","A","D","1","Y","A","01",0,0,1,0,0,0,0,0,0,"-","-","WEST SACRAMENTO","YOLO","CA",-121.56817,38.57585
"5748219",-121.778153135,38.681124969,2012,"5703","0","5","4","09",0,1,"A",,,,,,900,7,"A","C","A","WALNUT ST","ELLIOTT ST",0,,"Y","2013-10-29",5703,"2012-07-20",830,"863","42","5","4","0","0",,"0","002","-","N",,0,0,,,0,,,,"Y",2,"A","-",21801,"A","N","A","H","-","A","A","0","Y","A","01",0,0,1,0,0,0,0,0,0,"-","-","WOODLAND","YOLO","CA",0,0
"5748211",-121.569164922,38.57560603,2012,"5704","1","5","4","03",0,5,"A",,,,,,1200,7,"C","C","A","RT 80","ENTERPRISE BL",1320,"E","N","2013-10-29",9280,"2012-07-20",955,"15168",,"1","4","0","1",,"2","010","-","Y","YOL",3,80,"-","-",9.45,"H","-","W","Y",3,"A","-",22350,,"N","A","H","-","A","D","1","Y","A","01",0,0,5,0,0,0,0,0,0,"-","-","WEST SACRAMENTO","YOLO","CA",-121.57659,38.57449
"5747573",-121.737122879,38.538683846,2012,"5701","1","4","4","03",0,1,"A",,,,,,1800,7,"C","C","A","RT 80","RICHARDS BL",400,"W","N","2013-11-02",9280,"2012-07-19",1615,"16632",,"2","5","0","1",,"2","010","-","Y","YOL",3,80,"-","-",0.15,"H","-","E","Y",2,"A","-",22350,,"N","A","H","-","A","D","1","Y","A","01",0,0,1,0,0,0,0,0,0,"-","-","DAVIS","YOLO","CA",-121.73635,38.53944
"5747144",-121.519422811,38.574218171,2012,"5704","2","6","3","01",0,1,"A",,,,,"Y",2400,7,"E","I","A","RT 50","JEFFERSON BL",1584,"E","N","2013-11-02",9280,"2012-07-21",2150,"17763",,"2","4","0","1",,"2","011","-","Y","YOL",3,50,"-","-",2.8,"H","-","E","Y",1,"A","-",23152,"A","N","A","H","-","D","D","1","Y","A","01",0,1,0,0,0,0,0,0,0,"-","-","WEST SACRAMENTO","YOLO","CA",-121.52003,38.57503
"5747143",-121.725471367,38.805417704,2012,"5700","3","5","4","08",0,1,"A",,,,,,2100,7,"E","I","A","RT 45","RT 113",2640,"N","N","2013-11-01",9280,"2012-07-20",1830,"16527",,"2","9","0","1",,"2","026","-","Y","YOL",3,45,"-","-",0.49,"H","-","S","Y",1,"A","-",22107,,"N","A","H","-","A","D","0","Y","A","01",0,0,1,0,0,0,0,0,0,"-","-","UNINCORPORATED","YOLO","CA",-121.4435,38.0471
"5747064",-121.858708283,38.5615350514,2012,"5700","5","7","3","03",0,1,"A",,,,,,2100,6,"E","I","A","COUNTY ROAD 31","COUNTY ROAD 95",30,"E","N","2013-10-12",9280,"2012-06-17",1800,"16527",,"2","9","0","3",,"2","002","-","N",,0,0,,,0,,,,"Y",1,"A","-",22350,,"N","A","H","-","A","D","0","Y","A","01",0,1,0,0,0,0,0,0,0,"-","-","UNINCORPORATED","YOLO","CA",-121.85879,38.56172
"5747063",-121.684438802,38.555175077,2012,"5701","1","6","3","03",0,1,"A",,,"Y",,,1800,6,"F","A","A","RT 80","MACE BL",2640,"E","N","2014-01-09",9280,"2012-06-09",1655,"15079",,"2","5","0","1",,"2","010","-","Y","YOL",3,80,"-","-",3.18,"H","-","E","Y",1,"A","-",22350,,"N","A","H","-","A","D","1","Y","C","02",0,1,0,0,0,0,0,0,1,"-","-","DAVIS","YOLO","CA",-121.68697,38.55545
"5747062",-121.562493546,38.575532228,2012,"5704","2","7","4","03",0,2,"A",,,,,,1500,6,"C","C","A","RT 50","RT 80",20,"E","N","2014-01-27",9280,"2012-06-17",1217,"16292",,"1","4","0","1",,"2","011","-","Y","YOL",3,50,"-","-",0.34,"H","-","W","Y",2,"A","-",22350,,"N","A","H","-","A","D","1","Y","A","01",0,0,2,0,0,0,0,0,0,"-","-","WEST SACRAMENTO","YOLO","CA",-121.564,38.5756
"5746899",-121.957033819,38.5299171979,2012,"5702","0","1","4","21",0,1,"A",,,,"Y",,1500,6,"A","C","A","GRANT AV","TIMBER CREST RD",112,"E","N","2014-01-08",5702,"2012-06-25",1440,"533","B","5","2","0","0",,"0","00B","-","N",,0,0,,,0,,,,"Y",2,"A","-",22106,,"N","A","D","-","A","D","0","Y","F","26",0,0,1,0,0,0,0,0,0,"-","-","WINTERS","YOLO","CA",0,0
"5746536",-121.774214312,38.6774750686,2012,"5703","0","6","3","03",0,2,"A",,,,,,2400,7,"C","C","A","MAIN ST","1ST ST",300,"W","N","2013-10-26",5703,"2012-07-28",2230,"899","22","5","4","0","0",,"0","001","-","N",,0,0,,,0,,,,"N",4,"A","-",22350,,"F","A","H","-","C","A","0","Y","A","01",0,1,1,0,0,0,0,0,0,"-","-","WOODLAND","YOLO","CA",0,0
"5746088",-121.534003066,38.5802550265,2012,"5704","0","7","4","12",0,1,"A",,"Y",,,,1500,7,"D","G","A","POPLAR AV","WEST CAPITOL AV",0,,"Y","2013-11-04",5704,"2012-07-22",1430,"00109",,"5","4","0","0",,"0","002","-","N",,0,0,,,0,,,,"N",2,"A","-",21453,"A","N","A","H","-","A","A","0","Y","L","04",0,0,1,0,0,0,1,0,0,"-","-","WEST SACRAMENTO","YOLO","CA",0,0
"5745313",-121.615600824,38.567448657,2012,"5700","1","6","3","01",0,1,"A",,,,,"Y",600,7,"E","I","A","RT 80","WEBSTER",6864,"E","N","2014-02-05",9280,"2012-07-21",315,"016665",,"3","9","0","1",,"2","010","-","Y","YOL",3,80,"-","-",7.1,"H","-","E","Y",1,"A","-",23152,"A","N","A","H","-","C","D","1","Y","A","01",0,1,0,0,0,0,0,0,0,"-","-","UNINCORPORATED","YOLO","CA",-121.61698,38.56715
"5745280",0,0,2012,"5700","5","7","2","22",0,2,"A",,,"Y",,,1800,7,"F","A","A","CACHE CREEK","COUNTY ROAD 87",6336,"E","N","2013-11-02",9280,"2012-07-01",1755,"16929",,"2","9","0","3",,"2","003","-","N",,0,0,,,0,,,,"N",1,"B","-",0,,"N","A","G","-","A","D","0","Y","C","06",1,1,0,0,0,0,0,0,2,"-","-","UNINCORPORATED","YOLO","CA",-121.99318,38.70768
"5745279",-121.720554025,38.546938765,2012,"5701","1","5","4","03",0,1,"A",,,,,,1500,7,"C","C","A","RT 80","POLE LINE RD",1700,"E","N","2014-04-28",9280,"2012-07-13",1241,"17375",,"1","5","0","1",,"2","010","-","Y","YOL",3,80,"-","-",1.21,"H","-","E","N",3,"A","-",22350,,"N","A","H","-","A","D","1","Y","D","22",0,0,1,0,0,0,0,0,0,"-","-","DAVIS","YOLO","CA",-121.72013,38.54709
"5745278",-121.633500841,38.564385889,2012,"5700","1","4","4","03",0,1,"A",,,,,,1800,7,"C","C","A","RT 80","WEBSTER",1056,"E","N","2013-11-02",9280,"2012-07-12",1711,"16632",,"2","9","0","1",,"2","010","-","Y","YOL",3,80,"-","-",6,"H","-","W","N",2,"A","-",22350,,"N","A","H","-","A","D","1","Y","A","01",0,0,1,0,0,0,0,0,0,"-","-","UNINCORPORATED","YOLO","CA",-121.62172,38.5663
"5745277",0,0,2012,"5700","5","3","3","08",0,1,"A",,,,,,600,7,"E","I","A","COUNTY ROAD 28H","COUNTY ROAD 104",150,"E","N","2013-11-02",9280,"2012-07-11",540,"16027",,"3","9","0","3",,"2","002","-","N",,0,0,,,0,,,,"Y",1,"A","-",22107,,"N","A","H","-","B","D","0","Y","A","01",0,1,0,0,0,0,0,0,0,"-","-","UNINCORPORATED","YOLO","CA",-121.69247,38.59034
"5745276",-122.017423133,38.6955450029,2012,"5700","3","7","4","09",0,1,"A",,,,,,2100,7,"B","C","A","COUNTY ROAD 87","WOODLAND AV",0,,"Y","2014-04-28",9280,"2012-07-08",1906,"16010",,"2","9","0","1",,"2","034","-","N",,0,0,,,0,,,,"N",2,"A","-",21802,"A","N","A","H","-","A","A","0","Y","A","01",0,0,1,0,0,0,0,0,0,"-","-","UNINCORPORATED","YOLO","CA",-122.01601,38.69529
"5745275",-121.947949397,38.679052963,2012,"5700","3","6","4","09",0,1,"A",,,,,,2400,7,"C","C","A","RT 113","RT 505",1056,"E","N","2013-11-02",9280,"2012-07-07",2333,"16144",,"3","9","0","1",,"2","034","-","Y","YOL",3,16,"-","-",32.45,"H","-","E","Y",2,"A","-",21801,"A","N","A","H","-","A","D","0","Y","A","01",0,0,1,0,0,0,0,0,0,"-","-","UNINCORPORATED","YOLO","CA",-121.94613,38.67913
"5745274",-121.953154066,38.546192718,2012,"5700","1","6","3","18",0,2,"A",,,,,,1200,7,"E","I","A","RT 505","RT 128",5280,"N","N","2013-11-02",9280,"2012-07-07",1053,"16351",,"1","9","0","1",,"2","031","-","Y","YOL",3,505,"-","-",1.4,"H","-","S","Y",1,"C","-",0,,"N","A","H","-","A","D","1","Y","-","-",0,1,1,0,0,0,0,0,0,"-","-","UNINCORPORATED","YOLO","CA",-121.9533,38.54719
"5745273",-121.702550667,38.551032518,2012,"5701","1","1","4","03",0,1,"A",,,,,,1800,7,"C","C","A","RT 80","MACE BL",1320,"W","N","2013-11-02",9280,"2012-07-16",1605,"11706",,"2","5","0","1",,"2","010","-","Y","YOL",3,80,"-","-",2.34,"H","-","E","Y",3,"A","-",22350,,"M","A","H","-","A","D","1","Y","A","07",0,0,1,0,0,0,0,0,0,"-","-","DAVIS","YOLO","CA",-121.6506,38.56106
"5745272",-121.619928823,38.566874135,2012,"5700","1","6","4","18",0,2,"A",,,,,,1800,7,"E","I","A","RT 80","WEBSTER",5280,"E","N","2013-11-02",9280,"2012-07-14",1540,"15353",,"2","9","0","1",,"2","010","-","Y","YOL",3,80,"-","-",6.8,"H","-","W","Y",1,"C","-",0,,"N","A","H","-","A","D","1","Y","-","-",0,0,2,0,0,0,0,0,0,"-","-","UNINCORPORATED","YOLO","CA",-121.62003,38.56693
"5744592",-121.798193126,38.6631450303,2012,"5703","0","3","4","12",0,2,"A",,,,,,1500,6,"D","C","A","WEST GIBSON RD","ASHLEY AV",0,,"Y","2014-03-12",5703,"2012-06-13",1400,"880","74","5","4","0","0",,"0","003","-","N",,0,0,,,0,,,,"Y",2,"A","-",22450,"A","N","A","H","-","A","A","0","Y","A","01",0,0,2,0,0,0,0,0,0,"-","-","WOODLAND","YOLO","CA",0,0
"5743291",-121.969123203,38.682015096,2012,"5700","3","7","4","03",0,1,"A",,,,,,2400,7,"C","C","A","RT 16","COUNTY ROAD 89",528,"W","N","2013-11-06",9280,"2012-07-22",2135,"017933",,"2","9","0","1",,"2","034","-","Y","YOL",3,16,"-","-",30.93,"H","-","E","N",2,"A","-",22350,,"N","A","H","-","D","D","0","Y","D","22",0,0,1,0,0,0,0,0,0,"-","-","UNINCORPORATED","YOLO","CA",-121.96957,38.68191
"5743290",-121.522439182,38.576664108,2012,"5704","2","6","4","07",0,1,"A",,,,"Y",,900,7,"B","C","A","RT 50","JEFFERSON BL",200,"E","N","2013-10-28",9280,"2012-07-21",755,"17772",,"1","4","0","1",,"2","011","-","Y","YOL",3,50,"-","-",2.54,"H","-","W","Y",2,"A","-",21658,"A","N","A","H","-","A","D","1","Y","A","01",0,0,1,0,0,0,0,0,0,"-","-","WEST SACRAMENTO","YOLO","CA",-121.52055,38.57573
"5743289",-121.645248242,38.562143758,2012,"5700","1","2","4","03",0,1,"A",,,,,,1800,7,"C","C","A","RT 80","WEBSTER",1584,"W","N","2014-04-28",9280,"2012-07-17",1738,"011706",,"2","9","0","1",,"2","010","-","Y","YOL",3,80,"-","-",5.48,"H","-","E","Y",3,"A","-",22350,,"N","A","H","-","A","D","1","Y","D","23",0,0,1,0,0,0,0,0,0,"-","-","UNINCORPORATED","YOLO","CA",-121.64412,38.56241
"5743287",-121.71122319,38.6187850291,2012,"5700","4","2","3","12",0,1,"A",,,,,,1500,7,"D","C","A","COUNTY ROAD 103","COUNTY ROAD 27",0,,"Y","2013-11-05",9280,"2012-07-17",1320,"017772",,"1","9","0","2",,"1","021","-","N",,0,0,,,0,,,,"Y",2,"A","-",22450,"A","N","A","H","-","A","A","0","Y","A","07",0,1,0,0,0,0,0,0,0,"-","-","UNINCORPORATED","YOLO","CA",-121.71122,38.61884
"5743285",-121.537704399,38.575102339,2012,"5704","2","6","4","03",0,1,"A",,,,,,1800,7,"C","C","A","RT 50","HARBOR BL",2640,"E","N","2013-11-05",9280,"2012-07-14",1727,"016632",,"2","4","0","1",,"2","011","-","Y","YOL",3,50,"-","-",1.7,"H","-","W","Y",2,"A","-",22350,,"N","A","H","-","A","D","1","Y","A","07",0,0,1,0,0,0,0,0,0,"-","-","WEST SACRAMENTO","YOLO","CA",-121.53872,38.57506
"5743201",-121.751083167,38.670255111,2012,"5703","0","4","4","-",0,1,"A",,,,,,1500,7,"C","C","A","EAST MAIN ST","RT 113",150,"E","N","2014-02-12",5703,"2012-07-26",1221,"832","41","5","4","0","0",,"0","001","-","Y","YOL",3,113,"-","R",9.851,"R","4","N","N",2,"A","-",0,,"N","A","H","-","A","A","0","Y","A","01",0,0,1,0,0,0,0,0,0,"-","SF","WOODLAND","YOLO","CA",0,0
"5742983",0,0,2012,"5703","0","2","4","03",0,1,"A",,,,,,1500,7,"C","C","A","EAST MAIN ST","INDUSTRIAL WY",109,,"N","2013-11-07",5703,"2012-07-24",1307,"863","41","5","4","0","0",,"0","001","-","N",,0,0,,,0,,,,"Y",2,"A","-",22350,,"N","A","H","-","A","A","0","Y","A","01",0,0,1,0,0,0,0,0,0,"-","-","WOODLAND","YOLO","CA",0,0
"5742329",-121.742332494,38.6684435143,2012,"5703","0","5","3","10",0,1,"A","Y",,,,,1200,7,"G","B","B","PIONEER AV","E GUM AV",14,"N","N","2013-11-05",5703,"2012-07-13",1101,"832","31","5","4","0","0",,"0","004","-","N",,0,0,,,0,,,,"N",2,"A","-",21950,"A","N","A","H","-","A","A","0","Y","D","22",0,1,0,0,1,0,0,0,0,"-","-","WOODLAND","YOLO","CA",0,0