"CASEID","POINT_X","POINT_Y","YEAR_","LOCATION","CHPTYPE","DAYWEEK","CRASHSEV","VIOLCAT","KILLED","INJURED","WEATHER1","PEDCOL","BICCOL","MCCOL","TRUCKCOL","ETOH","TIMECAT","MONTH_","CRASHTYP","INVOLVE","PED","PRIMARYRD","SECONDRD","DISTANCE","DIRECT","INTERSECT_","PROCDATE","JURIS","DATE_","TIME_","BADGE","JURIDIST","SHIFT","POP","SPECIAL","BEATTYPE","LAPDDIV","BEATCLAS","BEATNUMB","WEATHER2","STATEHW","CALTRANC","CALTRAND","STROUTE","ROUTESUF","POSTPRE","POSTMILE","LOCATYPE","RAMP","SIDEHW","TOWAWAY","PARTIES","PCF","VIOLCODE","VIOL","VIOLSUB","HITRUN","ROADSURF","RDCOND1","RDCOND2","LIGHTING","RIGHTWAY","CHPRDTYP","NOTPRIV","STFAULT","CHPFAULT","SEVINJ","OTHERINJ","COP","PEDKILL","PEDINJ","BICKILL","BICINJ","MCKILL","MCINJURE","RAMP1","RAMP2","CITY","COUNTY","STATE","X_CHP","Y_CHP"
"5687543",-121.731043205,38.5625308126,2012,"5701","0","1","4","03",0,2,"A",,,,,,1800,6,"C","C","A","POLE LINE RD","PICASSO AV",600,"S","N","2013-10-12",5701,"2012-06-11",1759,"45",,"5","5","0","0",,"0","003","-","N",,0,0,,,0,,,,"N",2,"A","-",22350,,"N","A","H","-","A","A","0","Y","A","01",0,0,2,0,0,0,0,0,0,"-","-","DAVIS","YOLO","CA",0,0
"5687539",-121.741175187,38.5515456827,2012,"5701","0","4","4","03",0,1,"A",,,,,,1500,6,"C","C","A","EAST 8TH","G ST",30,"W","N","2013-10-12",5701,"2012-06-14",1339,"107","4","5","5","0","0",,"0","002","-","N",,0,0,,,0,,,,"Y",2,"A","-",22350,,"N","A","H","-","A","D","0","Y","A","01",0,0,1,0,0,0,0,0,0,"-","-","DAVIS","YOLO","CA",0,0
"5684346",-121.632200823,38.564465309,2012,"5700","1","6","3","03",0,5,"A",,,,,,1500,6,"E","I","A","RT 80","WEBSTER",1760,"E","N","2014-01-09",9280,"2012-06-09",1315,"015079",,"1","9","0","1",,"2","010","-","Y","YOL",3,80,"-","-",6.13,"H","-","E","Y",2,"A","-",22350,,"N","A","H","-","A","D","1","Y","D","22",0,2,3,0,0,0,0,0,0,"-","-","UNINCORPORATED","YOLO","CA",-121.63184,38.56448
"5684342",-121.845046406,38.677883455,2012,"5700","3","3","4","04",0,2,"A",,,,,,1500,6,"C","C","A","RT 16","COUNTY ROAD 96",1584,"W","N","2014-01-29",9280,"2012-06-06",1310,"014853",,"1","9","0","1",,"1","024","-","Y","YOL",3,16,"-","-",38.26,"H","-","E","N",2,"A","-",21703,,"N","A","H","-","A","D","0","Y","D","22",0,0,2,0,0,0,0,0,0,"-","-","UNINCORPORATED","YOLO","CA",-121.84433,38.67797
"5683018",-121.736949473,38.5453423092,2012,"5701","0","5","3","01",0,1,"A",,,,,"Y",300,6,"E","I","A","3RD ST","I ST",10,"N","N","2013-10-15",5701,"2012-06-15",150,"89","5","5","5","0","0",,"0","002","-","N",,0,0,,,0,,,,"Y",1,"A","-",23153,"A","N","A","H","-","D","D","0","Y","A","01",0,1,0,0,0,0,0,0,0,"-","-","DAVIS","YOLO","CA",0,0
"5681577",0,0,2012,"5703","0","3","4","08",0,1,"A",,,,,,1200,6,"B","C","A","COUNTY ROAD 102","BRONZE STAR DR",60,"N","N","2014-01-08",5703,"2012-06-13",1150,"862","91","5","4","0","0",,"0","004","-","N",,0,0,,,0,,,,"Y",2,"A","-",22107,,"N","A","H","-","A","A","0","Y","A","01",0,0,1,0,0,0,0,0,0,"-","-","WOODLAND","YOLO","CA",0,0
"5681573",-121.77195316,38.675604996,2012,"5703","0","3","3","09",0,2,"A",,,,,,2100,6,"-","C","A","2ND ST","LINCOLN AV",0,,"Y","2013-10-05",5703,"2012-06-13",1808,"885","12","5","4","0","0",,"0","001","-","N",,0,0,,,0,,,,"Y",2,"A","-",21802,"A","N","A","H","-","A","D","0","Y","A","01",0,1,1,0,0,0,0,0,0,"-","-","WOODLAND","YOLO","CA",0,0
"5681569",-121.765367746,38.6773802306,2012,"5703","0","2","4","03",0,1,"A",,,,,,1800,6,"C","C","A","EAST MAIN ST","EAST ST",25,"E","N","2013-10-05",5703,"2012-06-12",1609,"863","12","5","4","0","0",,"0","001","-","N",,0,0,,,0,,,,"N",2,"A","-",22350,,"N","A","H","-","A","A","0","Y","A","07",0,0,1,0,0,0,0,0,0,"-","-","WOODLAND","YOLO","CA",0,0
"5681531",-121.782055421,38.6629771855,2012,"5703","0","1","4","05",0,1,"A",,,,,,2100,6,"B","E","A","GIBSON RD","MCKINLEY AV",72,"W","N","2013-10-05",5703,"2012-06-04",2045,"862","36","5","4","0","0",,"0","003","-","N",,0,0,,,0,,,,"Y",2,"A","-",21650,,"N","A","H","-","C","D","0","Y","A","01",0,0,1,0,0,0,0,0,0,"-","-","WOODLAND","YOLO","CA",0,0
"5681527",0,0,2012,"5703","0","2","4","08",0,1,"A",,,,,,2100,6,"E","J","A","EAST ST","CHURCHILL DOWNS AV",1385,"N","N","2013-11-05",5703,"2012-06-05",1821,"880","29","5","4","0","0",,"0","001","-","N",,0,0,,,0,,,,"Y",1,"A","-",22107,,"N","A","H","-","A","D","0","Y","A","01",0,0,1,0,0,0,0,0,0,"-","-","WOODLAND","YOLO","CA",0,0
"5680160",-121.75224923,38.5601690342,2012,"5701","0","1","3","08",0,1,"B",,"Y",,,,900,6,"H","G","A","OAK AV","COVELL BL",250,"S","N","2014-01-07",5701,"2012-06-04",745,"106","2","5","5","0","0",,"0","001","-","N",,0,0,,,0,,,,"N",2,"A","-",22107,,"N","A","H","-","A","D","0","Y","A","01",0,1,0,0,0,0,1,0,0,"-","-","DAVIS","YOLO","CA",0,0
"5679844",-121.730313203,38.5898350118,2012,"5700","1","6","3","12",0,6,"A",,,,,,2100,5,"D","C","A","COUNTY ROAD 102","COUNTY ROAD 29",0,,"Y","2013-09-07",9280,"2012-05-26",1925,"15079",,"2","9","0","1",,"2","020","-","N",,0,0,,,0,,,,"Y",2,"A","-",22450,"A","N","A","H","-","A","A","0","Y","A","01",0,1,5,0,0,0,0,0,0,"-","-","UNINCORPORATED","YOLO","CA",-121.4349,38.352
"5679768",-121.584584518,38.573155471,2012,"5700","1","6","4","04",0,2,"A",,,,,,1200,6,"C","C","A","RT 80","ENTERPRISE BL",1584,"W","N","2014-01-09",9280,"2012-06-09",930,"13927",,"1","9","0","1",,"2","010","-","Y","YOL",3,80,"-","-",8.88,"H","-","W","N",2,"A","-",21703,,"N","A","H","-","A","D","1","Y","A","01",0,0,2,0,0,0,0,0,0,"-","-","UNINCORPORATED","YOLO","CA",0,0
"5679764",-121.845046406,38.677883455,2012,"5703","3","2","3","08",0,1,"A",,,,,,600,6,"E","I","A","RT 16","COUNTY ROAD 96",1056,"W","N","2014-01-29",9280,"2012-06-12",400,"17933",,"3","4","0","1",,"1","024","-","Y","YOL",3,16,"-","-",38.26,"H","-","E","Y",1,"A","-",22107,,"N","A","H","-","D","D","0","Y","A","01",0,1,0,0,0,0,0,0,0,"-","-","WOODLAND","YOLO","CA",-121.84412,38.67794
"5678000",-121.655976206,38.560327138,2012,"5700","1","4","4","07",0,1,"A",,,"Y",,,1800,6,"B","C","A","RT 80","MACE BL",11616,"E","N","2014-01-09",9280,"2012-06-28",1650,"11706",,"2","9","0","1",,"2","010","-","Y","YOL",3,80,"-","-",4.88,"H","-","E","Y",2,"A","-",21658,"A","N","A","H","-","A","D","1","Y","C","02",0,0,1,0,0,0,0,0,1,"-","-","UNINCORPORATED","YOLO","CA",-121.65421,38.5605
"5677839",-121.722881597,38.7951328,2012,"5700","3","5","2","01",0,2,"A",,,,,"Y",300,6,"E","I","A","RT 113","DIXON ST",280,"S","N","2014-01-24",9280,"2012-06-15",100,"16665",,"3","9","0","1",,"2","023","-","Y","YOL",3,113,"-","R",21.5,"H","-","N","Y",5,"A","-",23152,"A","F","A","H","-","C","D","0","Y","A","01",1,0,1,0,0,0,0,0,0,"-","-","UNINCORPORATED","YOLO","CA",-121.72333,38.79433
"5674453",-121.533194171,38.5706510454,2012,"5704","0","1","3","05",0,1,"A",,,,,,1200,6,"E","I","A","FALLBROOK ST","GRANDE VISTA AV",100,"S","N","2013-10-12",5704,"2012-06-18",1115,"00158",,"5","4","0","0",,"0","002","-","N",,0,0,,,0,,,,"Y",1,"A","-",21650,,"N","A","H","-","A","D","0","Y","A","01",0,1,0,0,0,0,0,0,0,"-","-","WEST SACRAMENTO","YOLO","CA",0,0
"5674100",-122.031823071,38.495716539,2012,"5700","3","6","3","08",0,4,"A",,,,,"Y",2100,6,"E","I","A","RT 128","PLEASANTS VALLEY RD",1584,"W","N","2014-01-30",9280,"2012-06-16",2015,"13469",,"2","9","0","1",,"2","032","-","Y","YOL",3,128,"-","-",4.28,"H","-","E","Y",1,"A","-",22107,,"F","A","H","-","B","D","0","Y","A","07",0,2,2,0,0,0,0,0,0,"-","-","UNINCORPORATED","YOLO","CA",-121.0335,38.49668
"5673608",-121.784013197,38.6788550442,2012,"5703","0","3","3","12",0,2,"A",,,,,,2100,6,"D","C","A","COURT ST","WEST ST",0,,"Y","2013-10-17",5703,"2012-06-20",1840,"885","62","5","4","0","0",,"0","002","-","N",,0,0,,,0,,,,"Y",2,"A","-",21453,"A","F","A","H","-","A","A","0","Y","D","22",0,2,0,0,0,0,0,0,0,"-","-","WOODLAND","YOLO","CA",0,0
"5673552",-121.738201644,38.5405842438,2012,"5701","0","5","4","03",0,1,"A",,,,,,1500,5,"C","C","A","RICHARDS BL","OLIVE DR",150,"S","N","2014-01-08",5701,"2012-05-11",1300,"67","8","5","5","0","0",,"0","004","-","N",,0,0,,,0,,,,"N",2,"A","-",22350,,"N","A","H","-","A","D","0","Y","D","22",0,0,1,0,0,0,0,0,0,"-","-","DAVIS","YOLO","CA",0,0
"5672220",-121.969123203,38.682015096,2012,"5700","3","7","4","03",0,1,"A",,,,,,2100,6,"C","C","A","RT 16","COUNTY ROAD 89",528,"W","N","2014-01-29",9280,"2012-06-10",1835,"15079",,"2","9","0","1",,"2","034","-","Y","YOL",3,16,"-","-",30.93,"H","-","E","Y",2,"A","-",22350,,"N","A","H","-","A","D","0","Y","A","01",0,0,1,0,0,0,0,0,0,"-","-","UNINCORPORATED","YOLO","CA",-121.96948,38.68201
"5672216",-121.586283154,38.572851073,2012,"5700","1","3","4","03",0,1,"A",,,"Y",,,900,6,"C","C","A","RT 80","ENTERPRISE BL",2112,"W","N","2014-01-09",9280,"2012-06-13",750,"17772",,"1","9","0","1",,"2","010","-","Y","YOL",3,80,"-","-",8.78,"H","-","W","Y",2,"A","-",22350,,"N","A","H","-","A","D","1","Y","C","02",0,0,1,0,0,0,0,0,1,"-","-","UNINCORPORATED","YOLO","CA",-121.58724,38.57278
"5672212",-121.546893124,38.575115119,2012,"5704","2","4","3","01",0,1,"A",,,,,"Y",300,6,"F","A","A","RT 50","HARBOR BL",60,"E","N","2014-01-27",9280,"2012-06-14",35,"17351",,"3","4","0","1",,"2","011","-","Y","YOL",3,50,"-","-",1.21,"R","2","W","Y",1,"A","-",23152,"A","N","A","H","-","C","D","1","Y","A","01",0,1,0,0,0,0,0,0,0,"-","-","WEST SACRAMENTO","YOLO","CA",0,0
"5672208",-121.546705743,38.575113264,2012,"5704","2","6","3","03",0,1,"A",,,,,,1200,6,"C","C","A","RT 50","HARBOR BL",125,"E","N","2014-01-27",9280,"2012-06-16",1135,"17772",,"1","4","0","1",,"2","011","-","Y","YOL",3,50,"-","-",1.22,"H","-","W","Y",3,"A","-",22350,,"N","A","H","-","A","D","1","Y","A","01",0,1,0,0,0,0,0,0,0,"-","-","WEST SACRAMENTO","YOLO","CA",-121.54775,38.57507
"5672204",0,0,2012,"5704","2","6","4","18",0,1,"A",,,,,,1800,6,"E","I","A","RT 50","5TH ST",250,"E","N","2014-03-06",9280,"2012-06-16",1515,"17772",,"2","4","0","1",,"2","011","-","Y","SAC",3,50,"-","L",0.679,"R","2","W","Y",1,"C","-",0,,"N","A","H","-","A","D","1","Y","-","-",0,0,1,0,0,0,0,0,0,"TO","-","WEST SACRAMENTO","YOLO","CA",-121.51874,38.57715
"5671802",-121.752988029,38.5463279482,2012,"5701","0","5","4","03",0,2,"A",,,,,,1200,6,"C","C","A","RUSSELL BL","OAK AV",50,"W","N","2013-10-02",5701,"2012-06-08",1026,"72","3","5","5","0","0",,"0","001","-","N",,0,0,,,0,,,,"Y",2,"A","-",22350,,"N","A","H","-","A","A","0","Y","D","22",0,0,2,0,0,0,0,0,0,"-","-","DAVIS","YOLO","CA",0,0
"5667629",-121.682785106,38.555546916,2012,"5701","1","5","3","03",0,1,"A",,,"Y",,,2100,6,"C","C","A","RT 80","MACE BL",3168,"E","N","2014-01-09",9280,"2012-06-01",1855,"13469",,"2","5","0","1",,"2","010","-","Y","YOL",3,80,"-","-",3.28,"H","-","E","Y",2,"A","-",22350,,"N","A","H","-","A","D","1","Y","C","02",0,1,0,0,0,0,0,0,1,"-","-","DAVIS","YOLO","CA",-121.68156,38.55571
"5667625",-121.775887961,38.698591693,2012,"5703","1","7","4","08",0,1,"A",,,,,,1500,6,"E","I","A","RT 5","WEST ST",2640,"S","N","2014-02-10",9280,"2012-06-03",1355,"16527",,"1","4","0","1",,"2","020","-","Y","YOL",3,5,"-","R",8.91,"H","-","S","Y",1,"A","-",22107,,"N","A","H","-","A","D","1","Y","A","01",0,0,1,0,0,0,0,0,0,"-","-","WOODLAND","YOLO","CA",-121.27769,38.69899
"5667433",-122.017527389,38.689191642,2012,"5703","3","7","4","08",0,1,"A",,,"Y",,,1800,5,"H","J","A","RT 16","YOLO AV",20,"E","N","2014-01-29",9280,"2012-05-27",1542,"016632",,"2","4","0","1",,"2","034","-","Y","YOL",3,16,"-","-",28.27,"H","-","E","Y",1,"A","-",22107,,"N","B","H","-","A","D","0","Y","C","02",0,0,1,0,0,0,0,0,1,"-","-","WOODLAND","YOLO","CA",0,0
"5666554",-121.752813181,38.5463250063,2012,"5701","0","2","4","09",0,1,"A",,"Y",,,,1200,4,"H","G","A","OAK AV","RUSSELL BL",0,,"Y","2013-08-21",5701,"2012-04-03",1100,"89","3","5","5","0","0",,"0","001","-","N",,0,0,,,0,,,,"N",2,"A","-",21804,"A","N","A","H","-","A","A","0","Y","L","04",0,0,1,0,0,0,1,0,0,"-","-","DAVIS","YOLO","CA",-121.75308,38.54636
"5666546",0,0,2012,"5701","0","4","4","09",0,1,"A",,"Y",,,,1800,4,"H","G","A","8TH STE","8TH ST",500,"W","N","2013-08-21",5701,"2012-04-05",1502,"89","5","5","5","0","0",,"0","002","-","N",,0,0,,,0,,,,"N",2,"A","-",21801,"A","N","A","H","-","A","D","0","Y","A","01",0,0,1,0,0,0,1,0,0,"-","-","DAVIS","YOLO","CA",0,0
"5666037",-121.75869204,38.5499211181,2012,"5701","0","2","3","08",0,1,"A",,"Y",,,,1800,5,"H","G","A","ANDERSON RD","SUNSET CT",370,"N","N","2013-08-31",5701,"2012-05-08",1722,"83","2","5","5","0","0",,"0","001","-","N",,0,0,,,0,,,,"N",2,"A","-",22103,,"N","A","H","-","A","D","0","Y","A","01",0,1,0,0,0,0,1,0,0,"-","-","DAVIS","YOLO","CA",-121.75585,38.5503
"5666036",-121.735133135,38.5573349451,2012,"5701","0","5","3","09",0,1,"A",,"Y",,,,1200,5,"H","G","A","DREXEL DR","L ST",0,,"Y","2013-08-31",5701,"2012-05-25",1049,"11","5","5","5","0","0",,"0","002","-","N",,0,0,,,0,,,,"N",2,"A","-",21800,"A","N","A","H","-","A","A","0","Y","A","01",0,1,0,0,0,0,1,0,0,"-","-","DAVIS","YOLO","CA",0,0
"5666035",-121.78529946,38.5504293589,2012,"5701","0","6","4","01",0,1,"A",,,,,"Y",900,5,"C","E","A","DANUBE AV","BIENVILLE ST",250,"E","N","2013-10-30",5701,"2012-05-19",609,"11","1","5","5","0","0",,"0","001","-","N",,0,0,,,0,,,,"N",4,"A","-",23152,,"N","A","H","-","A","A","0","Y","A","01",0,0,1,0,0,0,0,0,0,"-","-","DAVIS","YOLO","CA",0,0
"5666034",0,0,2012,"5701","0","7","3","03",0,1,"A",,"Y",,,,1800,5,"E","I","A","2ND ST","THE POLE LINE OVERPASS",528,"W","N","2013-08-31",5701,"2012-05-20",1713,"53","5","5","5","0","0",,"0","002","-","N",,0,0,,,0,,,,"N",1,"A","-",22350,,"N","A","H","-","A","D","0","Y","L","04",0,1,0,0,0,0,1,0,0,"-","-","DAVIS","YOLO","CA",0,0
"5665853",-121.55597317,38.5326850513,2012,"5704","0","3","3","09",0,1,"A",,,,,,900,6,"D","C","A","JEFFERSON BL","GREGORY RD",0,,"N","2013-10-07",5704,"2012-06-06",645,"00158",,"5","4","0","0",,"0","003","-","N",,0,0,,,0,,,,"Y",2,"A","-",21804,"A","N","A","H","-","A","A","0","Y","A","01",0,1,0,0,0,0,0,0,0,"-","-","WEST SACRAMENTO","YOLO","CA",0,0
"5665143",-121.733417759,38.673686265,2012,"5703","1","6","3","08",0,2,"A",,,,,,900,5,"F","I","A","RT 5","COUNTY ROAD 102",1056,"N","N","2014-01-23",9280,"2012-05-26",818,"15353",,"1","4","0","1",,"2","020","-","Y","YOL",3,5,"-","-",5.73,"H","-","S","Y",2,"A","-",22107,,"N","A","D","-","A","D","1","Y","A","07",0,1,1,0,0,0,0,0,0,"-","-","WOODLAND","YOLO","CA",-121.73375,38.67379
"5665127",-121.686090153,38.554795083,2012,"5700","1","6","3","17",0,1,"A",,,"Y",,,1500,5,"H","I","A","RT 80","MACE BL",2112,"E","N","2014-01-09",9280,"2012-05-19",1355,"17375",,"1","9","0","1",,"2","010","-","Y","YOL",3,80,"-","-",3.08,"H","-","E","N",2,"A","-",22109,,"F","A","H","-","A","D","1","Y","A","01",0,1,0,0,0,0,0,0,1,"-","-","UNINCORPORATED","YOLO","CA",-121.6882,38.5542
"5664877",-121.732357611,38.542594259,2012,"5701","1","4","4","03",0,1,"A",,,,,,1800,6,"C","C","A","RT 80","RICHARDS BL",1056,"E","N","2014-01-09",9280,"2012-06-07",1550,"11706",,"2","5","0","1",,"2","010","-","Y","YOL",3,80,"-","-",0.43,"H","-","E","Y",2,"A","-",22350,,"N","A","H","-","A","D","1","Y","A","01",0,0,1,0,0,0,0,0,0,"-","-","DAVIS","YOLO","CA",-121.73418,38.54106
"5664865",-121.57604262,38.574620406,2012,"5704","1","3","4","08",0,1,"A",,,,,,1500,6,"E","I","A","RT 80","WEST CAPITOL",900,"W","N","2014-01-09",9280,"2012-06-06",1350,"17375",,"1","4","0","1",,"2","010","-","Y","YOL",3,80,"-","R",9.99,"H","-","W","N",1,"A","-",22107,,"N","A","H","-","A","D","1","Y","A","07",0,0,1,0,0,0,0,0,0,"-","-","WEST SACRAMENTO","YOLO","CA",-121.56232,38.57751
"5664365",-121.621628462,38.566573423,2012,"5700","1","3","4","03",0,3,"A",,,,"Y",,900,5,"C","C","A","RT 80","WEBSTER RD",4752,"E","N","2014-01-09",9280,"2012-05-23",650,"17772",,"1","9","0","1",,"2","010","-","Y","YOL",3,80,"-","-",6.7,"H","-","W","Y",5,"A","-",22350,,"N","A","H","-","A","D","1","Y","A","01",0,0,3,0,0,0,0,0,0,"-","-","UNINCORPORATED","YOLO","CA",-121.61634,38.56759
"5663695",-121.548541352,38.5807391308,2012,"5704","0","4","4","09",0,1,"A",,,,,,1500,5,"D","C","A","HARBOR BL","WEST CAPITOL AV",550,"N","N","2013-09-17",5704,"2012-05-31",1211,"173","WSPD","5","4","0","0",,"0","002","-","N",,0,0,,,0,,,,"N",2,"A","-",21801,"A","N","A","H","-","A","D","0","Y","A","07",0,0,1,0,0,0,0,0,0,"-","-","WEST SACRAMENTO","YOLO","CA",0,0
"5663655",-121.549907575,38.5392322465,2012,"5704","0","1","3","05",0,1,"B",,"Y",,,,900,6,"D","G","A","JEFFERSON BL","LINDEN RD",100,"S","N","2013-10-05",5704,"2012-06-04",855,"00158",,"5","4","0","0",,"0","003","G","N",,0,0,,,0,,,,"N",2,"A","-",21650,"1","N","A","H","-","A","D","0","Y","L","04",0,1,0,0,0,0,1,0,0,"-","-","WEST SACRAMENTO","YOLO","CA",0,0
"5645951",-121.762293134,38.5484449587,2012,"5701","0","5","4","09",0,1,"B",,"Y",,,,2400,4,"H","G","A","SYCAMORE LN","WAKE FOREST DR",0,,"Y","2013-08-12",5701,"2012-04-13",2359,"75","2","5","5","0","0",,"0","001","C","N",,0,0,,,0,,,,"N",2,"A","-",21801,"A","N","B","H","-","B","D","0","Y","A","01",0,0,1,0,0,0,1,0,0,"-","-","DAVIS","YOLO","CA",0,0
"5645863",-121.779056404,38.641177802,2012,"5700","5","2","3","08",0,2,"A",,,,,,1200,5,"F","J","A","COUNTY ROAD 25A","COUNTY ROAD 99",1584,"E","N","2014-03-24",9280,"2012-05-15",1030,"16292",,"1","9","0","3",,"2","002","-","N",,0,0,,,0,,,,"Y",1,"A","-",22107,,"N","A","H","-","A","D","0","Y","A","01",0,1,1,0,0,0,0,0,0,"-","-","UNINCORPORATED","YOLO","CA",0,0
"5645815",-121.58343313,38.573195115,2012,"5700","1","3","3","08",0,1,"A",,,,,,1500,5,"E","I","A","RT 80","ENTERPRISE BL",1056,"W","N","2014-01-09",9280,"2012-05-30",1404,"017772",,"2","9","0","1",,"2","010","-","Y","YOL",3,80,"-","-",8.98,"H","-","E","Y",1,"A","-",22107,,"N","A","H","-","A","D","1","Y","A","07",0,1,0,0,0,0,0,0,0,"-","-","UNINCORPORATED","YOLO","CA",0,0
"5645814",-121.629291505,38.564988506,2012,"5700","1","1","4","22",0,1,"A",,,,,,900,5,"C","C","A","RT 80","COUNTY ROAD 32A",2640,"E","N","2014-02-03",9280,"2012-05-07",720,"16292",,"1","9","0","1",,"2","010","-","Y","YOL",3,80,"-","-",6.3,"H","-","E","N",2,"B","-",0,,"N","A","H","-","A","D","1","Y","J","49",0,0,1,0,0,0,0,0,0,"-","-","UNINCORPORATED","YOLO","CA",0,0
"5645813",-121.858813192,38.561535013,2012,"5700","5","5","2","01",0,3,"A",,,,,"Y",2400,5,"D","C","A","COUNTY ROAD 31","COUNTY ROAD 95",0,,"Y","2013-09-14",9280,"2012-05-18",2330,"06027",,"3","9","0","3",,"2","003","-","N",,0,0,,,0,,,,"Y",2,"A","-",23152,"A","N","A","H","-","D","A","0","Y","A","01",1,1,1,0,0,0,0,0,0,"-","-","UNINCORPORATED","YOLO","CA",0,0
"5645812",0,0,2012,"5700","5","2","3","08",0,1,"A",,,,,,900,5,"F","I","A","COUNTY ROAD 14","RT 505",3696,"W","N","2013-09-16",9280,"2012-05-22",750,"015353",,"1","9","0","3",,"2","003","-","N",,0,0,,,0,,,,"Y",1,"A","-",22107,,"N","A","H","-","A","D","0","Y","A","01",0,1,0,0,0,0,0,0,0,"-","-","UNINCORPORATED","YOLO","CA",0,0
"5645560",-121.526183041,38.5793150535,2012,"5704","0","1","3","10",0,1,"B","Y",,,,,1500,6,"G","B","B","MERKLEY AV","JEFFERSON BL",0,,"Y","2013-09-28",5704,"2012-06-04",1210,"00165",,"5","4","0","0",,"0","002","C","N",,0,0,,,0,,,,"N",2,"A","-",21950,"A","N","B","H","-","A","A","0","Y","A","01",0,1,0,0,1,0,0,0,0,"-","-","WEST SACRAMENTO","YOLO","CA",0,0
"5639804",-121.535867447,38.580133005,2012,"5704","0","6","1","01",1,0,"C",,"Y",,,"Y",900,12,"H","G","A","WEST CAPITOL AV","SYCAMORE AV",340,"E","N","2013-03-13",5704,"2012-12-22",707,"00173","WSPD","5","4","0","0",,"0","002","G","N",,0,0,,,0,,,,"Y",2,"A","-",23152,"A","N","B","F","-","C","D","0","Y","A","07",0,0,0,0,0,1,0,0,0,"-","-","WEST SACRAMENTO","YOLO","CA",0,0
"5639803",-121.54057312,38.556495019,2012,"5704","0","5","1","05",1,0,"C",,,,"Y",,300,11,"E","I","A","LAKE WASHINGTON BL","SOUTHPORT PKWY",0,,"Y","2013-03-13",5704,"2012-11-30",152,"00158",,"5","4","0","0",,"0","003","G","N",,0,0,,,0,,,,"Y",1,"A","-",21650,,"N","B","-","-","C","A","0","Y","F","26",0,0,0,0,0,0,0,0,0,"-","-","WEST SACRAMENTO","YOLO","CA",0,0
"5639335",-121.803419527,38.722397092,2012,"5700","1","7","1","11",1,0,"A","Y",,,,"Y",300,11,"G","B","E","RT 5","COUNTY ROAD 18",1056,"N","N","2013-01-28",9280,"2012-11-11",112,"015128",,"3","9","0","1",,"2","020","-","Y","YOL",3,5,"-","R",11.04,"H","-","S","N",2,"A","-",21954,"A","N","A","H","-","D","D","1","Y","N","60",0,0,0,1,0,0,0,0,0,"-","-","UNINCORPORATED","YOLO","CA",-121.80326,38.72225
"5639057",-121.751148568,38.668082285,2012,"5703","3","5","1","11",1,0,"A","Y",,,,"Y",2100,10,"G","B","E","RT 113","GUM AV",429,"S","N","2012-12-14",9280,"2012-10-19",1926,"014853",,"2","4","0","1",,"2","022","-","Y","YOL",3,113,"-","R",9.53,"H","-","N","Y",2,"A","-",21461,"5","N","A","D","-","C","D","1","Y","N","60",0,0,0,1,0,0,0,0,0,"-","-","WOODLAND","YOLO","CA",-121.74935,38.67672
"5638946",-121.971306046,38.5739538001,2012,"5700","5","7","1","08",1,0,"A",,,,,,2100,11,"E","I","A","COUNTY ROAD 89","COUNTY ROAD 29A",3696,"S","N","2012-11-29",9280,"2012-11-11",1810,"017763",,"2","9","0","3",,"2","003","-","N",,0,0,,,0,,,,"Y",1,"A","-",22107,,"N","A","H","-","D","D","0","Y","A","01",0,0,0,0,0,0,0,0,0,"-","-","UNINCORPORATED","YOLO","CA",-121.97134,38.57453
"5638612",-121.579429776,38.3708097043,2012,"5700","5","7","1","01",1,0,"A",,,,,"Y",2500,9,"E","I","A","NETHERLANDS RD","JEFFERSON BL",1169,"E","N","2012-12-04",9280,"2012-09-30",2500,"015353",,"4","9","0","3",,"2","001","-","N",,0,0,,,0,,,,"Y",1,"A","-",23152,"A","N","A","H","-","D","D","0","Y","A","07",0,0,0,0,0,0,0,0,0,"-","-","UNINCORPORATED","YOLO","CA",-121.57965,38.37076
"5638566",-122.305674457,38.910634688,2012,"5700","3","1","1","01",2,0,"A",,,,,"Y",1800,9,"E","I","A","RT 16","COUNTY ROAD 40",1056,"E","N","2012-10-16",9280,"2012-09-03",1645,"016929",,"2","9","0","1",,"2","034","-","Y","YOL",3,16,"-","-",2.23,"H","-","W","Y",1,"A","-",23152,"A","N","A","H","-","A","D","0","Y","D","22",0,0,0,0,0,0,0,0,0,"-","-","UNINCORPORATED","YOLO","CA",-122.30843,38.91088
"5638449",-121.730908144,38.543602671,2012,"5701","1","5","1","01",3,0,"A",,,,,,1200,6,"D","C","A","RT 80","RICHARDS BL",1584,"E","N","2014-04-15",9280,"2012-06-29",1023,"017375",,"1","5","0","1",,"2","010","-","Y","YOL",3,80,"-","-",0.53,"H","-","E","Y",2,"A","-",23153,"A","N","A","H","-","A","D","1","Y","D","22",0,0,0,0,0,0,0,0,0,"-","-","DAVIS","YOLO","CA",-121.73131,38.54323