"CASEID","POINT_X","POINT_Y","YEAR_","LOCATION","CHPTYPE","DAYWEEK","CRASHSEV","VIOLCAT","KILLED","INJURED","WEATHER1","PEDCOL","BICCOL","MCCOL","TRUCKCOL","ETOH","TIMECAT","MONTH_","CRASHTYP","INVOLVE","PED","PRIMARYRD","SECONDRD","DISTANCE","DIRECT","INTERSECT_","PROCDATE","JURIS","DATE_","TIME_","BADGE","JURIDIST","SHIFT","POP","SPECIAL","BEATTYPE","LAPDDIV","BEATCLAS","BEATNUMB","WEATHER2","STATEHW","CALTRANC","CALTRAND","STROUTE","ROUTESUF","POSTPRE","POSTMILE","LOCATYPE","RAMP","SIDEHW","TOWAWAY","PARTIES","PCF","VIOLCODE","VIOL","VIOLSUB","HITRUN","ROADSURF","RDCOND1","RDCOND2","LIGHTING","RIGHTWAY","CHPRDTYP","NOTPRIV","STFAULT","CHPFAULT","SEVINJ","OTHERINJ","COP","PEDKILL","PEDINJ","BICKILL","BICINJ","MCKILL","MCINJURE","RAMP1","RAMP2","CITY","COUNTY","STATE","X_CHP","Y_CHP"
"90210371",0,0,2016,"5700","5","4","4","03",0,4,"A",,,,,,1800,6,"C","C","A","LOCUST STREET","COUNTY ROAD 116 ",0,,"Y","2016-06-27",9280,"2016-06-16",1530,"017279",,"2","9","0","3",,"2","002","-","N",,0,0,,,0,,,,"Y",3,"A","-",22350,,"N","A","A","-","A","D","0","Y","D","22",0,0,4,0,0,0,0,0,0,"-","-","UNINCORPORATED","YOLO","CA",-121.72249,38.79593
"90210327",0,0,2016,"5700","1","1","4","03",0,1,"A",,,,,,300,6,"C","C","A","I-80 E/B","WEBER ST",528,"E","N","2016-06-27",9280,"2016-06-13",140,"017375",,"3","9","0","1",,"2","010","-","Y",,0,0,,,0,,,,"N",2,"A","-",22350,,"N","A","H","-","D","D","0","Y","A","07",0,0,1,0,0,0,0,0,0,"-","-","UNINCORPORATED","YOLO","CA",-121.63641,38.56364
"90210322",0,0,2016,"5700","1","4","4","08",0,1,"A",,,,,,600,6,"E","I","A","I-5 S/B","YOLO AVE",2112,"N","N","2016-06-27",9280,"2016-06-23",345,"015534",,"3","9","0","1",,"2","020","-","Y",,0,0,,,0,,,,"Y",1,"A","-",22107,,"N","A","H","-","D","D","0","Y","A","01",0,0,1,0,0,0,0,0,0,"-","-","UNINCORPORATED","YOLO","CA",-121.82539,38.74423
"90210262",-121.8396531,38.663355,2016,"5700","5","3","3","09",0,1,"A",,,,,,2100,6,"D","C","A","COUNTY ROAD 24 ","COUNTY ROAD 96 ",0,,"Y","2016-06-27",9280,"2016-06-15",1825,"018034",,"2","9","0","3",,"2","002","-","N",,0,0,,,0,,,,"N",2,"A","-",21802,"A","N","A","H","-","A","A","0","Y","A","01",0,1,0,0,0,0,0,0,0,"-","-","UNINCORPORATED","YOLO","CA",-121.83922,38.66334
"90210252",-121.5602242,38.6078525,2016,"5700","5","3","4","08",0,1,"B",,,,"Y",,1200,6,"A","C","A","OLD RIVER ROAD","COUNTY ROAD 126",200,"N","N","2016-06-27",9280,"2016-06-15",928,"016254",,"1","9","0","3",,"2","001","-","N",,0,0,,,0,,,,"Y",2,"A","-",22107,,"N","A","H","-","A","D","0","Y","A","01",0,0,1,0,0,0,0,0,0,"-","-","UNINCORPORATED","YOLO","CA",-121.56,38.60777
"90210239",0,0,2016,"5700","2","2","3","07",0,1,"A",,,,"Y",,1200,6,"B","C","A","US-50 E/B","HARBOR BLVD.",1584,"E","N","2016-08-10",9280,"2016-06-07",1040,"016292",,"1","9","0","1",,"2","011","-","Y",,0,0,,,0,,,,"Y",2,"A","-",21658,"A","N","A","H","-","A","D","0","Y","F","25",0,1,0,0,0,0,0,0,0,"-","-","UNINCORPORATED","YOLO","CA",-121.54316,38.575
"90210090",-121.9041927,38.6726927,2016,"5700","3","1","3","06",0,1,"A",,,,,,2400,6,"B","C","A","STATE HIGHWAY 16 ","COUNTY ROAD 93 ",2640,"W","N","2016-06-27",9280,"2016-06-13",2233,"016351",,"3","9","0","1",,"2","034","-","Y",,0,0,,,0,,,,"Y",2,"A","-",21751,,"N","A","H","-","D","D","0","Y","A","01",0,1,0,0,0,0,0,0,0,"-","-","UNINCORPORATED","YOLO","CA",-121.89371,38.67296
"90210029",-121.7289462,38.7633012,2016,"5700","5","2","3","08",0,1,"A",,,,,,1200,6,"F","A","A","CR-102","CR-16",5280,"N","N","2016-06-27",9280,"2016-06-14",1020,"015128",,"1","9","0","3",,"2","002","-","N",,0,0,,,0,,,,"Y",1,"A","-",22107,,"N","A","H","-","A","D","0","Y","A","01",0,1,0,0,0,0,0,0,0,"-","-","UNINCORPORATED","YOLO","CA",-121.72901,38.76294
"90210021",0,0,2016,"5704","1","5","3","03",0,2,"A",,,,,,1200,5,"C","C","A","I-80 W/B","REED AVE",2112,"W","N","2016-06-27",9280,"2016-05-27",1121,"016214",,"1","4","0","1",,"2","010","-","Y",,0,0,,,0,,,,"Y",5,"A","-",22350,,"N","A","H","-","A","D","0","Y","A","07",0,1,1,0,0,0,0,0,0,"-","-","WEST SACRAMENTO","YOLO","CA",-121.56041,38.57994
"90209864",0,0,2016,"5700","1","5","4","03",0,2,"A",,,,,,2100,6,"C","C","A","I-5 S/B","YOLO BYPASS",2112,"N","N","2016-06-27",9280,"2016-06-10",1800,"012007",,"2","9","0","1",,"2","020","-","Y",,0,0,,,0,,,,"N",2,"A","-",22350,,"N","A","H","-","A","D","0","Y","A","07",0,0,2,0,0,0,0,0,0,"-","-","UNINCORPORATED","YOLO","CA",-121.64801,38.67323
"90209816",0,0,2016,"5700","1","4","3","03",0,1,"A",,,,,,1800,6,"C","C","A","I-5 S/B","YOLO BYPASS ",200,"S","N","2016-06-27",9280,"2016-06-09",1720,"012007",,"2","9","0","1",,"2","020","-","Y",,0,0,,,0,,,,"Y",3,"A","-",22350,,"N","A","H","-","A","D","0","Y","A","08",0,1,0,0,0,0,0,0,0,"-","-","UNINCORPORATED","YOLO","CA",-121.61756,38.66157
"90209808",0,0,2016,"5704","2","4","4","03",0,1,"A",,,,,,1200,6,"C","C","A","US-50 W/B","HARBOR BLVD",1320,"E","N","2016-06-27",9280,"2016-06-09",945,"015168",,"1","4","0","1",,"2","011","-","Y",,0,0,,,0,,,,"Y",2,"A","-",22350,,"N","A","H","-","A","D","0","Y","A","01",0,0,1,0,0,0,0,0,0,"-","-","WEST SACRAMENTO","YOLO","CA",-121.54467,38.57503
"90209787",0,0,2016,"5704","1","1","3","01",0,3,"A",,,,"Y","Y",300,6,"C","C","A","I-80 W/B","ENTERPRISE BLVD",80,"E","N","2016-06-27",9280,"2016-06-06",231,"015353",,"3","4","0","1",,"2","010","-","Y",,0,0,,,0,,,,"Y",3,"A","-",23152,"A","F","A","H","-","C","D","0","Y","A","01",0,2,1,0,0,0,0,0,0,"-","-","WEST SACRAMENTO","YOLO","CA",-121.57673,38.57448
"90209748",0,0,2016,"5700","5","7","2","01",0,1,"A",,,,,"Y",2400,6,"F","A","A","JEFFERSON BL (SR-84)","BABEL SLOUGH RD",10560,"N","N","2016-06-27",9280,"2016-06-05",2105,"015079",,"2","9","0","3",,"2","001","-","Y",,0,0,,,0,,,,"Y",1,"A","-",23152,"A","N","A","H","-","D","D","0","Y","D","22",1,0,0,0,0,0,0,0,0,"-","-","UNINCORPORATED","YOLO","CA",-121.345,38.2832
"90209113",0,0,2016,"5700","1","2","4","08",0,2,"A",,,,,,900,5,"E","C","A","I-80 W/B","ENTERPRISE BLVD.",1584,"W","N","2016-09-20",9280,"2016-05-24",620,"016292",,"1","9","0","1",,"2","010","B","Y",,0,0,,,0,,,,"Y",2,"A","-",22107,,"N","A","H","-","A","D","0","Y","A","01",0,0,2,0,0,0,0,0,0,"-","-","UNINCORPORATED","YOLO","CA",-121.5913,38.572
"90209024",-121.5635883,38.6245488,2016,"5700","5","6","3","03",0,2,"A",,"Y",,,,900,5,"B","G","A","OLD RIVER RD.","COUNTY ROAD 128A ",1584,"N","N","2016-06-24",9280,"2016-05-21",840,"016292",,"1","9","0","3",,"2","001","-","N",,0,0,,,0,,,,"N",2,"A","-",22350,,"N","A","H","-","A","D","0","Y","L","04",0,1,1,0,0,0,2,0,0,"-","-","UNINCORPORATED","YOLO","CA",-121.56397,38.62816
"90208733",0,0,2016,"5700","1","2","3","03",0,1,"A",,,,,,900,5,"C","C","A","I-80 E/B","ENTERPRISE BLVD.",200,"E","N","2016-06-24",9280,"2016-05-17",750,"016292",,"1","9","0","1",,"2","010","-","Y",,0,0,,,0,,,,"Y",3,"A","-",22350,,"N","A","H","-","A","D","0","Y","A","01",0,1,0,0,0,0,0,0,0,"-","-","UNINCORPORATED","YOLO","CA",-121.57514,38.57456
"90207385",-121.8266283,38.6778304,2016,"5700","3","1","3","01",0,5,"A",,,,,"Y",1500,5,"C","C","A","SR-16","CR-97",1583,"W","N","2016-06-22",9280,"2016-05-30",1450,"015128",,"2","9","0","1",,"1","024","-","Y",,0,0,,,0,,,,"Y",2,"A","-",23152,"A","F","A","H","-","A","D","0","Y","A","01",0,4,1,0,0,0,0,0,0,"-","-","UNINCORPORATED","YOLO","CA",-121.8258,38.6778
"90206909",0,0,2016,"5704","2","3","3","01",0,1,"A",,,,,"Y",300,6,"E","I","A","US50 W/B TO HARBOR BOULEVARD","HARBOR BLVD",190,"E","N","2016-06-22",9280,"2016-06-08",155,"017964",,"3","4","0","1",,"2","011","-","Y",,0,0,,,0,,,,"Y",1,"A","-",23152,"A","N","A","H","-","C","A","0","Y","A","01",0,1,0,0,0,0,0,0,0,"-","-","WEST SACRAMENTO","YOLO","CA",-121.54789,38.57636
"90206458",0,0,2016,"5700","1","4","4","03",0,1,"B",,,,,,1800,6,"C","C","A","I-5 S/B ","WYE LINE O/C",5280,"S","N","2016-06-21",9280,"2016-06-16",1518,"012007",,"2","9","0","1",,"2","020","-","Y",,0,0,,,0,,,,"N",3,"A","-",22350,,"N","A","H","-","A","D","0","Y","D","22",0,0,1,0,0,0,0,0,0,"-","-","UNINCORPORATED","YOLO","CA",-121.67286,38.67331
"90205628",-121.9001031,38.711295,2016,"5700","5","3","4","08",0,2,"A",,,,,,1800,6,"E","I","A","COUNTY ROAD 19 ","COUNTY ROAD 92C ",0,,"Y","2016-06-20",9280,"2016-06-15",1614,"016144",,"2","9","0","3",,"2","003","-","N",,0,0,,,0,,,,"Y",1,"A","-",22107,,"N","A","H","-","A","D","0","Y","A","01",0,0,2,0,0,0,0,0,0,"-","-","UNINCORPORATED","YOLO","CA",-121.9001,38.71111
"90203486",0,0,2016,"5700","5","5","3","09",0,2,"A",,,,,,1500,6,"D","C","A","OLD RIVER RD","COUNTY ROAD 22 OFF-RAMP FROM I-5 N/B",0,,"Y","2016-06-16",9280,"2016-06-03",1430,"018205",,"2","9","0","3",,"2","002","-","N",,0,0,,,0,,,,"Y",2,"A","-",21802,"A","N","A","H","-","A","A","0","Y","A","01",0,1,1,0,0,0,0,0,0,"-","-","UNINCORPORATED","YOLO","CA",-121.63763,38.67668
"90202333",-121.9339864,38.6770167,2016,"5700","3","6","1","11",1,1,"A","Y",,,,"Y",2400,4,"G","B","E","SR-16","I-505 ",5280,"E","N","2016-06-15",9280,"2016-04-02",2254,"016929",,"3","9","0","1",,"2","034","-","Y",,0,0,,,0,,,,"Y",2,"A","-",21956,,"N","A","H","-","D","D","0","Y","N","60",0,1,0,1,0,0,0,0,0,"-","-","UNINCORPORATED","YOLO","CA",-121.93283,38.67683
"90202302",0,0,2016,"5700","3","7","1","08",1,0,"A",,,"Y",,,1800,4,"A","C","A","SR-16","CACHE CREEK BRIDGE",2680,"W","N","2016-06-15",9280,"2016-04-03",1505,"015079",,"2","9","0","1",,"2","034","-","Y",,0,0,,,0,,,,"Y",2,"A","-",22107,,"N","A","H","-","A","D","0","Y","C","02",0,0,0,0,0,0,0,1,0,"-","-","UNINCORPORATED","YOLO","CA",-121.1724,38.5446
"90202073",0,0,2016,"5700","1","1","3","08",0,1,"A",,,,,,1800,6,"B","C","A","I-5 SB","COUNTY ROAD 22 ",6864,"N","N","2016-06-15",9280,"2016-06-13",1615,"012272",,"2","9","0","1",,"2","020","-","Y",,0,0,,,0,,,,"Y",2,"A","-",22107,,"N","A","H","-","A","D","0","Y","A","01",0,1,0,0,0,0,0,0,0,"-","-","UNINCORPORATED","YOLO","CA",-121.6536,38.6732
"90201911",0,0,2016,"5700","1","4","4","08",0,1,"A",,,,,,300,6,"F","A","A","I-80 W/B","WEBSTER UNDER CROSSING",1056,"W","N","2016-06-15",9280,"2016-06-09",145,"016027",,"3","9","0","1",,"2","010","-","Y",,0,0,,,0,,,,"Y",1,"A","-",22107,,"N","A","H","-","D","D","0","Y","A","07",0,0,1,0,0,0,0,0,0,"-","-","UNINCORPORATED","YOLO","CA",-121.64363,38.56277
"90201330",0,0,2016,"5701","1","5","4","03",0,1,"A",,,,,,2100,6,"C","C","A","I-80 E/B","RICHARDS BLVD O/C",10,"E","N","2016-06-14",9280,"2016-06-03",1945,"017874",,"2","5","0","1",,"2","010","-","Y",,0,0,,,0,,,,"Y",4,"A","-",22350,,"N","A","H","-","B","D","0","Y","D","22",0,0,1,0,0,0,0,0,0,"-","-","DAVIS","YOLO","CA",-121.73556,38.53996
"90201322",-122.0403414,38.5037886,2016,"5700","3","3","4","09",0,1,"A",,,"Y",,,900,6,"D","C","A","SR-128","PLEASANTS VALLEY RD",5280,"W","N","2016-06-14",9280,"2016-06-08",605,"016144",,"1","9","0","1",,"2","032","-","Y",,0,0,,,0,,,,"Y",2,"A","-",21804,"A","N","A","H","-","A","D","0","Y","D","22",0,0,1,0,0,0,0,0,1,"-","-","UNINCORPORATED","YOLO","CA",-122.04152,38.50659
"90201300",0,0,2016,"5701","1","5","4","03",0,1,"A",,,,,,2100,6,"C","C","A","I-80 E/B","RICHARDS BLVD",300,"W","N","2016-06-14",9280,"2016-06-03",1845,"016042",,"2","5","0","1",,"2","010","-","Y",,0,0,,,0,,,,"Y",2,"A","-",22350,,"N","A","H","-","A","D","0","Y","A","07",0,0,1,0,0,0,0,0,0,"-","-","DAVIS","YOLO","CA",-121.73586,38.53862
"90200895",0,0,2016,"5704","2","1","3","03",0,1,"A",,,,,,1500,5,"C","C","A","US-50 W/B","HARBOR BLVD",2112,"E","N","2016-06-14",9280,"2016-05-30",1232,"016632",,"1","4","0","1",,"2","011","-","Y",,0,0,,,0,,,,"Y",2,"A","-",22350,,"N","A","H","-","A","D","0","Y","A","01",0,1,0,0,0,0,0,0,0,"-","-","WEST SACRAMENTO","YOLO","CA",-121.5407,38.575
"90200862",0,0,2016,"5700","3","1","3","08",0,1,"A",,,,,,1200,5,"F","I","A","SR-16 (31900 BLK)","COUNTY ROAD 93 ",5808,"W","N","2016-06-14",9280,"2016-05-30",1000,"012272",,"1","9","0","1",,"2","034","-","Y",,0,0,,,0,,,,"Y",1,"A","-",22107,,"N","A","H","-","A","D","0","Y","A","07",0,1,0,0,0,0,0,0,0,"-","-","UNINCORPORATED","YOLO","CA",-121.9145,38.5742
"90200850",0,0,2016,"5700","3","7","4","04",0,1,"A",,,,,,1500,5,"C","C","A","LOCUST ST","7TH ST",1,"N","N","2016-06-14",9280,"2016-05-29",1410,"017375",,"2","9","0","1",,"2","023","-","N",,0,0,,,0,,,,"N",2,"A","-",21703,,"N","A","H","-","A","D","0","Y","A","08",0,0,1,0,0,0,0,0,0,"-","-","UNINCORPORATED","YOLO","CA",-121.72162,38.79828
"90200839",0,0,2016,"5701","1","6","4","03",0,2,"A",,,,,,1800,5,"B","C","A","I-80 E/B","MACE BLVD",2640,"W","N","2016-06-14",9280,"2016-05-28",1710,"016042",,"2","5","0","1",,"2","010","-","Y",,0,0,,,0,,,,"Y",5,"A","-",22350,,"N","A","H","-","A","D","0","Y","A","01",0,0,2,0,0,0,0,0,0,"-","-","DAVIS","YOLO","CA",-121.69617,38.5504
"90200780",0,0,2016,"5704","1","5","4","03",0,3,"A",,,,,,1200,5,"C","A","A","I-80 W/B","REED AVE",2640,"W","N","2016-06-14",9280,"2016-05-27",920,"017629",,"1","4","0","1",,"2","010","-","Y",,0,0,,,0,,,,"Y",3,"A","-",22350,,"N","A","H","-","A","D","0","Y","A","01",0,0,3,0,0,0,0,0,0,"-","-","WEST SACRAMENTO","YOLO","CA",-121.55693,38.58518
"90200684",-121.7545745,38.688999,2016,"5703","1","5","4","08",0,1,"A",,,,"Y",,1200,5,"B","C","A","I-5 NB","KENTUCKY AVE",1200,"S","N","2016-06-14",9280,"2016-05-20",1150,"017772",,"1","4","0","1",,"2","020","-","Y",,0,0,,,0,,,,"Y",2,"A","-",22107,,"N","A","H","-","A","D","0","Y","A","01",0,0,1,0,0,0,0,0,0,"-","-","WOODLAND","YOLO","CA",-121.75439,38.68937
"90197356",0,0,2016,"5701","1","7","4","03",0,1,"A",,,,,,300,5,"C","C","A","INTERSTATE 80 W/B","MACE BLVD",528,"W","N","2016-06-08",9280,"2016-05-29",100,"018205",,"3","5","0","1",,"2","010","-","Y",,0,0,,,0,,,,"Y",3,"A","-",22350,,"M","A","H","-","C","D","0","Y","A","01",0,0,1,0,0,0,0,0,0,"-","-","DAVIS","YOLO","CA",-121.71047,38.54952
"90197323",-121.8488327,38.6778894,2016,"5700","3","6","2","08",0,1,"A",,,,,"Y",600,5,"E","I","A","SR-16","COUNTY ROAD 22 ",1584,"E","N","2016-06-08",9280,"2016-05-28",505,"016027",,"3","9","0","1",,"1","024","-","Y",,0,0,,,0,,,,"Y",1,"A","-",22107,,"N","A","H","-","D","D","0","Y","D","22",1,0,0,0,0,0,0,0,0,"-","-","UNINCORPORATED","YOLO","CA",-121.84781,38.67795
"90197072",0,0,2016,"5704","1","5","4","07",0,1,"B",,,,"Y",,600,5,"B","C","A","US-50 E/B","SOUTH RIVER RD",20,"E","N","2016-06-08",9280,"2016-05-20",455,"015534",,"3","4","0","1",,"2","010","-","Y",,0,0,,,0,,,,"Y",3,"A","-",21658,"A","N","A","D","E","C","A","0","Y","F","25",0,0,1,0,0,0,0,0,0,"-","-","WEST SACRAMENTO","YOLO","CA",-121.51875,38.57367
"90196973",0,0,2016,"5700","1","1","4","03",0,1,"A",,,,,,900,5,"C","C","A","I-80 W/B","COUNTY ROAD 32A U/C",1320,"E","N","2016-06-08",9280,"2016-05-16",640,"016292",,"1","9","0","1",,"2","010","-","Y",,0,0,,,0,,,,"N",2,"A","-",22350,,"M","A","H","-","A","D","0","Y","D","22",0,0,1,0,0,0,0,0,0,"-","-","UNINCORPORATED","YOLO","CA",-121.62584,35.5658
"90196968",0,0,2016,"5700","5","7","3","03",0,1,"A",,,,,,1200,5,"C","C","A","COUNTY ROAD 32B ","COUNTY ROAD 105D",5,"E","N","2016-06-08",9280,"2016-05-15",920,"016292",,"1","9","0","3",,"2","001","-","N",,0,0,,,0,,,,"Y",2,"A","-",22350,,"N","A","H","-","A","D","0","Y","D","22",0,1,0,0,0,0,0,0,0,"-","-","UNINCORPORATED","YOLO","CA",-121.66447,38.5589
"6476554",0,0,2013,"5701","0","1","3","18",0,1,"A",,"Y",,,,1800,12,"H","A","A","ANDERSON RD","LOVELL BL",0,,"N","2014-05-20",5701,"2013-12-16",1706,"88","2","5","5","0","0",,"0","001","-","N",,0,0,,,0,,,,"N",1,"C","-",0,,"N","A","H","-","A","D","0","Y","-","-",0,1,0,0,0,0,1,0,0,"-","-","DAVIS","YOLO","CA",-121.75585,38.5503
"6476546",-121.7587032,38.5493856,2013,"5701","0","6","3","17",0,1,"A",,"Y",,,"Y",1500,6,"H","G","A","ANDERSON RD","SUNSET CT",175,"N","N","2014-05-20",5701,"2013-06-01",1400,"89","2","5","5","0","0",,"0","001","-","N",,0,0,,,0,,,,"N",2,"A","-",22517,,"N","A","H","-","A","D","0","Y","A","01",0,1,0,0,0,0,1,0,0,"-","-","DAVIS","YOLO","CA",0,0
"6411564",-121.6661882,38.6733351,2013,"5700","1","7","4","03",0,1,"A",,,,,,300,10,"B","C","A","RT 5","COUNTY ROAD 103",10032,"S","N","2014-04-19",9280,"2013-10-27",110,"013399",,"3","9","0","1",,"2","020","-","Y","YOL",3,5,"-","-",2.11,"H","-","S","Y",2,"A","-",22350,,"N","A","H","-","D","D","1","Y","A","01",0,0,1,0,0,0,0,0,0,"-","-","UNINCORPORATED","YOLO","CA",-121.66625,38.67335
"6409957",-121.7474906,38.5452129,2013,"5701","0","6","3","11",0,1,"F","Y",,,,,300,11,"G","B","E","A ST","4TH ST",100,"N","N","2014-05-16",5701,"2013-11-23",130,"96","7","5","5","0","0",,"0","003","-","N",,0,0,,,0,,,,"N",2,"A","-",21954,"A","N","A","B","-","C","D","0","Y","N","60",0,1,0,0,1,0,0,0,0,"-","-","DAVIS","YOLO","CA",0,0
"6405599",-121.7896632,38.671055,2013,"5703","0","3","4","09",0,1,"A",,,,,,1200,3,"A","C","A","CALIFORNIA ST","ELIZABETH WY",0,,"Y","2014-06-16",5703,"2013-03-06",1007,"2854","52","5","4","0","0",,"0","003","-","N",,0,0,,,0,,,,"Y",2,"A","-",21801,"A","N","A","H","-","A","A","0","Y","D","22",0,0,1,0,0,0,0,0,0,"-","-","WOODLAND","YOLO","CA",0,0
"6397819",-121.523472,38.5720676,2013,"5704","0","5","3","03",0,1,"A",,,,,,2400,12,"E","I","A","JEFFERSON BL","13TH ST",10,"S","N","2014-05-14",5704,"2013-12-27",2355,"00142",,"5","4","0","0",,"0","002","-","N",,0,0,,,0,,,,"Y",1,"A","-",22350,,"M","A","H","-","C","A","0","Y","-","-",0,1,0,0,0,0,0,0,0,"-","-","WEST SACRAMENTO","YOLO","CA",0,0
"6395015",-121.7403932,38.551695,2013,"5701","0","6","4","09",0,1,"A",,"Y",,,,1800,12,"H","G","A","EAST 8TH","H ST",0,,"Y","2014-05-30",5701,"2013-12-21",1543,"96","4","5","5","0","0",,"0","002","-","N",,0,0,,,0,,,,"N",2,"A","-",21801,"A","N","A","H","-","A","D","0","Y","A","01",0,0,1,0,0,0,1,0,0,"-","-","DAVIS","YOLO","CA",0,0
"6394981",-121.5025977,38.4511218,2013,"5700","5","5","3","01",0,1,"A",,,"Y",,"Y",1800,12,"F","A","A","SOUTH RIVER RD","FREEPORT BR",1584,"S","N","2014-05-23",9280,"2013-12-13",1635,"14853",,"2","9","0","3",,"2","001","-","N",,0,0,,,0,,,,"Y",1,"A","-",23152,"A","N","A","H","-","A","D","0","Y","C","02",0,1,0,0,0,0,0,0,1,"-","-","UNINCORPORATED","YOLO","CA",-121.50462,38.46089
"6394977",-121.5702003,38.4573596,2013,"5700","5","5","3","08",0,1,"A",,,,,,300,12,"E","J","A","BABEL SLOUGH RD","JEFFERSON BL",5808,"E","N","2014-05-23",9280,"2013-12-13",1,"16292",,"3","9","0","3",,"2","001","-","N",,0,0,,,0,,,,"Y",1,"A","-",22107,,"N","A","H","-","D","D","0","Y","A","01",0,1,0,0,0,0,0,0,0,"-","-","UNINCORPORATED","YOLO","CA",-121.5692,38.46186
"6394820",-121.7403032,38.548815,2013,"5701","0","1","2","03",0,1,"A",,,"Y",,,1800,12,"A","C","A","G ST","SIXTH ST",0,,"Y","2014-05-30",5701,"2013-12-16",1600,"63","5","5","5","0","0",,"0","002","-","N",,0,0,,,0,,,,"Y",2,"A","-",22350,,"N","A","H","-","A","A","0","Y","C","02",1,0,0,0,0,0,0,0,1,"-","-","DAVIS","YOLO","CA",0,0
"6394816",-121.7030731,38.558005,2013,"5701","0","7","4","09",0,1,"A",,,,,,1800,12,"D","C","A","ALHAMBRA","ATLANTIS",0,,"Y","2014-05-30",5701,"2013-12-22",1720,"36","7","5","5","0","0",,"0","003","-","N",,0,0,,,0,,,,"Y",2,"A","-",21802,"A","N","A","H","-","C","A","0","Y","A","01",0,0,1,0,0,0,0,0,0,"-","-","DAVIS","YOLO","CA",-121.70923,38.55766
"6394812",-121.7550023,38.5617491,2013,"5701","0","7","4","00",0,1,"A",,"Y",,,,1800,12,"H","A","A","ALVARADO AV","FORTUNA CT",225,"E","N","2014-05-30",5701,"2013-12-08",1730,"61","3","5","5","0","0",,"0","001","-","N",,0,0,,,0,,,,"N",1,"D","-",0,,"N","A","H","-","C","A","0","Y","-","-",0,0,1,0,0,0,1,0,0,"-","-","DAVIS","YOLO","CA",0,0
"6372646",0,0,2013,"5703","0","1","4","09",0,1,"A",,"Y",,,,900,11,"D","G","A","OGDEN ST","MEZGER DR",0,,"Y","2014-05-05",5703,"2013-11-11",825,"2850","73","5","4","0","0",,"0","004","-","N",,0,0,,,0,,,,"N",2,"A","-",21802,"A","N","A","H","-","A","A","0","Y","A","01",0,0,1,0,0,0,1,0,0,"-","-","WOODLAND","YOLO","CA",0,0
"6366972",-121.7527132,38.5507251,2013,"5701","0","3","4","08",0,1,"A",,"Y",,,,2400,10,"H","G","A","8TH ST","OAK ST",0,,"Y","2014-04-16",5701,"2013-10-02",2122,"111","4","5","5","0","0",,"0","002","-","N",,0,0,,,0,,,,"N",2,"A","-",22107,,"N","A","H","-","B","A","0","Y","L","04",0,0,1,0,0,0,1,0,0,"-","-","DAVIS","YOLO","CA",-121.76935,38.56714
"6366971",-121.7774932,38.546955,2013,"5701","0","4","3","03",0,1,"A",,,"Y",,,1800,10,"C","C","A","RUSSELL BL","ARLINGTON BL",0,,"Y","2014-04-16",5701,"2013-10-03",1607,"108","1","5","5","0","0",,"0","001","-","N",,0,0,,,0,,,,"N",2,"A","-",22350,,"N","A","H","-","A","D","0","Y","C","02",0,1,0,0,0,0,0,0,1,"-","-","DAVIS","YOLO","CA",-121.77756,38.54701
"6366970",-121.6944831,38.546695,2013,"5701","0","4","4","03",0,1,"A",,,,,,2100,10,"C","C","A","MACE BL","EL MACERO DR",0,,"Y","2014-04-16",5701,"2013-10-10",1928,"106","9","5","5","0","0",,"0","004","-","N",,0,0,,,0,,,,"Y",2,"A","-",22350,,"N","A","H","-","C","A","0","Y","A","01",0,0,1,0,0,0,0,0,0,"-","-","DAVIS","YOLO","CA",-121.69454,38.54618
"6366969",-121.7200931,38.551705,2013,"5701","0","2","3","11",0,1,"A","Y",,,,,1200,10,"G","B","B","5TH ST","CANTRILL DR",0,,"Y","2014-04-16",5701,"2013-10-22",900,"89","7","5","5","0","0",,"0","003","-","N",,0,0,,,0,,,,"N",2,"A","-",21950,"B","N","A","H","-","A","A","0","Y","N","60",0,1,0,0,1,0,0,0,0,"-","-","DAVIS","YOLO","CA",0,0
"6366968",-121.7458624,38.5607951,2013,"5701","0","2","2","00",0,1,"A",,"Y",,,,2100,10,"H","A","A","COVELL BL","F ST",300,"W","N","2014-04-16",5701,"2013-10-22",1900,"71","3","5","5","0","0",,"0","001","-","N",,0,0,,,0,,,,"N",1,"D","-",0,,"N","A","A","B","C","D","0","Y","-","-",1,0,0,0,0,0,1,0,0,"-","-","DAVIS","YOLO","CA",-121.75735,38.55938
"6357757",-121.7577541,38.5620951,2013,"5701","0","4","4","09",0,1,"A",,,,,,1500,10,"A","C","A","ALVARADO AV","ANDERSON RD",300,"E","N","2014-04-24",5701,"2013-10-31",1410,"110","3","5","5","0","0",,"0","001","-","N",,0,0,,,0,,,,"N",2,"A","-",21804,"A","N","A","H","-","A","D","0","Y","A","01",0,0,1,0,0,0,0,0,0,"-","-","DAVIS","YOLO","CA",0,0
"6357143",-121.7527132,38.5507251,2013,"5701","0","1","4","09",0,1,"A",,"Y",,,,1800,12,"H","G","A","OAK AV","8TH ST",0,,"Y","2014-05-19",5701,"2013-12-16",1740,"63","4","5","5","0","0",,"0","002","-","N",,0,0,,,0,,,,"N",2,"A","-",21801,"A","N","A","H","-","C","A","0","Y","A","01",0,0,1,0,0,0,1,0,0,"-","-","DAVIS","YOLO","CA",-121.73117,38.54699