"CASEID","POINT_X","POINT_Y","YEAR_","LOCATION","CHPTYPE","DAYWEEK","CRASHSEV","VIOLCAT","KILLED","INJURED","WEATHER1","PEDCOL","BICCOL","MCCOL","TRUCKCOL","ETOH","TIMECAT","MONTH_","CRASHTYP","INVOLVE","PED","PRIMARYRD","SECONDRD","DISTANCE","DIRECT","INTERSECT_","PROCDATE","JURIS","DATE_","TIME_","BADGE","JURIDIST","SHIFT","POP","SPECIAL","BEATTYPE","LAPDDIV","BEATCLAS","BEATNUMB","WEATHER2","STATEHW","CALTRANC","CALTRAND","STROUTE","ROUTESUF","POSTPRE","POSTMILE","LOCATYPE","RAMP","SIDEHW","TOWAWAY","PARTIES","PCF","VIOLCODE","VIOL","VIOLSUB","HITRUN","ROADSURF","RDCOND1","RDCOND2","LIGHTING","RIGHTWAY","CHPRDTYP","NOTPRIV","STFAULT","CHPFAULT","SEVINJ","OTHERINJ","COP","PEDKILL","PEDINJ","BICKILL","BICINJ","MCKILL","MCINJURE","RAMP1","RAMP2","CITY","COUNTY","STATE","X_CHP","Y_CHP"
"8023632",-121.7247479,38.5576785,2016,"5701","0","5","4","08",0,1,"A",,,,,,1800,4,"B","E","A","LOYOLA DR","ALDER PL",50,"W","N","2016-04-26",5701,"2016-04-08",1602,"11","7","5","5","0","0",,"0","003","-","N",,0,0,,,0,,,,"Y",2,"A","-",22107,,"N","A","H","-","A","A","0","Y","A","01",0,0,1,0,0,0,0,0,0,"-","-","DAVIS","YOLO","CA",-121.72457,38.55769
"8023628",-121.7275545,38.5575008,2016,"5701","0","5","4","08",0,1,"A",,,,,,1200,4,"D","C","A","LOYOLA DR","POLE LINE RD",50,"E","N","2016-04-26",5701,"2016-04-08",1031,"91","7","5","5","0","0",,"0","003","-","N",,0,0,,,0,,,,"N",2,"A","-",22107,,"N","A","H","-","A","D","0","Y","A","01",0,0,1,0,0,0,0,0,0,"-","-","DAVIS","YOLO","CA",-121.72768,38.55749
"8023624",-121.7432532,38.5469649,2016,"5701","0","2","4","09",0,1,"A",,"Y",,,,1800,4,"H","G","A","5TH ST","D ST",0,,"Y","2016-04-26",5701,"2016-04-12",1536,"91","4","5","5","0","0",,"0","002","-","N",,0,0,,,0,,,,"N",2,"A","-",21802,"A","N","A","H","-","A","A","0","Y","A","01",0,0,1,0,0,0,1,0,0,"-","-","DAVIS","YOLO","CA",-121.74325,38.54692
"8023620",-121.7477232,38.550695,2016,"5701","0","4","4","00",0,1,"A",,"Y",,,,900,4,"H","G","A","E 8TH ST","A ST",0,,"Y","2016-04-26",5701,"2016-04-07",854,"91","4","5","5","0","0",,"0","002","-","N",,0,0,,,0,,,,"N",3,"A","-",21755,"A","N","A","H","-","A","D","0","Y","A","01",0,0,1,0,0,0,1,0,0,"-","-","DAVIS","YOLO","CA",-121.74773,38.55067
"8023616",-121.7419334,38.5417334,2016,"5701","0","6","4","03",0,1,"A",,,,,,1500,4,"C","C","A","1ST ST","D ST",50,"W","N","2016-04-26",5701,"2016-04-16",1258,"11","4","5","5","0","0",,"0","002","-","N",,0,0,,,0,,,,"N",2,"A","-",22350,,"N","A","H","-","A","A","0","Y","A","01",0,0,1,0,0,0,0,0,0,"-","-","DAVIS","YOLO","CA",-121.74178,38.54175
"8023504",-121.7682823,38.5450107,2016,"5701","0","1","3","09",0,1,"A",,"Y",,,,2400,2,"H","G","A","RT 113","RUSSELL BL",20,"S","N","2017-02-10",5701,"2016-02-29",2215,"121","CHP","5","5","0","0",,"0","CHP","-","Y","YOL",3,113,"-","R",0.988,"R","3","S","N",2,"A","-",21804,"A","N","A","H","-","C","D","0","Y","L","04",0,1,0,0,0,0,1,0,0,"SO","-","DAVIS","YOLO","CA",-121.76828,38.54767
"8022779",-121.7540231,38.546345,2016,"5701","0","5","4","04",0,1,"A",,,,,,1500,4,"C","C","A","RUSSELL BL","CALIFORNIA AV",0,,"Y","2016-04-21",5701,"2016-04-01",1313,"91","4","5","5","0","0",,"0","002","-","N",,0,0,,,0,,,,"N",2,"A","-",21703,,"N","A","H","-","A","A","0","Y","A","01",0,0,1,0,0,0,0,0,0,"-","-","DAVIS","YOLO","CA",-121.7528,38.54618
"8018899",-121.541983,38.579665,2016,"5704","0","4","4","05",0,1,"A",,"Y",,,,900,4,"D","G","A","PECAN ST","WEST CAPITOL AV",0,,"Y","2016-04-28",5704,"2016-04-14",805,"06604",,"5","4","0","0",,"0","002","-","N",,0,0,,,0,,,,"N",2,"A","-",21650,"1","N","A","H","-","A","D","0","Y","L","04",0,0,1,0,0,0,1,0,0,"-","-","WEST SACRAMENTO","YOLO","CA",0,0
"8018774",-121.5250092,38.5764972,2016,"5704","0","5","4","03",0,1,"A",,,,,,1500,4,"C","C","A","JEFFERSON BL","PARK BL",130,"N","N","2016-05-02",5704,"2016-04-15",1230,"6604",,"5","4","0","0",,"0","002","-","N",,0,0,,,0,,,,"Y",2,"A","-",22350,,"N","A","H","-","A","A","0","Y","B","01",0,0,1,0,0,0,0,0,0,"-","-","WEST SACRAMENTO","YOLO","CA",0,0
"8018766",-121.5542706,38.5557145,2016,"5704","0","7","4","07",0,1,"A",,,,"Y",,2400,3,"B","C","A","SOUTHPORT PKWY","RAMCO ST",2640,"N","N","2016-05-02",5704,"2016-03-27",2129,"6051",,"5","4","0","0",,"0","003","-","N",,0,0,,,0,,,,"N",2,"A","-",21658,"A","N","A","H","-","D","D","0","Y","F","27",0,0,1,0,0,0,0,0,0,"-","-","WEST SACRAMENTO","YOLO","CA",0,0
"8016880",-121.5248031,38.576185,2016,"5704","0","1","4","12",0,1,"A",,,,,,1200,3,"D","C","A","JEFFERSON BL","PARK BL",0,,"Y","2016-04-15",5704,"2016-03-28",920,"00165",,"5","4","0","0",,"0","002","-","N",,0,0,,,0,,,,"N",2,"A","-",21453,"A","N","A","H","-","A","A","0","Y","A","07",0,0,1,0,0,0,0,0,0,"-","-","WEST SACRAMENTO","YOLO","CA",0,0
"8016801",-121.5486631,38.576925,2016,"5704","0","4","4","12",0,2,"A",,,,,,2400,3,"D","C","A","EVERGREEN AV","HARBOR BL",0,,"Y","2016-04-15",5704,"2016-03-31",2107,"06052",,"5","4","0","0",,"0","002","-","N",,0,0,,,0,,,,"N",2,"A","-",21453,"A","N","A","G","H","C","A","0","Y","A","08",0,0,2,0,0,0,0,0,0,"-","-","WEST SACRAMENTO","YOLO","CA",0,0
"8016786",-121.5487088,38.580038,2016,"5704","0","5","4","09",0,1,"B",,,,"Y",,1800,4,"D","C","A","HARBOR BL","WEST CAPITOL AV",289,"N","N","2016-04-20",5704,"2016-04-08",1743,"108","5704","5","4","0","0",,"0","002","-","N",,0,0,,,0,,,,"Y",2,"A","-",21804,"A","N","A","H","-","A","D","0","Y","F","26",0,0,1,0,0,0,0,0,0,"-","-","WEST SACRAMENTO","YOLO","CA",0,0
"8015542",-121.7609523,38.668391,2016,"5703","0","2","3","01",0,3,"A",,,,,"Y",2100,3,"C","E","A","THOMAS ST","GUM AV",24,"N","N","2016-04-18",5703,"2016-03-29",2048,"2899","13","5","4","0","0",,"0","001","-","N",,0,0,,,0,,,,"Y",2,"A","-",23152,"A","N","A","H","-","C","D","0","Y","A","01",0,2,1,0,0,0,0,0,0,"-","-","WOODLAND","YOLO","CA",0,0
"8014860",-121.7451037,38.5454287,2016,"5701","0","2","4","21",0,1,"C",,,,,,1800,3,"C","C","A","B ST","4TH ST",50,"N","N","2016-04-06",5701,"2016-03-08",1621,"83","4","5","5","0","0",,"0","002","-","N",,0,0,,,0,,,,"N",3,"A","-",22106,,"N","B","H","-","A","A","0","Y","A","01",0,0,1,0,0,0,0,0,0,"-","-","DAVIS","YOLO","CA",-121.74401,38.54545
"8014859",-121.7439531,38.541345,2016,"5701","0","2","4","09",0,1,"A",,"Y",,,,900,3,"H","G","A","1ST ST","B ST",0,,"Y","2016-04-06",5701,"2016-03-01",858,"91","4","5","5","0","0",,"0","002","-","N",,0,0,,,0,,,,"N",2,"A","-",21804,"A","N","A","H","-","A","A","0","Y","L","04",0,0,1,0,0,0,1,0,0,"-","-","DAVIS","YOLO","CA",-121.74399,38.54136
"8014858",-121.71997,38.5499728,2016,"5701","0","1","4","05",0,1,"C",,"Y",,,,1500,3,"H","G","A","CANTRILL DR","5TH ST",634,"S","N","2016-04-06",5701,"2016-03-21",1349,"120","7","5","5","0","0",,"0","003","-","N",,0,0,,,0,,,,"N",2,"A","-",21650,"1","N","B","H","-","A","D","0","Y","L","04",0,0,1,0,0,0,1,0,0,"-","-","DAVIS","YOLO","CA",-121.71941,38.54966
"8012719",-121.5761131,38.5388851,2016,"5704","0","3","3","05",0,1,"A",,"Y",,,,900,3,"D","G","A","SOUTHPORT PKWY","OAKLAND BAY DR",0,,"Y","2016-04-11",5704,"2016-03-30",731,"00173",,"5","4","0","0",,"0","003","-","N",,0,0,,,0,,,,"N",2,"A","-",21650,"1","N","A","H","-","A","A","0","Y","L","04",0,1,0,0,0,0,1,0,0,"-","-","WEST SACRAMENTO","YOLO","CA",0,0
"8012690",-121.538543,38.577185,2016,"5704","0","1","4","01",0,1,"A",,"Y",,,"Y",2100,3,"D","G","A","EVERGREEN AV","BRIARWOOD DR",0,,"Y","2016-08-26",5704,"2016-03-28",1830,"00117",,"5","4","0","0",,"0","002","-","N",,0,0,,,0,,,,"N",2,"A","-",23152,"A","N","A","H","-","A","D","0","Y","A","01",0,0,1,0,0,0,1,0,0,"-","-","WEST SACRAMENTO","YOLO","CA",0,0
"8012100",-121.5449952,38.5664786,2016,"5704","0","5","4","03",0,1,"A",,,,,,2400,3,"C","C","A","INDUSTRIAL BL","BOATMAN AV",100,"E","N","2016-04-05",5704,"2016-03-25",2125,"0142",,"5","4","0","0",,"0","002","-","N",,0,0,,,0,,,,"Y",2,"A","-",22350,,"N","A","H","-","C","D","0","Y","A","01",0,0,1,0,0,0,0,0,0,"-","-","WEST SACRAMENTO","YOLO","CA",0,0
"8008005",-121.7638231,38.560755,2016,"5701","0","7","3","12",0,3,"A",,,,,,1200,2,"D","C","A","WEST COVELL BL","SYCAMORE LN",0,,"Y","2016-04-05",5701,"2016-02-14",1115,"94","3","5","5","0","0",,"0","001","-","N",,0,0,,,0,,,,"N",2,"A","-",21453,"A","N","A","H","-","A","A","0","Y","A","01",0,2,1,0,0,0,0,0,0,"-","-","DAVIS","YOLO","CA",-121.76382,38.56091
"8006984",-121.7607032,38.677385,2016,"5703","0","5","4","03",0,1,"A",,,,,,1800,3,"C","C","A","EAST MAIN ST","THOMAS ST",0,,"Y","2016-04-08",5703,"2016-03-18",1525,"2807","11","5","4","0","0",,"0","011","-","N",,0,0,,,0,,,,"N",4,"A","-",22350,,"N","A","H","-","A","A","0","Y","A","07",0,0,1,0,0,0,0,0,0,"-","-","WOODLAND","YOLO","CA",0,0
"8006935",-121.7920304,38.6721671,2016,"5703","0","4","3","09",0,2,"A",,,,,,2100,3,"A","C","A","W CROSS ST","COMMUNITY LN",62,"W","N","2016-04-12",5703,"2016-03-24",1801,"832","52","5","4","0","0",,"0","003","-","N",,0,0,,,0,,,,"Y",2,"A","-",21801,"A","N","A","H","-","A","D","0","Y","D","22",0,1,1,0,0,0,0,0,0,"-","-","WOODLAND","YOLO","CA",0,0
"8003270",-121.7335621,38.5617572,2016,"5701","0","4","4","09",0,1,"B",,"Y",,,,2100,2,"H","G","A","EAST COVELL BL","POLE LINE RD",735,"W","N","2016-03-25",5701,"2016-02-18",1925,"108","5","5","5","0","0",,"0","002","-","N",,0,0,,,0,,,,"N",2,"A","-",21804,"A","N","A","H","-","C","D","0","Y","A","01",0,0,1,0,0,0,1,0,0,"-","-","DAVIS","YOLO","CA",-121.7338,38.56138
"8003117",-121.5236731,38.5727151,2016,"5704","0","5","2","11",0,1,"A","Y",,,,,2400,3,"G","B","E","JEFFERSON BL","11TH ST",0,,"Y","2016-03-24",5704,"2016-03-18",2133,"00107",,"5","4","0","0",,"0","002","-","N",,0,0,,,0,,,,"N",2,"A","-",21954,"A","N","A","H","-","D","D","0","Y","N","60",1,0,0,0,1,0,0,0,0,"-","-","WEST SACRAMENTO","YOLO","CA",0,0
"8003085",-121.5271788,38.5895979,2016,"5704","0","2","2","00",0,1,"A","Y",,,,,900,3,"G","B","D","SACRAMENTO AV","KEGLE DR",100,"W","N","2016-03-24",5704,"2016-03-15",605,"158",,"5","4","0","0",,"0","001","-","N",,0,0,,,0,,,,"Y",2,"A","-",23153,"E","F","A","H","-","C","A","0","Y","A","01",1,0,0,0,1,0,0,0,0,"-","-","WEST SACRAMENTO","YOLO","CA",0,0
"8003065",0,0,2016,"5704","0","2","4","12",0,2,"A",,,,,,1200,3,"D","C","A","TOWER BRIDGE GATEWAY","5TH ST",0,,"Y","2016-03-24",5704,"2016-03-15",1030,"158",,"5","4","0","0",,"0","001","-","N",,0,0,,,0,,,,"Y",2,"A","-",21453,"A","N","A","H","-","A","A","0","Y","A","07",0,0,2,0,0,0,0,0,0,"-","-","WEST SACRAMENTO","YOLO","CA",0,0
"8002860",-121.7857535,38.6758379,2016,"5703","0","3","4","05",0,1,"A",,"Y",,,,1500,3,"D","G","A","WEST LINCOLN AV","WEST ST",476,"W","N","2016-03-30",5703,"2016-03-16",1452,"832","52","5","4","0","0",,"0","003","-","N",,0,0,,,0,,,,"N",2,"A","-",21650,,"N","A","H","-","A","D","0","Y","L","04",0,0,1,0,0,0,1,0,0,"-","-","WOODLAND","YOLO","CA",0,0
"8002859",-121.7747231,38.677475,2016,"5703","0","2","4","09",0,1,"A","Y",,,,,1200,3,"G","B","B","COLLEGE ST","MAIN ST",0,,"Y","2016-03-30",5703,"2016-03-15",911,"2891","12","5","4","0","0",,"0","005","-","N",,0,0,,,0,,,,"N",2,"A","-",21453,"B","N","A","H","-","A","A","0","Y","A","01",0,0,1,0,1,0,0,0,0,"-","-","WOODLAND","YOLO","CA",0,0
"8002858",-121.7555957,38.6773507,2016,"5703","0","6","4","09",0,1,"C",,,"Y",,,1500,3,"D","C","A","EAST MAIN ST","MATMOR RD",162,"E","N","2016-03-30",5703,"2016-03-12",1345,"2831","41","5","4","0","0",,"0","001","-","N",,0,0,,,0,,,,"Y",2,"A","-",21802,"A","N","B","H","-","A","D","0","Y","A","01",0,0,1,0,0,0,0,0,0,"-","-","WOODLAND","YOLO","CA",0,0
"8002720",-121.7287132,38.6640583,2016,"5703","0","7","4","03",0,4,"A",,,,,,1800,2,"C","C","A","COUNTY ROAD 102","GIBSON RD",500,"N","N","2016-03-30",5703,"2016-02-21",1629,"2876","73","5","4","0","0",,"0","004","-","N",,0,0,,,0,,,,"Y",3,"A","-",22350,,"N","A","H","-","A","D","0","Y","A","07",0,0,4,0,0,0,0,0,0,"-","-","WOODLAND","YOLO","CA",0,0
"8002637",0,0,2016,"5703","0","1","3","10",0,1,"C","Y",,,,,1500,3,"G","B","B","BRONZE STAR DR","COUNTY ROAD 102",27,"E","N","2016-03-30",5703,"2016-03-07",1230,"2856","91","5","4","0","0",,"0","004","-","N",,0,0,,,0,,,,"N",3,"A","-",21950,"A","N","B","H","-","A","D","0","Y","-",,0,1,0,0,1,0,0,0,0,"-","-","WOODLAND","YOLO","CA",0,0
"8002618",-121.7417527,38.6627324,2016,"5703","0","5","4","03",0,3,"A",,,,,,900,3,"C","C","A","EAST GIBSON RD","PIONEER AV",180,"E","N","2016-08-26",5703,"2016-03-18",745,"283","53","5","4","0","0",,"0","001","-","N",,0,0,,,0,,,,"N",2,"A","-",22350,,"N","A","H","-","A","A","0","Y","A","01",0,0,3,0,0,0,0,0,0,"-","-","WOODLAND","YOLO","CA",0,0
"8002561",-121.7654132,38.679875,2016,"5703","0","1","3","12",0,2,"C",,,,,,1500,3,"D","C","A","EAST ST","NORTH ST",0,,"Y","2016-04-12",5703,"2016-03-21",1317,"2059","22","5","4","0","0",,"0","005","-","N",,0,0,,,0,,,,"Y",2,"A","-",21453,"A","N","B","H","-","A","A","0","Y","D","22",0,2,0,0,0,0,0,0,0,"-","-","WOODLAND","YOLO","CA",0,0
"8000909",-121.5487016,38.5786656,2016,"5704","0","3","3","11",0,1,"A","Y",,,,,1500,3,"G","B","D","HARBOR BL","WEST CAPITOL AV",211,"S","N","2016-03-30",5704,"2016-03-23",1237,"00145",,"5","4","0","0",,"0","001","-","N",,0,0,,,0,,,,"N",2,"A","-",21955,,"N","A","H","-","A","A","0","Y","N","60",0,1,0,0,1,0,0,0,0,"-","-","WEST SACRAMENTO","YOLO","CA",0,0
"8000905",-121.5439925,38.5658181,2016,"5704","0","6","4","09",0,1,"C",,,,,"Y",2100,3,"D","C","A","INDUSTRIAL BL","TERMINAL ST",302,"W","N","2016-03-30",5704,"2016-03-12",2057,"00131",,"5","4","0","0",,"0","002","-","N",,0,0,,,0,,,,"Y",2,"A","-",21804,"A","N","B","H","-","C","D","0","Y","A","07",0,0,1,0,0,0,0,0,0,"-","-","WEST SACRAMENTO","YOLO","CA",0,0
"8000040",-121.761934,38.5477866,2016,"5701","0","2","3","09",0,1,"A",,"Y",,,,2100,3,"H","G","A","SYCAMORE LN","RUSSELL BL",500,"N","N","2016-03-28",5701,"2016-03-08",1849,"100","2","5","5","0","0",,"0","001","-","N",,0,0,,,0,,,,"N",2,"A","-",21801,"A","N","A","H","-","C","A","0","Y","A","01",0,1,0,0,0,0,1,0,0,"-","-","DAVIS","YOLO","CA",-121.7611,38.54816
"8000036",-121.7410164,38.5431144,2016,"5701","0","6","3","08",0,1,"C",,"Y",,,,1800,3,"H","G","A","E ST","2ND ST",60,"S","N","2016-03-28",5701,"2016-03-05",1623,"11","4","5","5","0","0",,"0","002","-","N",,0,0,,,0,,,,"N",2,"A","-",22107,,"N","B","H","-","B","D","0","Y","A","01",0,1,0,0,0,0,1,0,0,"-","-","DAVIS","YOLO","CA",-121.74106,38.54324
"8000032",-121.7432532,38.5469649,2016,"5701","0","5","3","08",0,1,"B",,"Y",,,,2100,3,"D","G","A","5TH ST","D ST",0,,"Y","2016-03-28",5701,"2016-03-11",2005,"35","4","5","5","0","0",,"0","002","-","N",,0,0,,,0,,,,"N",2,"A","-",22107,,"N","B","H","-","C","D","0","Y","A","01",0,1,0,0,0,0,1,0,0,"-","-","DAVIS","YOLO","CA",-121.74325,38.54692
"8000021",-121.7337293,38.5458817,2016,"5701","0","3","4","03",0,2,"A",,,,,,2100,2,"C","C","A","L ST","3RD ST",5,"S","N","2016-03-28",5701,"2016-02-24",1800,"120","5","5","5","0","0",,"0","002","-","N",,0,0,,,0,,,,"N",2,"A","-",22350,,"N","A","G","-","C","D","0","Y","-",,0,0,2,0,0,0,0,0,0,"-","-","DAVIS","YOLO","CA",-121.73373,38.54589
"7210717",-121.5247128,38.5759198,2016,"5704","0","2","3","03",0,1,"A",,,,,,900,3,"C","C","A","JEFFERSON BL","PARK BL",100,"S","N","2016-03-28",5704,"2016-03-08",840,"00165",,"5","4","0","0",,"0","002","-","N",,0,0,,,0,,,,"Y",3,"A","-",22350,,"N","A","H","-","A","A","0","Y","A","01",0,1,0,0,0,0,0,0,0,"-","-","WEST SACRAMENTO","YOLO","CA",0,0
"7210713",0,0,2016,"5704","0","2","3","05",0,3,"C",,,,,,2100,3,"E","I","A","HARBOR BL","BEACH BL",135,"S","N","2016-03-28",5704,"2016-03-08",2047,"00163",,"5","4","0","0",,"0","002","-","N",,0,0,,,0,,,,"Y",1,"A","-",21651,"A","N","B","H","-","C","A","0","Y","A","08",0,1,2,0,0,0,0,0,0,"NO","-","WEST SACRAMENTO","YOLO","CA",0,0
"7210644",-121.7657931,38.655595,2016,"5703","0","4","3","12",0,1,"C",,,,,,1800,3,"D","C","A","EAST ST","CO RD 24 A",0,,"Y","2016-03-29",5703,"2016-03-10",1524,"2863",,"5","4","0","0",,"0",,"-","N",,0,0,,,0,,,,"Y",2,"A","-",21453,"A","N","B","H","-","A","A","0","Y","A","07",0,1,0,0,0,0,0,0,0,"-","-","WOODLAND","YOLO","CA",0,0
"7210369",-121.5452531,38.591565,2016,"5704","0","5","4","12",0,1,"C",,,,,,900,3,"D","C","A","REED AV","HARBOR BL",0,,"Y","2016-03-28",5704,"2016-03-11",751,"173",,"5","4","0","0",,"0","001","-","N",,0,0,,,0,,,,"Y",3,"A","-",21453,"A","N","B","H","-","A","A","0","Y","E","22",0,0,1,0,0,0,0,0,0,"-","-","WEST SACRAMENTO","YOLO","CA",0,0
"7210347",-121.7693344,38.6785468,2016,"5703","0","2","4","08",0,1,"A",,,,,,900,3,"C","E","A","4TH ST","COURT ST",65,"S","N","2016-03-25",5703,"2016-03-01",736,"2891","22","5","4","0","0",,"0","005","-","N",,0,0,,,0,,,,"N",2,"A","-",22107,,"N","A","H","-","A","A","0","Y","D","22",0,0,1,0,0,0,0,0,0,"-","-","WOODLAND","YOLO","CA",0,0
"7210335",-121.7707732,38.670185,2016,"5703","0","4","4","09",0,1,"C",,,,,,2100,3,"D","C","A","3RD ST","PENDEGAST ST",0,,"Y","2016-03-25",5703,"2016-03-10",1826,"2850","14","5","4","0","0",,"0","004","-","N",,0,0,,,0,,,,"N",2,"A","-",21802,"A","N","B","H","-","C","A","0","Y","D","22",0,0,1,0,0,0,0,0,0,"-","-","WOODLAND","YOLO","CA",0,0
"7209487",-121.7585257,38.5606224,2016,"5701","0","5","4","09",0,1,"A",,,,,,900,2,"D","C","A","ANDERSON RD","COVELL BL",100,"S","N","2016-03-16",5701,"2016-02-26",814,"91","3","5","5","0","0",,"0","001","-","N",,0,0,,,0,,,,"N",2,"A","-",21801,"A","N","A","H","-","A","D","0","Y","A","01",0,0,1,0,0,0,0,0,0,"-","-","DAVIS","YOLO","CA",-121.75857,38.56087
"7209483",-121.7470232,38.543585,2016,"5701","0","4","4","08",0,1,"A",,"Y",,,,1200,2,"H","G","A","A ST","3RD ST",0,,"Y","2016-03-16",5701,"2016-02-25",1000,"91","4","5","5","0","0",,"0","002","-","N",,0,0,,,0,,,,"N",2,"A","-",22100,"B","N","A","H","-","A","A","0","Y","L","04",0,0,1,0,0,0,1,0,0,"-","-","DAVIS","YOLO","CA",-121.74702,38.54356
"7209475",-121.7347631,38.552845,2016,"5701","0","5","3","09",0,1,"A",,"Y",,,,1500,2,"H","G","A","L ST","E 8TH ST",0,,"Y","2016-03-16",5701,"2016-02-26",1240,"94","5","5","5","0","0",,"0","002","-","N",,0,0,,,0,,,,"N",2,"A","-",21453,"B","N","A","H","-","A","A","0","Y","A","01",0,1,0,0,0,0,1,0,0,"-","-","DAVIS","YOLO","CA",-121.73479,38.5528
"7209447",-121.7275676,38.556931,2016,"5701","0","4","4","21",0,2,"A",,,,,,1800,2,"C","C","A","POLE LINE RD","LOYOLA DR",200,"S","N","2016-03-16",5701,"2016-02-25",1618,"94","6","5","5","0","0",,"0","003","-","N",,0,0,,,0,,,,"N",3,"A","-",22106,,"N","A","H","-","A","A","0","Y","A","07",0,0,2,0,0,0,0,0,0,"-","-","DAVIS","YOLO","CA",-121.72768,38.55749
"7209443",-121.6941431,38.556515,2016,"5701","0","4","4","00",0,1,"A",,,,,,2100,2,"D","C","A","2ND ST","MACE BL",0,,"Y","2016-03-16",5701,"2016-02-18",1918,"120","7","5","5","0","0",,"0","003","-","N",,0,0,,,0,,,,"Y",2,"D","-",0,,"N","A","H","-","C","A","0","Y","-","-",0,0,1,0,0,0,0,0,0,"-","-","DAVIS","YOLO","CA",-121.6942,38.55657
"7209347",-121.7861532,38.561115,2016,"5701","0","5","3","09",0,5,"B",,,,,,900,1,"A","C","A","WEST COVELL BL","LAKE BL",0,,"Y","2016-03-16",5701,"2016-01-29",645,"116","2","5","5","0","0",,"0","001","-","N",,0,0,,,0,,,,"N",2,"A","-",21800,"A","N","B","H","-","A","A","0","Y","A","01",0,2,3,0,0,0,0,0,0,"-","-","DAVIS","YOLO","CA",-121.77393,38.56096
"7209299",-121.7726432,38.560815,2016,"5701","0","5","4","03",0,1,"B",,,,,,2500,3,"C","C","A","SHASTA DR","WEST COVELL BL",0,,"Y","2016-03-16",5701,"2016-03-04",2500,"105","1","5","5","0","0",,"0","001","-","N",,0,0,,,0,,,,"N",2,"A","-",22350,,"N","B","H","-","A","A","0","Y","A","01",0,0,1,0,0,0,0,0,0,"-","-","DAVIS","YOLO","CA",-121.77269,38.56085
"7209258",-121.7410331,38.547355,2016,"5701","0","2","4","08",0,1,"A",,"Y",,,,900,3,"H","G","A","5TH ST","F ST",0,,"Y","2016-03-22",5701,"2016-03-01",757,"91","4","5","5","0","0",,"0","002","-","N",,0,0,,,0,,,,"N",2,"A","-",22107,,"N","A","H","-","A","A","0","Y","D","22",0,0,1,0,0,0,1,0,0,"-","-","DAVIS","YOLO","CA",0,0
"7204835",-121.7562232,38.673715,2016,"5703","0","2","4","05",0,1,"A",,,,,,1800,2,"A","C","A","MATMOR RD","EAST OAK AV",0,,"Y","2016-03-15",5703,"2016-02-16",1618,"2012","31","5","4","0","0",,"0","001","-","N",,0,0,,,0,,,,"Y",2,"A","-",21650,,"N","A","H","-","A","D","0","Y","D","22",0,0,1,0,0,0,0,0,0,"-","-","WOODLAND","YOLO","CA",-121.75567,38.37402
"7204520",-121.7705932,38.6787351,2016,"5703","0","2","2","12",0,3,"A",,,,,,900,2,"D","C","A","COURT ST","3RD ST",0,,"Y","2016-03-11",5703,"2016-02-23",805,"2891","22","5","4","0","0",,"0","005","-","N",,0,0,,,0,,,,"Y",3,"A","-",21453,"A","N","A","H","-","A","A","0","Y","A","08",1,0,2,0,0,0,0,0,0,"-","-","WOODLAND","YOLO","CA",0,0
"7202329",-121.7564832,38.6647775,2016,"5703","0","6","3","01",0,1,"A",,,,,"Y",900,1,"B","E","A","MATMOR RD","TOWSE DR",30,"N","N","2016-03-08",5703,"2016-01-30",810,"2856","13","5","4","0","0",,"0","004","-","N",,0,0,,,0,,,,"Y",4,"A","-",23152,"A","N","A","H","-","A","D","0","Y","A","01",0,1,0,0,0,0,0,0,0,"-","-","WOODLAND","YOLO","CA",0,0
"7202270",-121.7489631,38.546275,2016,"5701","0","7","4","03",0,1,"A",,,,,,900,2,"E","I","A","RUSSELL BL","MILLER DR",0,,"Y","2016-09-08",5701,"2016-02-28",823,"83","4","5","5","0","0",,"0","002","-","N",,0,0,,,0,,,,"N",1,"A","-",22350,,"N","A","H","-","A","A","0","Y","A","01",0,0,1,0,0,0,0,0,0,"-","-","DAVIS","YOLO","CA",-121.74894,38.54614
"7202266",-121.730657,38.5717872,2016,"5701","0","7","4","01",0,1,"A",,,,,"Y",300,2,"E","I","A","POLE LINE RD","MOORE BL",500,"N","N","2016-03-10",5701,"2016-02-21",48,"109","6","5","5","0","0",,"0","003","-","N",,0,0,,,0,,,,"Y",1,"A","-",23152,"A","N","A","D","-","D","D","0","Y","A","01",0,0,1,0,0,0,0,0,0,"-","-","DAVIS","YOLO","CA",-121.73068,38.57039
"7201365",0,0,2016,"5703","0","5","3","03",0,1,"B",,,,,,1200,2,"D","C","A","HERITAGE PKWY","MIELKLE AV",10,"W","N","2016-03-21",5703,"2016-02-19",1100,"2806","79","5","4","0","0",,"0","004","-","N",,0,0,,,0,,,,"Y",2,"A","-",22350,,"N","A","H","-","A","A","0","Y","D","22",0,1,0,0,0,0,0,0,0,"-","-","WOODLAND","YOLO","CA",0,0
"7199821",-121.7200732,38.547945,2016,"5701","0","3","1","01",1,7,"A",,,,,,1800,2,"D","C","A","2ND ST","CANTRILL DR",0,,"Y","2016-09-09",5701,"2016-02-24",1716,"36","7","5","5","0","0",,"0","003","-","N",,0,0,,,0,,,,"Y",2,"A","-",23152,"A","N","A","H","-","A","A","0","Y","A","01",0,1,6,0,0,0,0,0,0,"-","-","DAVIS","YOLO","CA",-121.72005,38.54795