"CASEID","POINT_X","POINT_Y","YEAR_","LOCATION","CHPTYPE","DAYWEEK","CRASHSEV","VIOLCAT","KILLED","INJURED","WEATHER1","PEDCOL","BICCOL","MCCOL","TRUCKCOL","ETOH","TIMECAT","MONTH_","CRASHTYP","INVOLVE","PED","PRIMARYRD","SECONDRD","DISTANCE","DIRECT","INTERSECT_","PROCDATE","JURIS","DATE_","TIME_","BADGE","JURIDIST","SHIFT","POP","SPECIAL","BEATTYPE","LAPDDIV","BEATCLAS","BEATNUMB","WEATHER2","STATEHW","CALTRANC","CALTRAND","STROUTE","ROUTESUF","POSTPRE","POSTMILE","LOCATYPE","RAMP","SIDEHW","TOWAWAY","PARTIES","PCF","VIOLCODE","VIOL","VIOLSUB","HITRUN","ROADSURF","RDCOND1","RDCOND2","LIGHTING","RIGHTWAY","CHPRDTYP","NOTPRIV","STFAULT","CHPFAULT","SEVINJ","OTHERINJ","COP","PEDKILL","PEDINJ","BICKILL","BICINJ","MCKILL","MCINJURE","RAMP1","RAMP2","CITY","COUNTY","STATE","X_CHP","Y_CHP"
"7199786",0,0,2016,"5704","0","4","1","18",1,0,"B",,,,,,2100,5,"E","I","A","TOWER BRIDGE GATEWAY","5TH ST",25,"W","N","2016-08-12",5704,"2016-05-19",1826,"173",,"5","4","0","0",,"0","002","-","N",,0,0,,,0,,,,"Y",1,"C","-",0,,"N","A","H","-","A","A","0","Y","-","-",0,0,0,0,0,0,0,0,0,"-","-","WEST SACRAMENTO","YOLO","CA",0,0
"7199647",-121.7654332,38.678685,2016,"5703","0","3","1","03",1,0,"A",,,,,"Y",300,4,"E","I","A","COURT ST","EAST ST",0,,"Y","2016-06-02",5703,"2016-04-13",235,"2891","21","5","4","0","0",,"0","001","-","N",,0,0,,,0,,,,"Y",2,"A","-",22350,,"N","A","H","-","C","A","0","Y","A","01",0,0,0,0,0,0,0,0,0,"-","-","WOODLAND","YOLO","CA",0,0
"7196470",-121.523513,38.571325,2016,"5704","0","1","4","03",0,2,"A",,,,,,1500,2,"C","C","A","JEFFERSON BL","15TH ST",0,,"Y","2016-03-29",5704,"2016-02-22",1240,"00152",,"5","4","0","0",,"0","002","-","N",,0,0,,,0,,,,"Y",3,"A","-",22350,,"N","A","H","-","A","A","0","Y","A","01",0,0,2,0,0,0,0,0,0,"-","-","WEST SACRAMENTO","YOLO","CA",0,0
"7195676",-121.7443031,38.542665,2016,"5701","0","2","4","09",0,1,"A",,"Y",,,,1500,1,"H","G","A","B ST","2ND ST",0,,"Y","2016-02-29",5701,"2016-01-19",1422,"83","4","5","5","0","0",,"0","002","-","N",,0,0,,,0,,,,"N",2,"A","-",21802,"A","N","A","H","-","A","A","0","Y","L","04",0,0,1,0,0,0,1,0,0,"-","-","DAVIS","YOLO","CA",-121.74435,38.54266
"7195674",-121.7584183,38.5608851,2016,"5701","0","5","4","03",0,1,"A",,,,,,2100,2,"C","C","A","COVELL BL","ANDERSON RD",30,"E","N","2016-03-01",5701,"2016-02-05",1810,"120","2","5","5","0","0",,"0","001","-","N",,0,0,,,0,,,,"N",2,"A","-",22350,,"N","A","H","-","C","D","0","Y","A","01",0,0,1,0,0,0,0,0,0,"-","-","DAVIS","YOLO","CA",-121.75857,38.56087
"7195672",-121.6941431,38.556515,2016,"5701","0","1","4","03",0,1,"A",,,,,"Y",1500,1,"C","C","A","2ND ST","MACE BL",0,,"Y","2016-02-29",5701,"2016-01-25",1255,"94","7","5","5","0","0",,"0","003","-","N",,0,0,,,0,,,,"N",2,"A","-",22350,,"F","A","H","-","A","A","0","Y","A","07",0,0,1,0,0,0,0,0,0,"-","-","DAVIS","YOLO","CA",-121.6942,38.55657
"7195666",-121.7453123,38.5461179,2016,"5701","0","1","4","03",0,1,"A",,,,,,2100,2,"D","C","A","B ST","5TH ST",100,"S","N","2016-03-01",5701,"2016-02-08",2027,"38","4","5","5","0","0",,"0","002","-","N",,0,0,,,0,,,,"Y",2,"A","-",22350,,"N","A","H","-","C","A","0","Y","A","01",0,0,1,0,0,0,0,0,0,"-","-","DAVIS","YOLO","CA",-121.74525,38.54581
"7195662",0,0,2016,"5701","0","1","4","03",0,2,"C",,,,,,900,1,"E","I","A","2ND ST","FARADAY AV WEST",1000,"E","N","2016-03-01",5701,"2016-01-04",610,"71","7","5","5","0","0",,"0","003","-","N",,0,0,,,0,,,,"Y",1,"A","-",22350,,"N","B","H","-","C","A","0","Y","A","01",0,0,2,0,0,0,0,0,0,"-","-","DAVIS","YOLO","CA",-121.6942,38.55657
"7195658",-121.7444332,38.5638149,2016,"5701","0","6","2","01",0,1,"A",,,"Y",,"Y",300,2,"A","I","A","F ST","AMAPOLA DR",0,,"Y","2016-03-01",5701,"2016-02-13",59,"106","3","5","5","0","0",,"0","001","-","N",,0,0,,,0,,,,"Y",1,"A","-",23152,"A","N","A","H","-","C","D","0","Y","C","02",1,0,0,0,0,0,0,0,1,"-","-","DAVIS","YOLO","CA",-121.74449,38.56379
"7191143",-121.7403502,38.5447147,2016,"5701","0","6","4","08",0,1,"A",,"Y",,,"Y",300,2,"D","G","A","F ST","3RD ST",30,"S","N","2016-02-24",5701,"2016-02-06",116,"38","4","5","5","0","0",,"0","002","-","N",,0,0,,,0,,,,"N",2,"A","-",22107,,"N","A","H","-","C","A","0","Y","A","01",0,0,1,0,0,0,1,0,0,"-","-","DAVIS","YOLO","CA",-121.74033,38.54474
"7190991",-121.7376932,38.547925,2016,"5701","0","3","2","09",0,1,"A",,"Y",,,,1800,1,"H","G","A","5TH ST","I ST",0,,"Y","2016-02-24",5701,"2016-01-13",1616,"105","5","5","5","0","0",,"0","002","-","N",,0,0,,,0,,,,"N",2,"A","-",21804,,"N","A","H","-","A","D","0","Y","A","01",1,0,0,0,0,0,1,0,0,"-","-","DAVIS","YOLO","CA",-121.73771,38.54788
"7190355",-121.5499251,38.5565651,2016,"5704","0","1","1","18",2,3,"A",,,,,,1800,4,"A","C","A","SOUTHPORT PKWY","LAKE WASHINGTON BL",2675,"W","N","2016-09-13",5704,"2016-04-11",1640,"00165",,"5","4","0","0",,"0","003","-","N",,0,0,,,0,,,,"Y",5,"C","-",0,,"N","A","H","-","A","D","0","Y","-","-",1,1,1,0,0,0,0,0,0,"-","-","WEST SACRAMENTO","YOLO","CA",0,0
"7190301",-121.5279752,38.5806152,2016,"5704","0","5","1","11",1,0,"A","Y",,,,,2400,6,"G","B","D","WEST CAPITOL AV","JEFFERSON BL",356,"W","N","2016-08-18",5704,"2016-06-10",2259,"00174",,"5","4","0","0",,"0","002","-","N",,0,0,,,0,,,,"Y",2,"A","-",21954,"A","N","A","H","-","C","D","0","Y","N","60",0,0,0,1,0,0,0,0,0,"-","-","WEST SACRAMENTO","YOLO","CA",0,0
"7190243",-121.7428886,38.6713101,2016,"5703","0","7","1","03",1,1,"B",,,,,,300,5,"E","I","A","PIONEER AV","FARNHAM AV",365,"S","N","2016-07-27",5703,"2016-05-08",43,"2891","51","5","4","0","0",,"0","004","-","N",,0,0,,,0,,,,"Y",2,"A","-",22350,,"N","B","H","-","C","D","0","Y","A","01",1,0,0,0,0,0,0,0,0,"-","-","WOODLAND","YOLO","CA",0,0
"7190218",-121.5407031,38.579735,2016,"5704","0","3","1","10",1,0,"A","Y",,,,,2100,6,"G","B","B","WEST CAPITOL AV","WALNUT AV",0,,"Y","2016-07-18",5704,"2016-06-01",2014,"00158",,"5","4","0","0",,"0","001","-","N",,0,0,,,0,,,,"Y",2,"A","-",21950,"A","F","A","-","-","C","D","0","Y","A","01",0,0,0,1,0,0,0,0,0,"-","-","WEST SACRAMENTO","YOLO","CA",0,0
"7189984",-121.7869091,38.6788768,2016,"5703","0","1","3","11",0,1,"A","Y",,,,,2100,2,"G","B","D","WEST COURT ST","CALIFORNIA ST",495,"E","N","2016-02-22",5703,"2016-02-01",1807,"2893","62","5","4","0","0",,"0","002","-","N",,0,0,,,0,,,,"N",2,"A","-",21954,"A","N","A","H","-","C","D","0","Y","N","60",0,1,0,0,1,0,0,0,0,"-","-","WOODLAND","YOLO","CA",0,0
"7188422",-121.5405731,38.556495,2016,"5704","0","7","4","12",0,2,"A",,,,,,300,2,"D","C","A","LAKE WASHINGTON BL","SOUTHPORT PK",0,,"Y","2016-02-23",5704,"2016-02-07",224,"166",,"5","4","0","0",,"0","003","-","N",,0,0,,,0,,,,"Y",2,"A","-",21453,"A","N","A","H","-","C","A","0","Y","A","01",0,0,2,0,0,0,0,0,0,"-","-","WEST SACRAMENTO","YOLO","CA",0,0
"7188410",-121.5338985,38.5802606,2016,"5704","0","2","3","11",0,1,"A","Y",,,,,1200,2,"G","B","D","WEST CAPITOL AV","POPLAR AV",30,"E","N","2016-02-23",5704,"2016-02-09",900,"165",,"5","4","0","0",,"0","002","-","N",,0,0,,,0,,,,"N",2,"A","-",21955,,"N","A","H","-","A","A","0","Y","N","60",0,1,0,0,1,0,0,0,0,"-","-","WEST SACRAMENTO","YOLO","CA",0,0
"7188408",-121.530653,38.573175,2016,"5704","0","5","4","03",0,1,"C",,"Y",,,,1800,1,"D","G","A","WESTACRE RD","MEADOW RD",0,,"Y","2016-02-23",5704,"2016-01-29",1735,"00135",,"5","4","0","0",,"0","002","-","N",,0,0,,,0,,,,"N",2,"A","-",22350,,"F","B","H","-","C","A","0","Y","L","04",0,0,1,0,0,0,1,0,0,"-","-","WEST SACRAMENTO","YOLO","CA",0,0
"7183929",-121.9683338,38.5259372,2016,"5702","0","1","4","08",0,1,"A",,,,,,1500,1,"D","C","A","EAST GRANT AV","RAILROAD AV",143,"E","N","2017-02-10",5702,"2016-01-11",1258,"539","B","5","2","0","0",,"0","00B","-","Y","YOL",3,128,"-","-",8.8,"H","-","W","N",2,"A","-",22107,,"N","A","H","-","A","A","0","Y","-",,0,0,1,0,0,0,0,0,0,"-","-","WINTERS","YOLO","CA",0,0
"7181358",-121.526183,38.5793151,2016,"5704","0","5","3","00",0,1,"B","Y",,,,,2100,1,"A","B","-","JEFFERSON BL","MERKLEY AV",0,,"Y","2016-02-18",5704,"2016-01-29",1838,"00170",,"5","4","0","0",,"0","002","C","N",,0,0,,,0,,,,"N",2,"D","-",0,,"F","B","H","-","C","A","0","Y","-","-",0,1,0,0,1,0,0,0,0,"-","-","WEST SACRAMENTO","YOLO","CA",0,0
"7181354",-121.7793732,38.677505,2016,"5703","0","3","2","00",0,1,"C",,"Y",,,,2100,1,"C","G","A","MAIN ST","CLEVELAND ST",0,,"Y","2016-02-18",5703,"2016-01-06",2030,"2840","42","5","4","0","0",,"0","003","-","N",,0,0,,,0,,,,"N",2,"A","-",21453,,"F","B","H","-","C","A","0","Y","-",,1,0,0,0,0,0,1,0,0,"-","-","WOODLAND","YOLO","CA",0,0
"7181242",-121.7934432,38.663095,2016,"5703","0","5","4","12",0,1,"A",,,,,,1500,1,"-","C","A","COTTONWOOD ST","WEST GIBSON RD",0,,"Y","2016-02-24",5703,"2016-01-15",1435,"2039","YOLO","5","4","0","0",,"0",,"-","N",,0,0,,,0,,,,"Y",2,"A","-",21453,"A","N","A","H","-","A","A","0","Y","-",,0,0,1,0,0,0,0,0,0,"-","-","WOODLAND","YOLO","CA",0,0
"7179816",-121.5306431,38.5768651,2016,"5704","0","3","4","09",0,1,"A",,"Y",,,,1200,1,"D","G","A","EVERGREEN AV","WESTACRE RD",0,,"Y","2016-02-16",5704,"2016-01-27",1145,"165",,"5","4","0","0",,"0","002","-","N",,0,0,,,0,,,,"N",2,"A","-",21802,"A","N","A","H","-","A","A","0","Y","D","22",0,0,1,0,0,0,1,0,0,"-","-","WEST SACRAMENTO","YOLO","CA",0,0
"7178230",-121.7638231,38.560755,2016,"5701","0","4","4","17",0,1,"B",,"Y",,,,2100,1,"H","G","A","WEST COVELL BL","SYCAMORE LN",0,,"Y","2016-02-29",5701,"2016-01-21",1954,"119","3","5","5","0","0",,"0","001","-","N",,0,0,,,0,,,,"N",2,"A","-",21451,"A","N","A","H","-","C","A","0","Y","A","01",0,0,1,0,0,0,1,0,0,"-","-","DAVIS","YOLO","CA",-121.76382,38.56091
"7178226",-121.7146431,38.553475,2016,"5701","0","1","4","09",0,1,"A",,,"Y",,,1500,1,"D","B","A","MALLORCA LN","SANTIAGO ST",0,,"Y","2016-02-16",5701,"2016-01-18",1413,"100","7","5","5","0","0",,"0","003","-","N",,0,0,,,0,,,,"N",2,"A","-",21800,"A","N","A","H","-","A","D","0","Y","C","03",0,0,1,0,0,0,0,0,1,"-","-","DAVIS","YOLO","CA",-121.71454,38.55329
"7176080",-121.7861031,38.554865,2016,"5701","0","3","4","09",0,1,"A",,,,,,900,1,"D","D","A","ARLINGTON BL","SEINE AV",0,,"Y","2016-02-09",5701,"2016-01-27",849,"11","1","5","5","0","0",,"0","001","-","N",,0,0,,,0,,,,"Y",2,"A","-",21802,"A","N","A","H","-","A","A","0","Y","A","08",0,0,1,0,0,0,0,0,0,"-","-","DAVIS","YOLO","CA",-121.78579,38.55484
"7176060",0,0,2016,"5701","0","3","4","12",0,1,"B",,"Y",,,,1800,1,"D","G","A","WEST COVELL BL","JOHN JONES RD",42,"S","N","2016-02-09",5701,"2016-01-13",1616,"27","1","5","5","0","0",,"0","001","-","N",,0,0,,,0,,,,"N",2,"A","-",21453,"A","N","A","H","-","A","A","0","Y","A","01",0,0,1,0,0,0,1,0,0,"-","-","DAVIS","YOLO","CA",-121.77044,38.56099
"7176052",-121.735052,38.5527467,2016,"5701","0","5","4","08",0,1,"B",,"Y",,,,2100,1,"H","G","A","E 8TH ST","L ST",90,"W","N","2016-02-09",5701,"2016-01-08",1910,"35","5","5","5","0","0",,"0","002","-","N",,0,0,,,0,,,,"N",2,"A","-",22107,,"N","A","H","-","C","A","0","Y","L","04",0,0,1,0,0,0,1,0,0,"-","-","DAVIS","YOLO","CA",-121.73479,38.5528
"7173157",-121.5782793,38.5722473,2016,"5704","0","6","3","01",0,1,"B",,,,,"Y",600,1,"E","I","A","ENTERPRISE BL","LAKE RD",280,"S","N","2016-02-04",5704,"2016-01-23",318,"06054",,"5","4","0","0",,"0","002","C","N",,0,0,,,0,,,,"Y",1,"A","-",23152,"A","N","B","H","-","C","D","0","Y","D","22",0,1,0,0,0,0,0,0,0,"-","-","WEST SACRAMENTO","YOLO","CA",0,0
"7171768",-121.742955,38.6713704,2016,"5703","0","6","2","05",0,3,"A",,,,,,900,1,"E","I","A","PIONEER AV","FARNHAM AV",336,"S","N","2016-02-23",5703,"2016-01-30",700,"2927","51","5","4","0","0",,"0","004","-","N",,0,0,,,0,,,,"Y",1,"A","-",21650,,"N","B","H","-","A","D","0","Y","A","01",3,0,0,0,0,0,0,0,0,"-","-","WOODLAND","YOLO","CA",0,0
"7170205",-121.7347631,38.552845,2016,"5701","0","2","4","12",0,1,"A",,,,,,300,1,"D","C","A","E 8TH ST","L ST",0,,"Y","2016-02-03",5701,"2016-01-26",0,"92","5","5","5","0","0",,"0","002","-","N",,0,0,,,0,,,,"Y",2,"A","-",21453,"A","N","A","H","-","A","A","0","Y","A","01",0,0,1,0,0,0,0,0,0,"-","-","DAVIS","YOLO","CA",-121.73479,38.5528
"7170203",-121.7444731,38.5509451,2016,"5701","0","2","3","18",0,1,"A",,"Y",,,"Y",1800,1,"H","A","A","E 8TH ST","D ST",0,,"Y","2016-02-03",5701,"2016-01-12",1635,"83","4","5","5","0","0",,"0","002","-","N",,0,0,,,0,,,,"N",1,"C","-",0,,"N","A","H","-","A","A","0","Y","-","-",0,1,0,0,0,0,1,0,0,"-","-","DAVIS","YOLO","CA",-121.74447,38.55095
"7170202",-121.7793531,38.560995,2016,"5701","0","5","4","03",0,1,"A",,,,,"Y",2400,1,"E","I","A","WEST COVELL BL","DENALI DR",0,,"Y","2016-02-03",5701,"2016-01-01",2111,"119","1","5","5","0","0",,"0","001","-","N",,0,0,,,0,,,,"Y",1,"A","-",22350,,"N","A","H","-","C","A","0","Y","A","01",0,0,1,0,0,0,0,0,0,"-","-","DAVIS","YOLO","CA",-121.7794,38.56102
"7165563",-121.7321877,38.5622661,2016,"5701","0","2","4","09",0,1,"B",,,,,,1500,1,"D","C","A","EAST COVELL BL","POLE LINE RD",300,"W","N","2016-01-26",5701,"2016-01-05",1443,"120","6","5","5","0","0",,"0","003","C","N",,0,0,,,0,,,,"Y",2,"A","-",21804,"A","N","B","H","-","A","A","0","Y","A","01",0,0,1,0,0,0,0,0,0,"-","-","DAVIS","YOLO","CA",-121.73107,38.56239
"7165559",-121.7639031,38.561715,2016,"5701","0","4","3","09",0,1,"A",,"Y",,,,900,1,"H","G","A","SYCAMORE LN","ALVARADO AV",0,,"Y","2016-01-25",5701,"2016-01-07",825,"91","3","5","5","0","0",,"0","001","-","N",,0,0,,,0,,,,"N",2,"A","-",21801,"A","N","A","H","-","A","D","0","Y","A","01",0,1,0,0,0,0,1,0,0,"-","-","DAVIS","YOLO","CA",-121.76393,38.56173
"7165555",-121.7009331,38.551105,2016,"5701","0","4","4","03",0,1,"A",,,,,,2100,1,"C","C","A","CHILES RD","ENSENADA DR",0,,"Y","2016-01-26",5701,"2016-01-07",1835,"103","9","5","5","0","0",,"0","004","-","N",,0,0,,,0,,,,"N",2,"A","-",22350,,"N","A","H","-","D","D","0","Y","A","01",0,0,1,0,0,0,0,0,0,"-","-","DAVIS","YOLO","CA",-121.70097,38.55109
"7157726",-121.523513,38.571325,2016,"5704","0","2","4","05",0,1,"C",,,,,,900,1,"A","C","A","JEFFERSON BL","15TH ST",0,,"Y","2016-01-22",5704,"2016-01-05",610,"00173",,"5","4","0","0",,"0","002","-","N",,0,0,,,0,,,,"N",2,"A","-",21651,"B","F","B","H","-","C","A","0","Y","A","07",0,0,1,0,0,0,0,0,0,"-","-","WEST SACRAMENTO","YOLO","CA",0,0
"7157722",-121.5431831,38.565285,2016,"5704","0","7","4","03",0,1,"B",,,"Y",,,1500,1,"E","I","A","INDUSTRIAL AV","TERMINAL ST",0,,"Y","2016-01-22",5704,"2016-01-03",1300,"00165",,"5","4","0","0",,"0","002","-","N",,0,0,,,0,,,,"N",1,"A","-",22350,,"N","A","H","-","A","D","0","Y","C","03",0,0,1,0,0,0,0,0,1,"-","-","WEST SACRAMENTO","YOLO","CA",0,0
"7157718",-121.523513,38.571325,2016,"5704","0","5","4","09",0,1,"A",,"Y",,,,2100,1,"D","G","A","JEFFERSON BL","15TH ST",0,,"Y","2016-01-22",5704,"2016-01-08",1934,"06052",,"5","4","0","0",,"0","002","-","N",,0,0,,,0,,,,"N",2,"A","-",21453,"B","N","B","H","-","C","A","0","Y","A","07",0,0,1,0,0,0,1,0,0,"-","-","WEST SACRAMENTO","YOLO","CA",0,0
"7157396",-121.7585832,38.5562049,2016,"5701","0","1","4","09",0,1,"B",,"Y",,,,2100,1,"H","G","A","ANDERSON RD","VILLANOVA DR",0,,"Y","2016-01-20",5701,"2016-01-04",1819,"45","2","5","5","0","0",,"0","001","-","N",,0,0,,,0,,,,"N",2,"A","-",21801,,"N","B","H","-","C","A","0","Y","A","01",0,0,1,0,0,0,1,0,0,"-","-","DAVIS","YOLO","CA",-121.75858,38.55616
"90150667",0,0,2015,"5700","1","1","1","01",1,1,"A",,,,,,2400,11,"E","I","A","I-5 N/B","NB ON FROM REST AREA",50,"S","N","2016-04-05",9280,"2015-11-30",2234,"017883",,"3","9","0","1",,"2","030","-","Y",,0,0,,,0,,,,"Y",1,"A","-",23152,"E","N","A","H","-","D","D","0","Y","A","01",1,0,0,0,0,0,0,0,0,"-","-","UNINCORPORATED","YOLO","CA",-121.9781,38.8925
"90106354",0,0,2015,"5700","5","6","1","01",1,0,"A",,,"Y",,,1500,10,"A","C","A","SR-113 N/B (LOCUST ST.)","COUNTY ROAD 116 ",0,,"N","2016-02-01",9280,"2015-10-10",1235,"016520",,"1","9","0","3",,"2","002","-","Y",,0,0,,,0,,,,"Y",2,"A","-",23152,"E","N","A","H","-","A","D","0","Y","C","02",0,0,0,0,0,0,0,1,0,"-","-","UNINCORPORATED","YOLO","CA",-121.72225,38.79642
"90102287",0,0,2015,"5700","3","4","1","09",1,3,"B",,,,,,2400,12,"D","C","A"," STATE ROUTE 84 (JEFFERSON BLVD.)","CLARKSBURG RD",0,,"Y","2016-01-26",9280,"2015-12-10",2315,"016214",,"3","9","0","1",,"2","013","C","Y",,0,0,,,0,,,,"Y",2,"A","-",21802,"A","N","B","H","-","D","A","0","Y","A","07",3,0,0,0,0,0,0,0,0,"-","-","UNINCORPORATED","YOLO","CA",-121.52883,38.41439
"90096301",-122.1813932,38.7988849,2015,"5700","3","4","1","09",1,1,"B",,,,,,900,12,"D","C","A","SR-16","SHADOW VALLEY RD.",0,,"Y","2016-01-15",9280,"2015-12-17",715,"016144",,"1","9","0","1",,"2","034","-","Y",,0,0,,,0,,,,"Y",2,"A","-",21801,"A","N","A","H","-","B","D","0","Y","D","22",0,1,0,0,0,0,0,0,0,"-","-","UNINCORPORATED","YOLO","CA",-122.18049,38.80249
"90093182",0,0,2015,"5704","1","1","4","03",0,1,"A",,,,,,2100,12,"C","C","A","I-80 W/B","ENTERPRISE BLVD",2070,"E","N","2016-01-12",9280,"2015-12-28",1825,"015353",,"2","4","0","1",,"2","010","-","Y",,0,0,,,0,,,,"Y",2,"A","-",22350,,"N","A","H","-","C","D","0","Y","D","22",0,0,1,0,0,0,0,0,0,"-","-","WEST SACRAMENTO","YOLO","CA",-121.57002,38.5755
"90091387",-121.7861298,38.563411,2015,"5700","5","5","1","03",1,0,"A",,"Y",,,,900,10,"C","G","A","COUNTY ROAD 99 ","COVELL BLVD. ",836,"N","N","2016-01-08",9280,"2015-10-30",637,"016042",,"1","9","0","3",,"2","002","-","N",,0,0,,,0,,,,"N",2,"A","-",22350,,"N","A","H","-","D","D","0","Y","A","07",0,0,0,0,0,1,0,0,0,"-","-","UNINCORPORATED","YOLO","CA",-121.78612,38.56342
"90091313",0,0,2015,"5704","1","2","2","03",0,5,"A",,,,"Y",,1800,7,"C","C","A","I-80 E/B","REED AVE",1056,"W","N","2016-01-08",9280,"2015-07-21",1720,"013837",,"2","4","0","1",,"2","010","-","Y",,0,0,,,0,,,,"Y",5,"A","-",22350,,"N","A","H","-","A","D","0","Y","G","25",2,2,1,0,0,0,0,0,0,"-","-","WEST SACRAMENTO","YOLO","CA",-121.55412,38.58885
"90087721",-121.6344208,38.6758703,2015,"5700","5","4","4","08",0,1,"A",,,,,,1500,12,"E","I","A","COUNTY ROAD 22 ","COUNTY ROAD 117 ",1056,"W","N","2016-01-04",9280,"2015-12-31",1323,"016144",,"1","9","0","3",,"2","002","-","N",,0,0,,,0,,,,"Y",1,"A","-",22107,,"N","A","H","-","A","D","0","Y","D","22",0,0,1,0,0,0,0,0,0,"-","-","UNINCORPORATED","YOLO","CA",-121.64352,38.67623
"90087593",0,0,2015,"5704","1","3","4","03",0,3,"A",,,,,,2400,12,"C","C","A","I-80 E/B","REED AVE. U/C",3168,"W","N","2016-01-04",9280,"2015-12-23",2215,"016929",,"3","4","0","1",,"2","010","-","Y",,0,0,,,0,,,,"Y",2,"A","-",22350,,"N","A","H","-","D","D","0","Y","D","23",0,0,3,0,0,0,0,0,0,"-","-","WEST SACRAMENTO","YOLO","CA",-121.55709,38.58435
"90087570",-121.6049948,38.6529439,2015,"5700","5","7","3","08",0,3,"B",,,,,,2100,11,"E","I","A","OLD RIVER RD","COUNTY ROAD 124 ",3960,"S","N","2016-01-04",9280,"2015-11-08",1855,"015079",,"2","9","0","3",,"2","002","-","N",,0,0,,,0,,,,"Y",1,"A","-",22107,,"N","B","H","-","D","D","0","Y","A","07",0,2,1,0,0,0,0,0,0,"-","-","UNINCORPORATED","YOLO","CA",-121.60131,38.64888
"90087160",0,0,2015,"5700","2","5","4","07",0,1,"A",,,,,,1200,12,"B","C","A","US-50 W/B","HARBOR BLVD",2640,"E","N","2016-01-04",9280,"2015-12-18",918,"015128",,"1","9","0","1",,"2","011","-","Y",,0,0,,,0,,,,"Y",2,"A","-",21658,"A","N","A","H","-","A","D","0","Y","A","07",0,0,1,0,0,0,0,0,0,"-","-","UNINCORPORATED","YOLO","CA",-121.5384,38.5752
"90085442",-121.5470989,38.5751151,2015,"5704","2","2","4","08",0,1,"A",,,,,,2100,12,"B","C","A","US-50","HARBOR BLVD",450,"E","N","2015-12-30",9280,"2015-12-29",1900,"017772",,"2","4","0","1",,"2","011","-","Y",,0,0,,,0,,,,"Y",2,"A","-",22107,,"N","A","H","-","C","D","0","Y","A","01",0,0,1,0,0,0,0,0,0,"-","-","WEST SACRAMENTO","YOLO","CA",-121.54542,38.54364
"90085308",0,0,2015,"5700","5","5","3","03",0,1,"A",,,"Y",,,1500,12,"E","A","A","COUNTY ROAD 14 ","I-5 ",1056,"E","N","2015-12-30",9280,"2015-12-25",1405,"016042",,"2","9","0","3",,"2","003","-","N",,0,0,,,0,,,,"Y",1,"A","-",22350,,"N","A","H","-","A","D","0","Y","C","02",0,1,0,0,0,0,0,0,1,"-","-","UNINCORPORATED","YOLO","CA",-121.93534,38.78069
"90084528",0,0,2015,"5703","1","4","3","03",0,3,"B",,,,,,1200,12,"E","I","A","I-5 S/B TO EAST ST","I-5 S/B",60,"W","N","2015-12-29",9280,"2015-12-24",1050,"016144",,"1","4","0","1",,"2","020","-","Y",,0,0,,,0,,,,"Y",1,"A","-",22350,,"N","B","H","-","A","A","0","Y","A","01",0,1,2,0,0,0,0,0,0,"-","-","WOODLAND","YOLO","CA",-121.76226,38.69536
"90084304",0,0,2015,"5704","2","7","3","08",0,1,"A",,,,,,300,12,"E","I","A","US-50 W/B","HARBOR BLVD",1584,"E","N","2015-12-29",9280,"2015-12-20",245,"016027",,"3","4","0","1",,"2","011","-","Y",,0,0,,,0,,,,"Y",1,"A","-",22107,,"N","A","H","-","D","D","0","Y","A","07",0,1,0,0,0,0,0,0,0,"-","-","WEST SACRAMENTO","YOLO","CA",-121.54272,38.57526
"90084291",0,0,2015,"5700","3","7","3","01",0,1,"B",,,,,"Y",300,12,"E","I","A","STATE ROUTE 16","COUNTY ROAD 43",300,"W","N","2015-12-29",9280,"2015-12-20",100,"016351",,"3","9","0","1",,"2","034","-","Y",,0,0,,,0,,,,"Y",1,"A","-",23152,"A","N","A","H","-","D","D","0","Y","A","01",0,1,0,0,0,0,0,0,0,"-","-","UNINCORPORATED","YOLO","CA",-122.22728,38.87621
"90084175",0,0,2015,"5700","1","4","4","03",0,1,"B",,,,,,1800,12,"C","C","A","I-5 SOUTHBOUND","COUNTY ROAD 103 ",3696,"S","N","2015-12-29",9280,"2015-12-17",1735,"015168",,"2","9","0","1",,"2","020","-","Y",,0,0,,,0,,,,"Y",2,"A","-",22350,,"N","A","H","-","D","D","0","Y","A","01",0,0,1,0,0,0,0,0,0,"-","-","UNINCORPORATED","YOLO","CA",-121.70099,38.67363
"90084149",0,0,2015,"5703","5","2","2","03",0,2,"B",,,"Y",,,600,10,"E","J","A","HARRY LORENZO DR.","COUNTY ROAD 25A",4588,"N","N","2015-12-29",9280,"2015-10-27",535,"016042",,"3","4","0","3",,"2","002","-","N",,0,0,,,0,,,,"Y",1,"A","-",22350,,"N","A","A","D","D","D","0","Y","C","02",2,0,0,0,0,0,0,0,2,"-","-","WOODLAND","YOLO","CA",-121.74724,38.65392
"90083872",-121.908473,38.6733358,2015,"5700","5","1","1","05",1,3,"A",,,,"Y",,900,6,"B","C","A","STATE ROUTE 16","COUNTY ROAD 93 ",3884,"W","N","2016-06-14",9280,"2015-06-29",640,"017883",,"1","9","0","3",,"2","003","-","Y",,0,0,,,0,,,,"Y",5,"A","-",21650,,"N","A","H","-","A","D","0","Y","A","01",1,2,0,0,0,0,0,0,0,"-","-","UNINCORPORATED","YOLO","CA",-121.90865,38.67333
"90083812",0,0,2015,"5700","1","3","3","03",0,1,"A",,,,,,1800,12,"C","C","A","INTERSTATE 5 S/B","COUNTY ROAD 103 ",5280,"S","N","2015-12-29",9280,"2015-12-16",1745,"016292",,"2","9","0","1",,"2","020","-","Y",,0,0,,,0,,,,"Y",2,"A","-",22350,,"N","A","H","-","D","D","0","Y","A","01",0,1,0,0,0,0,0,0,0,"-","-","UNINCORPORATED","YOLO","CA",-121.6998,38.6736