"CASEID","POINT_X","POINT_Y","YEAR_","LOCATION","CHPTYPE","DAYWEEK","CRASHSEV","VIOLCAT","KILLED","INJURED","WEATHER1","PEDCOL","BICCOL","MCCOL","TRUCKCOL","ETOH","TIMECAT","MONTH_","CRASHTYP","INVOLVE","PED","PRIMARYRD","SECONDRD","DISTANCE","DIRECT","INTERSECT_","PROCDATE","JURIS","DATE_","TIME_","BADGE","JURIDIST","SHIFT","POP","SPECIAL","BEATTYPE","LAPDDIV","BEATCLAS","BEATNUMB","WEATHER2","STATEHW","CALTRANC","CALTRAND","STROUTE","ROUTESUF","POSTPRE","POSTMILE","LOCATYPE","RAMP","SIDEHW","TOWAWAY","PARTIES","PCF","VIOLCODE","VIOL","VIOLSUB","HITRUN","ROADSURF","RDCOND1","RDCOND2","LIGHTING","RIGHTWAY","CHPRDTYP","NOTPRIV","STFAULT","CHPFAULT","SEVINJ","OTHERINJ","COP","PEDKILL","PEDINJ","BICKILL","BICINJ","MCKILL","MCINJURE","RAMP1","RAMP2","CITY","COUNTY","STATE","X_CHP","Y_CHP"
"7147926",-121.5551558,38.5788705,2015,"5704","0","1","4","09",0,1,"A",,,,,,1200,12,"D","C","A","WEST CAPITOL AV","PINE AV",128,"E","N","2016-01-07",5704,"2015-12-28",1135,"06018",,"5","4","0","0",,"0","002","-","N",,0,0,,,0,,,,"N",2,"A","-",21801,"A","N","A","H","-","A","D","0","Y","A","08",0,0,1,0,0,0,0,0,0,"-","-","WEST SACRAMENTO","YOLO","CA",0,0
"7147383",-121.7933031,38.677605,2015,"5703","0","4","4","12",0,1,"A",,"Y",,,,1200,11,"D","G","A","W MAIN ST","COTTONWOOD ST",0,,"Y","2016-01-28",5703,"2015-11-12",1017,"2831","52","5","4","0","0",,"0","003","-","N",,0,0,,,0,,,,"N",2,"A","-",21453,"A","N","A","H","-","A","A","0","Y","L","04",0,0,1,0,0,0,1,0,0,"-","-","WOODLAND","YOLO","CA",0,0
"7147379",-121.7886631,38.677575,2015,"5703","0","6","4","10",0,1,"A","Y",,,,,1500,11,"G","B","B","W MAIN ST","CALIFORNIA ST",0,,"Y","2016-01-04",5703,"2015-11-14",1226,"2831","52","5","4","0","0",,"0","002","-","N",,0,0,,,0,,,,"N",2,"A","-",21950,"A","N","A","H","-","A","A","0","Y","A","01",0,0,1,0,1,0,0,0,0,"-","-","WOODLAND","YOLO","CA",0,0
"7145284",-121.5483417,38.568666,2015,"5704","0","4","4","03",0,1,"A",,,,,,900,12,"C","C","A","INDUSTRIAL BL","HARBOR BL",450,"E","N","2016-01-04",5704,"2015-12-17",803,"173",,"5","4","0","0",,"0","002","-","N",,0,0,,,0,,,,"N",2,"A","-",22350,,"N","A","H","-","A","D","0","Y","D","22",0,0,1,0,0,0,0,0,0,"-","-","WEST SACRAMENTO","YOLO","CA",0,0
"7138634",-121.5235778,38.5711428,2015,"5704","0","2","4","08",0,1,"A",,,,,,2400,11,"E","I","A","JEFFERSON BL","15TH ST",69,"S","N","2015-12-23",5704,"2015-11-24",2256,"117",,"5","4","0","0",,"0","002","-","N",,0,0,,,0,,,,"Y",1,"A","-",22107,,"N","A","H","-","C","D","0","Y","A","01",0,0,1,0,0,0,0,0,0,"-","-","WEST SACRAMENTO","YOLO","CA",0,0
"7138451",-121.5263123,38.5831254,2015,"5704","0","5","4","09",0,2,"B",,,,"Y",,2100,12,"D","C","A","JEFFERSON BL","MICHIGAN BL",80,"N","N","2015-12-23",5704,"2015-12-11",1915,"00108",,"5","4","0","0",,"0","002","-","N",,0,0,,,0,,,,"Y",2,"A","-",21801,"A","N","A","H","-","C","D","0","Y","F","26",0,0,2,0,0,0,0,0,0,"-","-","WEST SACRAMENTO","YOLO","CA",0,0
"7135427",-121.9755271,38.5232797,2015,"5702","0","2","3","08",0,1,"A",,,,,,300,12,"A","I","A","4TH ST","GRANT AV",4,"S","N","2017-01-31",5702,"2015-12-01",145,"533","A","5","2","0","0",,"0","00A","-","Y","YOL",3,128,"-","-",8.42,"I","6","W","Y",1,"A","-",22107,,"M","A","H","-","C","D","0","Y","-",,0,1,0,0,0,0,0,0,0,"-","-","WINTERS","YOLO","CA",0,0
"7133224",-121.5406508,38.5514447,2015,"5704","0","1","3","01",0,1,"A",,,,,"Y",2400,11,"E","I","A","TOUCHSTONE PL","LINDEN RD",246,"N","N","2015-12-16",5704,"2015-11-23",2300,"00166",,"5","4","0","0",,"0","003","-","N",,0,0,,,0,,,,"Y",2,"A","-",23152,"A","M","A","H","-","C","D","0","Y","A","07",0,1,0,0,0,0,0,0,0,"-","-","WEST SACRAMENTO","YOLO","CA",0,0
"7133220",-121.5333703,38.590252,2015,"5704","0","6","4","09",0,1,"A",,,,,,2400,11,"D","C","A","SACRAMENTO AV","TODHUNTER AV",18,"E","N","2015-12-16",5704,"2015-11-28",2207,"00172",,"5","4","0","0",,"0","001","-","N",,0,0,,,0,,,,"Y",2,"A","-",21453,"C","N","A","H","-","C","A","0","Y","A","01",0,0,1,0,0,0,0,0,0,"-","-","WEST SACRAMENTO","YOLO","CA",0,0
"7133133",-121.7471232,38.6672091,2015,"5703","0","2","4","08",0,1,"B",,"Y",,,,1500,10,"D","G","A","BOURN DR","CARMEL VALLEY DR",75,"S","N","2015-12-14",5703,"2015-10-27",1226,"832","53","5","4","0","0",,"0","004","-","N",,0,0,,,0,,,,"N",2,"A","-",22107,,"N","A","H","-","A","D","0","Y","L","04",0,0,1,0,0,0,1,0,0,"-","-","WOODLAND","YOLO","CA",0,0
"7132638",-121.5488732,38.570275,2015,"5704","0","1","3","09",0,1,"A",,,,,,1800,12,"D","C","A","HARBOR BL","DEL MONTE ST",0,,"Y","2015-12-16",5704,"2015-12-07",1700,"165",,"5","4","0","0",,"0","002","-","N",,0,0,,,0,,,,"Y",2,"A","-",21800,"A","N","A","H","-","C","A","0","Y","A","01",0,1,0,0,0,0,0,0,0,"-","-","WEST SACRAMENTO","YOLO","CA",0,0
"7129821",-121.7340655,38.5471578,2015,"5701","0","6","3","01",0,1,"A",,,,,"Y",300,10,"E","J","A","L ST","4TH ST",25,"E","N","2016-02-03",5701,"2015-10-24",244,"114","5","5","5","0","0",,"0","002","-","N",,0,0,,,0,,,,"N",1,"A","-",23152,,"N","A","H","-","C","A","0","Y","A","01",0,1,0,0,0,0,0,0,0,"-","-","DAVIS","YOLO","CA",-121.73443,38.5484
"7128259",-121.7242331,38.562965,2015,"5701","0","2","4","09",0,2,"A",,,,,,1200,11,"D","C","A","COVELL BL","BAYWOOD LN",0,,"Y","2015-12-07",5701,"2015-11-10",1022,"94","7","5","5","0","0",,"0","003","-","N",,0,0,,,0,,,,"Y",2,"A","-",21802,"A","N","A","H","-","A","A","0","Y","A","01",0,0,2,0,0,0,0,0,0,"-","-","DAVIS","YOLO","CA",0,0
"7128255",-121.7311632,38.562435,2015,"5701","0","5","4","00",0,1,"A",,,,,,1200,11,"E","I","A","POLE LINE RD","COVELL BL",0,,"Y","2015-12-07",5701,"2015-11-20",909,"91","6","5","5","0","0",,"0","003","-","N",,0,0,,,0,,,,"N",1,"A","-",22350,"A","N","A","H","-","A","A","0","Y","A","01",0,0,1,0,0,0,0,0,0,"-","-","DAVIS","YOLO","CA",-121.73107,38.56239
"7128251",-121.6893531,38.5542651,2015,"5701","0","3","4","03",0,1,"A",,,,,,2100,11,"C","C","A","MACE OVERPASS","RT 80",10,"N","N","2017-01-31",5701,"2015-11-18",1842,"38","7","5","5","0","0",,"0","003","-","Y","YOL",3,80,"-","-",2.855,"R","4","W","N",2,"A","-",22350,,"N","A","H","-","C","A","0","Y","A","07",0,0,1,0,0,0,0,0,0,"-","WO","DAVIS","YOLO","CA",-121.69429,38.55102
"7128103",-121.6941431,38.556515,2015,"5701","0","2","4","03",0,1,"A",,,,,,1200,11,"C","C","A","MACE BL","2ND ST",0,,"Y","2015-12-07",5701,"2015-11-10",1118,"44","7","5","5","0","0",,"0","003","-","N",,0,0,,,0,,,,"N",2,"A","-",22350,,"N","A","H","-","A","A","0","Y","A","01",0,0,1,0,0,0,0,0,0,"-","-","DAVIS","YOLO","CA",-121.6942,38.55657
"7128095",-121.7307231,38.570415,2015,"5701","0","3","4","12",0,1,"A",,,,,,900,11,"D","C","A","POLE LINE RD","MOORE BL",0,,"Y","2015-12-07",5701,"2015-11-18",854,"91","6","5","5","0","0",,"0","003","-","N",,0,0,,,0,,,,"N",2,"A","-",22450,"A","N","A","H","-","A","A","0","Y","A","01",0,0,1,0,0,0,0,0,0,"-","-","DAVIS","YOLO","CA",-121.73068,38.57039
"7128091",-121.7354712,38.5429721,2015,"5701","0","2","3","17",0,1,"A",,"Y",,,,1800,11,"H","G","A","OLIVE DR","HICKORY LN",250,"W","N","2015-12-07",5701,"2015-11-10",1601,"94","8","5","5","0","0",,"0","004","-","N",,0,0,,,0,,,,"N",2,"A","-",22517,,"N","A","H","-","A","A","0","Y","A","01",0,1,0,0,0,0,1,0,0,"-","-","DAVIS","YOLO","CA",-121.73601,38.54191
"7126680",-121.5306631,38.5804551,2015,"5704","0","4","3","12",0,1,"A",,"Y",,,,900,11,"D","G","A","WEST CAPITOL AV","WEST ACRE RD",0,,"Y","2016-01-11",5704,"2015-11-19",824,"6051",,"5","4","0","0",,"0","002","-","N",,0,0,,,0,,,,"N",2,"A","-",21453,"A","N","A","H","-","A","A","0","Y","L","04",0,1,0,0,0,0,1,0,0,"-","-","WEST SACRAMENTO","YOLO","CA",0,0
"7125739",-121.7793732,38.678815,2015,"5703","0","2","4","03",0,1,"A",,,,,,1200,11,"C","C","A","COURT ST","CLEVELAND ST",0,,"Y","2015-12-03",5703,"2015-11-03",954,"2054","42","5","4","0","0",,"0","005","-","N",,0,0,,,0,,,,"N",2,"A","-",22350,,"N","A","H","-","A","D","0","Y","A","07",0,0,1,0,0,0,0,0,0,"-","-","WOODLAND","YOLO","CA",0,0
"7122657",-121.694481,38.5564523,2015,"5701","0","5","4","03",0,1,"A",,,,,,1800,10,"C","C","A","2ND ST","MACE BL",100,"W","N","2015-11-24",5701,"2015-10-02",1605,"108","7","5","5","0","0",,"0","003","-","N",,0,0,,,0,,,,"Y",2,"A","-",22350,,"N","A","H","-","A","A","0","Y","A","01",0,0,1,0,0,0,0,0,0,"-","-","DAVIS","YOLO","CA",-121.6942,38.55657
"7121582",-121.7266132,38.5488551,2015,"5701","0","3","3","21",0,1,"A",,"Y",,,,1800,10,"H","G","A","5TH ST","POLE LINE RD",0,,"Y","2015-11-20",5701,"2015-10-21",1710,"45","6","5","5","0","0",,"0","003","-","N",,0,0,,,0,,,,"N",2,"A","-",22106,,"N","A","H","-","A","A","0","Y","A","07",0,1,0,0,0,0,1,0,0,"-","-","DAVIS","YOLO","CA",-121.72649,38.54879
"7121578",-121.7421403,38.547162,2015,"5701","0","3","3","11",0,2,"A","Y","Y",,,,2100,10,"G","B","B","5TH ST","E ST",5,"W","N","2015-11-20",5701,"2015-10-07",1926,"118","4","5","5","0","0",,"0","002","-","N",,0,0,,,0,,,,"N",2,"A","-",21950,"B","N","A","H","-","B","D","0","Y","L","04",0,1,1,0,1,0,1,0,0,"-","-","DAVIS","YOLO","CA",-121.74243,38.54677
"7121574",-121.7446932,38.544015,2015,"5701","0","7","4","03",0,1,"A",,"Y",,,,2100,10,"E","I","A","3RD ST","B ST",0,,"Y","2015-11-20",5701,"2015-10-25",1917,"38","4","5","5","0","0",,"0","002","-","N",,0,0,,,0,,,,"N",1,"A","-",22350,,"N","A","H","-","C","A","0","Y","L","04",0,0,1,0,0,0,1,0,0,"-","-","DAVIS","YOLO","CA",-121.74471,38.54395
"7121570",-121.7869852,38.5568711,2015,"5701","0","6","4","03",0,1,"A",,,,,,1800,10,"C","D","A","LAKE BL","OYSTER BAY",25,"S","N","2015-11-20",5701,"2015-10-10",1750,"105","1","5","5","0","0",,"0","001","-","N",,0,0,,,0,,,,"Y",2,"A","-",22350,,"N","A","D","-","A","B","0","Y","A","01",0,0,1,0,0,0,0,0,0,"-","-","DAVIS","YOLO","CA",-121.78709,38.55655
"7119882",-121.5484632,38.5809729,2015,"5704","0","3","4","04",0,2,"A",,,,,,1800,11,"C","C","A","HARBOR BL","WEST CAPITOL AV",638,"N","N","2015-11-19",5704,"2015-11-04",1740,"6051",,"5","4","0","0",,"0","002","-","N",,0,0,,,0,,,,"N",3,"A","-",21703,,"N","A","H","-","B","D","0","Y","A","01",0,0,2,0,0,0,0,0,0,"-","-","WEST SACRAMENTO","YOLO","CA",0,0
"7119878",-121.5297995,38.576496,2015,"5704","0","2","4","09",0,1,"A",,,,,,1200,11,"A","C","A","JEFFERSON BL","RT 50",0,,"Y","2017-01-31",5704,"2015-11-03",1125,"06052","WSPD","5","4","0","0",,"0","002","-","Y","YOL",3,275,"-","-",11.92,"R","4","W","Y",3,"A","-",21801,"A","N","A","H","-","A","D","0","Y","A","01",0,0,1,0,0,0,0,0,0,"-","WO","WEST SACRAMENTO","YOLO","CA",0,0
"7119813",-121.5276281,38.5896536,2015,"5704","0","2","3","08",0,1,"A",,,,,,2400,10,"D","C","A","SACRAMENTO AV","KEGLE DR",230,"W","N","2015-11-18",5704,"2015-10-13",2140,"00118",,"5","4","0","0",,"0","001","-","N",,0,0,,,0,,,,"N",2,"A","-",22107,,"N","A","H","-","C","D","0","Y","A","01",0,1,0,0,0,0,0,0,0,"-","-","WEST SACRAMENTO","YOLO","CA",0,0
"7119780",-121.5297577,38.583868,2015,"5704","0","2","4","03",0,2,"B",,,,,,2100,11,"C","C","A","MICHIGAN BL","PORTSMOUTH AV",285,"W","N","2016-02-06",5704,"2015-11-03",1938,"00118",,"5","4","0","0",,"0","002","-","N",,0,0,,,0,,,,"N",2,"A","-",22350,,"N","B","H","-","C","D","0","Y","A","01",0,0,2,0,0,0,0,0,0,"-","-","WEST SACRAMENTO","YOLO","CA",0,0
"7119090",-121.5248031,38.576185,2015,"5704","0","1","3","12",0,1,"A",,,"Y",,,2100,11,"D","C","A","JEFFERSON BL","PARK BL",0,,"Y","2015-12-01",5704,"2015-11-16",1830,"06052",,"5","4","0","0",,"0","002","-","N",,0,0,,,0,,,,"Y",2,"A","-",21453,"A","N","A","H","-","C","A","0","Y","C","02",0,1,0,0,0,0,0,0,1,"-","-","WEST SACRAMENTO","YOLO","CA",0,0
"7119033",-121.5501031,38.571955,2015,"5704","0","2","4","03",0,1,"A",,,,,,2100,11,"C","C","A","BEACON BL","HALYARD DR",0,,"Y","2015-12-04",5704,"2015-11-10",1805,"165",,"5","4","0","0",,"0","002","-","N",,0,0,,,0,,,,"N",2,"A","-",22350,,"N","A","H","-","C","A","0","Y","D","22",0,0,1,0,0,0,0,0,0,"-","-","WEST SACRAMENTO","YOLO","CA",0,0
"7118050",-121.5533981,38.5506548,2015,"5704","0","5","4","10",0,1,"A","Y",,,,,2100,10,"G","B","B","SUMMERFIELD","LINDEN",4,"E","N","2015-11-16",5704,"2015-10-30",1920,"00161",,"5","4","0","0",,"0","003","-","N",,0,0,,,0,,,,"N",2,"A","-",21950,"C","N","A","H","-","C","D","0","Y","A","01",0,0,1,0,1,0,0,0,0,"-","-","WEST SACRAMENTO","YOLO","CA",0,0
"7118025",-121.529623,38.5597451,2015,"5704","0","3","3","03",0,2,"A",,,,,,2100,10,"C","C","A","JEFFERSON BL","RIVER RD N",0,,"Y","2015-11-17",5704,"2015-10-21",1821,"00107",,"5","4","0","0",,"0","002","-","N",,0,0,,,0,,,,"N",2,"A","-",22350,,"N","A","H","-","A","A","0","Y","A","01",0,2,0,0,0,0,0,0,0,"-","-","WEST SACRAMENTO","YOLO","CA",0,0
"7118021",-121.5486631,38.576925,2015,"5704","0","3","3","09",0,2,"B",,,,,,1500,10,"D","C","A","HARBOR BL","EVERGREEN AV",0,,"Y","2015-11-17",5704,"2015-10-28",1310,"00165",,"5","4","0","0",,"0","002","-","N",,0,0,,,0,,,,"Y",3,"A","-",21453,"B","N","A","H","-","A","A","0","Y","A","01",0,1,1,0,0,0,0,0,0,"-","-","WEST SACRAMENTO","YOLO","CA",0,0
"7116985",-121.7886304,38.679911,2015,"5703","0","1","3","05",0,1,"A",,"Y",,,,1500,10,"D","G","A","CALIFORNIA ST","W NORTH ST",75,"N","N","2015-11-20",5703,"2015-10-26",1310,"2891","62","5","4","0","0",,"0","002","-","N",,0,0,,,0,,,,"N",2,"A","-",21650,"1","N","A","H","-","A","A","0","Y","L","04",0,1,0,0,0,0,1,0,0,"-","-","WOODLAND","YOLO","CA",0,0
"7116258",-121.7399632,38.547525,2015,"5701","0","1","4","03",0,2,"A",,,,,,2100,11,"C","C","A","5TH ST","G ST",0,,"Y","2015-11-24",5701,"2015-11-02",1816,"45","4","5","5","0","0",,"0","002","-","N",,0,0,,,0,,,,"N",2,"A","-",22350,,"N","A","H","-","C","A","0","Y","A","01",0,0,2,0,0,0,0,0,0,"-","-","DAVIS","YOLO","CA",-121.73997,38.54749
"7116254",-121.7145431,38.5632251,2015,"5701","0","7","3","21",0,1,"C",,"Y",,,,1200,11,"H","G","A","MONARCH LN","BRYANT PL",0,,"Y","2015-11-24",5701,"2015-11-01",1052,"100","7","5","5","0","0",,"0","003","-","N",,0,0,,,0,,,,"N",2,"A","-",22106,,"N","B","H","-","A","D","0","Y","A","01",0,1,0,0,0,0,1,0,0,"-","-","DAVIS","YOLO","CA",-121.71455,38.56322
"7116250",-121.7270331,38.551925,2015,"5701","0","7","3","11",0,1,"B","Y",,,,,1800,11,"G","B","B","POLE LINE RD","LEHIGH DR",0,,"Y","2015-11-24",5701,"2015-11-01",1608,"100","6","5","5","0","0",,"0","003","-","N",,0,0,,,0,,,,"N",2,"A","-",21950,"B","N","B","H","-","A","D","0","Y","N","60",0,1,0,0,1,0,0,0,0,"-","-","DAVIS","YOLO","CA",-121.72697,38.55191
"7114912",-121.6929551,38.5512585,2015,"5701","0","5","4","21",0,1,"A",,,,"Y",,1500,9,"H","C","A","CHILES RD","MACE BL",500,"E","N","2015-11-14",5701,"2015-09-11",1435,"108","9","5","5","0","0",,"0","004","-","N",,0,0,,,0,,,,"N",2,"A","-",22106,,"N","A","H","-","A","D","0","Y","F","26",0,0,1,0,0,0,0,0,0,"-","-","DAVIS","YOLO","CA",-121.69259,38.55104
"7114526",-121.7696034,38.6774451,2015,"5703","0","1","4","01",0,1,"A",,,,,"Y",1200,10,"E","I","A","MAIN ST","4TH ST",40,"W","N","2015-11-09",5703,"2015-10-19",1003,"2891","22","5","4","0","0",,"0","005","-","N",,0,0,,,0,,,,"N",1,"A","-",23152,"A","M","A","H","-","A","A","0","Y","A","08",0,0,1,0,0,0,0,0,0,"-","-","WOODLAND","YOLO","CA",0,0
"7114522",-121.7356782,38.6627246,2015,"5703","0","4","2","11",0,1,"A","Y",,,,,600,10,"G","B","B","EAST GIBSON RD","OGDEN ST",10,"E","N","2015-11-09",5703,"2015-10-15",519,"2011","73","5","4","0","0",,"0","004","-","N",,0,0,,,0,,,,"N",2,"A","-",21950,"B","N","A","H","-","C","A","0","Y","N","60",1,0,0,0,1,0,0,0,0,"-","-","WOODLAND","YOLO","CA",0,0
"7114518",0,0,2015,"5703","0","3","4","04",0,1,"A",,,,,,1800,10,"C","C","A","EAST GIBSON RD","COUNTY FAIR MALL DR",423,"W","N","2015-11-09",5703,"2015-10-07",1732,"2827","13","5","4","0","0",,"0","004","-","N",,0,0,,,0,,,,"Y",3,"A","-",21703,,"N","A","H","-","A","A","0","Y","A","07",0,0,1,0,0,0,0,0,0,"-","-","WOODLAND","YOLO","CA",-121.76562,38.66287
"7114514",0,0,2015,"5703","0","3","3","12",0,2,"A","Y",,,,,1200,10,"D","B","B","W SOUTHWOOD DR","COTTONWOOD ST",15,"N","N","2015-11-09",5703,"2015-10-07",1022,"2826","74","5","4","0","0",,"0","003","-","N",,0,0,,,0,,,,"N",3,"A","-",22450,"A","N","A","H","-","A","A","0","Y","A","08",0,2,0,0,2,0,0,0,0,"-","-","WOODLAND","YOLO","CA",0,0
"7114483",-121.7386515,38.5408312,2015,"5701","0","7","3","17",0,1,"A","Y",,,,,1800,10,"G","B","D","RICHARDS BL","OLIVE DR",10,"N","N","2015-11-10",5701,"2015-10-25",1603,"44","8","5","5","0","0",,"0","004","-","N",,0,0,,,0,,,,"N",2,"A","-",21451,"A","N","A","H","-","A","A","0","Y","A","07",0,1,0,0,1,0,0,0,0,"-","-","DAVIS","YOLO","CA",-121.73863,38.54081
"7111021",-121.5487031,38.5792451,2015,"5704","0","2","4","12",0,1,"A",,,,,,1800,10,"D","C","A","WEST CAPITOL AV","HARBOR BL",0,,"Y","2015-12-04",5704,"2015-10-20",1725,"00165",,"5","4","0","0",,"0","002","-","N",,0,0,,,0,,,,"N",2,"A","-",21453,"A","N","A","H","-","A","A","0","Y","-","-",0,0,1,0,0,0,0,0,0,"-","-","WEST SACRAMENTO","YOLO","CA",0,0
"7109953",-121.548636,38.571611,2015,"5704","0","4","4","07",0,2,"A",,,,"Y",,2100,11,"B","C","A","HARBOR BL","BEACON BL",118,"S","N","2015-12-09",5704,"2015-11-05",1921,"00108",,"5","4","0","0",,"0","002","-","N",,0,0,,,0,,,,"Y",6,"A","-",21658,"A","N","A","H","-","C","A","0","Y","A","01",0,0,2,0,0,0,0,0,0,"-","-","WEST SACRAMENTO","YOLO","CA",0,0
"7109871",-121.5438631,38.591475,2015,"5704","0","4","3","05",0,1,"A",,"Y",,,,1200,10,"D","G","A","REED AV","OAK ST",0,,"Y","2016-02-03",5704,"2015-10-22",1153,"00173",,"5","4","0","0",,"0","001","-","N",,0,0,,,0,,,,"N",2,"A","-",21650,,"N","A","H","-","A","D","0","Y","L","04",0,1,0,0,0,0,1,0,0,"-","-","WEST SACRAMENTO","YOLO","CA",0,0
"7107590",-121.5984362,38.5705158,2015,"5704","1","1","2","07",0,2,"A",,,,"Y",,900,8,"B","C","A","RT 80","ENTERPRISE BL",1584,"E","N","2017-01-23",9280,"2015-08-24",730,"15128",,"1","4","0","1",,"2","010","-","Y","YOL",3,80,"-","R",9.5,"H","-","E","Y",2,"A","-",21658,"A","N","A","H","-","A","D","1","Y","A","01",1,0,1,0,0,0,0,0,0,"-","-","WEST SACRAMENTO","YOLO","CA",-121.5723,38.5749
"7107569",-121.9534532,38.6054304,2015,"5700","1","4","3","03",0,1,"A",,,,"Y",,600,8,"C","C","A","RT 505","COUNTY ROAD 29A",7920,"N","N","2017-01-12",9280,"2015-08-20",455,"12272",,"3","9","0","1",,"2","031","-","Y","YOL",3,505,"-","-",5.53,"H","-","S","Y",2,"A","-",22350,,"N","A","H","-","D","D","1","Y","D","22",0,1,0,0,0,0,0,0,0,"-","-","UNINCORPORATED","YOLO","CA",-121.9535,38.6652
"7105161",-121.5500449,38.5749268,2015,"5704","2","2","4","08",0,1,"A",,,,,,2100,9,"D","C","A","RT 50","HARBOR BL",70,"E","N","2017-01-13",9280,"2015-09-01",1825,"15353",,"2","4","0","1",,"2","011","-","Y","YOL",3,50,"-","-",1.21,"H","-","E","Y",2,"A","-",22107,,"N","A","H","-","A","D","1","Y","A","01",0,0,1,0,0,0,0,0,0,"-","-","WEST SACRAMENTO","YOLO","CA",-121.54812,38.57483
"7105074",0,0,2015,"5701","0","7","3","08",0,1,"A",,,,,,1200,10,"E","I","A","HUTCHISON DR","RAMBLES RD",9,"N","N","2015-10-28",5701,"2015-10-18",1020,"1060","UCD","5","5","0","0",,"0","003","-","N",,0,0,,,0,,,,"Y",1,"A","-",22107,,"N","A","H","-","A","D","0","Y","-",,0,1,0,0,0,0,0,0,0,"-","-","DAVIS","YOLO","CA",0,0
"7104856",-121.5149031,38.5954251,2015,"5704","0","3","4","05",0,1,"A",,"Y",,,,1800,10,"D","G","A","LIGHTHOUSE DR","FOUNTAIN DR",0,,"Y","2015-10-27",5704,"2015-10-07",1734,"00174",,"5","4","0","0",,"0","001","-","N",,0,0,,,0,,,,"N",2,"A","-",21650,,"N","A","H","-","A","D","0","Y","L","04",0,0,1,0,0,0,1,0,0,"-","-","WEST SACRAMENTO","YOLO","CA",0,0
"7104855",-121.5316518,38.5557855,2015,"5704","0","3","3","09",0,1,"A",,"Y",,,,900,10,"D","G","A","GATEWAY DR","JEFFERSON BL",485,"E","N","2015-10-27",5704,"2015-10-14",819,"00158","WSPD","5","4","0","0",,"0","003","-","N",,0,0,,,0,,,,"N",2,"A","-",21804,"A","N","A","H","-","A","A","0","Y","L","04",0,1,0,0,0,0,1,0,0,"-","-","WEST SACRAMENTO","YOLO","CA",0,0
"7102869",-121.7839037,38.6883319,2015,"5703","0","6","3","01",0,1,"A",,,,,"Y",600,10,"E","I","A","N WEST ST","WEST WOODLAND AV",23,"S","N","2015-10-30",5703,"2015-10-10",328,"2893","64","5","4","0","0",,"0","002","-","N",,0,0,,,0,,,,"Y",1,"A","-",23152,"A","M","A","H","-","C","A","0","Y","D","22",0,1,0,0,0,0,0,0,0,"-","-","WOODLAND","YOLO","CA",0,0
"7102387",-121.7413007,38.5483464,2015,"5701","0","5","4","03",0,1,"A",,,,,,1500,9,"C","C","A","F ST","6TH ST",100,"S","N","2015-10-27",5701,"2015-09-25",1332,"27","4","5","5","0","0",,"0","002","-","N",,0,0,,,0,,,,"N",3,"A","-",22350,,"N","A","H","-","A","A","0","Y","A","01",0,0,1,0,0,0,0,0,0,"-","-","DAVIS","YOLO","CA",-121.74107,38.54728
"7099084",0,0,2015,"5704","0","1","4","04",0,3,"A",,,,,,2100,10,"C","C","A","JEFFERSON BL","LOCKS DR",270,"N","N","2015-10-27",5704,"2015-10-19",1833,"00166",,"5","4","0","0",,"0","003","-","N",,0,0,,,0,,,,"N",2,"A","-",21703,,"N","A","H","-","B","A","0","Y","D","22",0,0,3,0,0,0,0,0,0,"-","-","WEST SACRAMENTO","YOLO","CA",0,0
"7099083",-121.5437246,38.5751051,2015,"5704","0","5","4","10",0,1,"A","Y",,,,,2100,10,"G","B","B","HARBOR BL","RT 50",0,,"Y","2017-01-31",5704,"2015-10-16",2005,"00142",,"5","4","0","0",,"0","002","-","Y","YOL",3,50,"-","-",1.379,"R","4","W","N",2,"A","-",21950,"A","F","A","H","-","C","A","0","Y","D","22",0,0,1,0,1,0,0,0,0,"-","WF","WEST SACRAMENTO","YOLO","CA",0,0
"7099082",-121.5779832,38.572935,2015,"5704","0","3","4","12",0,2,"A",,,,,,1800,10,"D","C","A","ENTERPRISE BL","LAKE RD",0,,"Y","2015-10-27",5704,"2015-10-14",1545,"00165",,"5","4","0","0",,"0","002","-","N",,0,0,,,0,,,,"Y",2,"A","-",21453,"A","N","A","H","-","A","A","0","Y","A","01",0,0,2,0,0,0,0,0,0,"-","-","WEST SACRAMENTO","YOLO","CA",0,0
"7099034",-121.7439531,38.541345,2015,"5701","0","5","4","10",0,1,"A","Y",,,,,1200,10,"G","B","B","1ST ST","B ST",0,,"Y","2015-10-27",5701,"2015-10-09",957,"119","4","5","5","0","0",,"0","002","-","N",,0,0,,,0,,,,"N",2,"A","-",21950,"A","N","A","H","-","A","A","0","Y","A","01",0,0,1,0,1,0,0,0,0,"-","-","DAVIS","YOLO","CA",-121.74399,38.54136
"7098676",-121.7644291,38.5593165,2015,"5701","0","1","4","09",0,1,"A",,"Y",,,,1800,10,"H","G","A","DRAKE DR","SYCAMORE ST",100,"W","N","2015-10-20",5701,"2015-10-05",1600,"91","2","5","5","0","0",,"0","001","-","N",,0,0,,,0,,,,"N",2,"A","-",21804,"A","N","A","H","-","A","D","0","Y","L","04",0,0,1,0,0,0,1,0,0,"-","-","DAVIS","YOLO","CA",-121.76485,38.55999
"7098675",-121.7586761,38.5506878,2015,"5701","0","4","4","08",0,1,"A",,"Y",,,,2400,10,"H","I","A","ANDERSON RD","8TH ST",50,"S","N","2015-10-20",5701,"2015-10-01",2208,"91","2","5","5","0","0",,"0","001","-","N",,0,0,,,0,,,,"N",1,"A","-",22107,,"N","A","H","-","C","D","0","Y","L","04",0,0,1,0,0,0,1,0,0,"-","-","DAVIS","YOLO","CA",-121.75867,38.55079