"CASEID","POINT_X","POINT_Y","YEAR_","LOCATION","CHPTYPE","DAYWEEK","CRASHSEV","VIOLCAT","KILLED","INJURED","WEATHER1","PEDCOL","BICCOL","MCCOL","TRUCKCOL","ETOH","TIMECAT","MONTH_","CRASHTYP","INVOLVE","PED","PRIMARYRD","SECONDRD","DISTANCE","DIRECT","INTERSECT_","PROCDATE","JURIS","DATE_","TIME_","BADGE","JURIDIST","SHIFT","POP","SPECIAL","BEATTYPE","LAPDDIV","BEATCLAS","BEATNUMB","WEATHER2","STATEHW","CALTRANC","CALTRAND","STROUTE","ROUTESUF","POSTPRE","POSTMILE","LOCATYPE","RAMP","SIDEHW","TOWAWAY","PARTIES","PCF","VIOLCODE","VIOL","VIOLSUB","HITRUN","ROADSURF","RDCOND1","RDCOND2","LIGHTING","RIGHTWAY","CHPRDTYP","NOTPRIV","STFAULT","CHPFAULT","SEVINJ","OTHERINJ","COP","PEDKILL","PEDINJ","BICKILL","BICINJ","MCKILL","MCINJURE","RAMP1","RAMP2","CITY","COUNTY","STATE","X_CHP","Y_CHP"
"6898681",-121.8586332,38.5906349,2015,"5700","4","6","4","09",0,1,"A",,,,,,1800,4,"D","C","A","COUNTY ROAD 95","COUNTY ROAD 29",0,,"Y","2015-05-19",9280,"2015-04-11",1725,"16520",,"2","9","0","2",,"2","025","-","N",,0,0,,,0,,,,"Y",2,"A","-",21802,"A","N","A","H","-","A","A","0","Y","A","07",0,0,1,0,0,0,0,0,0,"-","-","UNINCORPORATED","YOLO","CA",-121.85869,38.5907
"6897319",0,0,2015,"5704","0","2","4","09",0,1,"A",,"Y",,,,900,4,"D","G","A","LINDEN RD","STONEGATE DR",0,,"Y","2015-05-12",5704,"2015-04-28",751,"00173","WSPD","5","4","0","0",,"0","003","-","N",,0,0,,,0,,,,"N",2,"A","-",21802,"A","N","A","H","-","A","A","0","Y","A","01",0,0,1,0,0,0,1,0,0,"-","-","WEST SACRAMENTO","YOLO","CA",0,0
"6897311",-121.5486838,38.5778587,2015,"5704","0","4","4","09",0,1,"A",,,,,,1200,4,"D","C","A","HARBOR BL","EVERGREEN AV",340,"N","N","2015-05-12",5704,"2015-04-23",1052,"00521",,"5","4","0","0",,"0","002","-","N",,0,0,,,0,,,,"N",2,"A","-",21801,"A","N","A","H","-","A","D","0","Y","A","01",0,0,1,0,0,0,0,0,0,"-","-","WEST SACRAMENTO","YOLO","CA",0,0
"6896800",-121.5405178,38.5751251,2015,"5704","2","1","3","03",0,4,"A",,,,,,1200,4,"C","C","A","RT 50","HARBOR BL",1584,"E","N","2016-11-02",9280,"2015-04-06",920,"016292",,"1","4","0","1",,"2","011","-","Y","YOL",3,50,"-","-",1.55,"H","-","W","Y",3,"A","-",22350,,"N","A","H","-","A","D","1","Y","A","07",0,2,2,0,0,0,0,0,0,"-","-","WEST SACRAMENTO","YOLO","CA",-121.54237,38.57503
"6895160",-121.9518125,38.658847,2015,"5700","1","1","3","08",0,1,"A",,,,,,300,4,"E","I","A","RT 505","COUNTY RD 24",1584,"S","N","2016-10-31",9280,"2015-04-20",30,"15353",,"3","9","0","1",,"2","031","-","Y","YOL",3,505,"-","-",9.22,"H","-","N","Y",1,"A","-",22107,,"N","A","H","-","D","D","1","Y","D","22",0,1,0,0,0,0,0,0,0,"-","-","UNINCORPORATED","YOLO","CA",-121.9517,38.65925
"6895156",-121.6049693,38.5695064,2015,"5700","1","7","3","08",0,3,"A",,,,,,1200,4,"C","C","A","RT 80","ENTERPRISE BL",7920,"W","N","2016-11-03",9280,"2015-04-19",925,"012272",,"1","9","0","1",,"2","010","-","Y","YOL",3,80,"-","-",7.68,"H","-","W","Y",2,"A","-",22107,,"N","A","H","-","A","D","1","Y","D","22",0,1,2,0,0,0,0,0,0,"-","-","UNINCORPORATED","YOLO","CA",-121.6116,38.56836
"6895054",-121.5805509,38.4748653,2015,"5700","3","4","3","01",0,1,"A",,,,,"Y",2400,4,"E","I","A","RT 84","BABEL SLOUGH",10032,"N","N","2016-10-31",9280,"2015-04-16",2230,"16027",,"3","9","0","1",,"2","013","-","Y","YOL",3,84,"-","-",13.72,"H","-","N","Y",1,"A","-",23152,"A","N","A","H","-","D","D","0","Y","A","01",0,1,0,0,0,0,0,0,0,"-","-","UNINCORPORATED","YOLO","CA",-121.58052,38.47509
"6895053",-121.7859808,38.5773468,2015,"5700","5","1","3","08",0,1,"A",,,,,,900,4,"E","I","A","COUNTY ROAD 99","COUNTY ROAD 29",4752,"S","N","2015-05-05",9280,"2015-04-20",815,"12272",,"1","9","0","3",,"2","002","-","N",,0,0,,,0,,,,"Y",1,"A","-",22107,,"N","A","H","-","A","D","0","Y","A","07",0,1,0,0,0,0,0,0,0,"-","-","UNINCORPORATED","YOLO","CA",-121.7859,38.5762
"6895052",-121.5560856,38.5751576,2015,"5704","2","1","3","01",0,1,"A",,,,,"Y",2400,4,"C","C","A","RT 50","RT 80",2112,"E","N","2016-11-02",9280,"2015-04-13",2155,"15128",,"2","4","0","1",,"2","011","-","Y","YOL",3,50,"-","-",0.76,"H","-","W","Y",2,"A","-",23152,"F","M","A","D","-","C","A","1","Y","A","01",0,1,0,0,0,0,0,0,0,"-","TO","WEST SACRAMENTO","YOLO","CA",-121.55693,38.57536
"6893474",-121.7886631,38.677575,2015,"5703","0","5","4","-",0,1,"A",,,,,,1200,4,"D","C","A","CALIFORNIA ST","W MAIN ST",0,,"Y","2016-06-08",5703,"2015-04-10",1100,"2875","52","5","4","0","0",,"0","003","-","N",,0,0,,,0,,,,"Y",2,"A","-",0,,"N","A","H","-","A","A","0","Y","A","01",0,0,1,0,0,0,0,0,0,"-","-","WOODLAND","YOLO","CA",0,0
"6892457",-121.5779832,38.572935,2015,"5704","0","3","4","12",0,1,"A",,,,,,1800,3,"D","C","A","ENTERPRISE BL","LAKE RD",0,,"Y","2015-04-30",5704,"2015-03-04",1520,"00158","WSPD","5","4","0","0",,"0","002","-","N",,0,0,,,0,,,,"Y",2,"A","-",21453,"A","N","A","H","-","A","A","0","Y","A","01",0,0,1,0,0,0,0,0,0,"-","-","WEST SACRAMENTO","YOLO","CA",0,0
"6891649",-121.7527132,38.5507251,2015,"5701","0","4","4","09",0,2,"A",,,,,,2100,3,"A","C","A","W 8TH ST","OAK AV",0,,"Y","2015-05-22",5701,"2015-03-05",1846,"109","4","5","5","0","0",,"0","002","-","N",,0,0,,,0,,,,"Y",2,"A","-",21801,"A","N","A","H","-","C","A","0","Y","A","01",0,0,2,0,0,0,0,0,0,"-","-","DAVIS","YOLO","CA",0,0
"6891595",-121.7310946,38.5624451,2015,"5701","0","7","4","03",0,2,"B",,,,,,1500,4,"C","C","A","EAST COVELL BL","POLE LINE RD",20,"E","N","2015-05-15",5701,"2015-04-05",1455,"106","6","5","5","0","0",,"0","003","-","N",,0,0,,,0,,,,"N",2,"A","-",22350,,"N","A","H","-","A","A","0","Y","A","01",0,0,2,0,0,0,0,0,0,"-","-","DAVIS","YOLO","CA",0,0
"6891091",-121.8706871,38.6696783,2015,"5700","3","4","2","01",0,2,"-",,,,,"Y",2100,4,"A","C","A","RT 16","COUNTY ROAD 94B",0,,"Y","2016-12-17",9280,"2015-04-02",1828,"016929",,"2","9","0","1",,"2","034","-","Y","YOL",3,16,"-","-",36.71,"I","5","E","Y",2,"A","-",23152,"A","N","-","H","-","-","D","0","Y","A","01",1,1,0,0,0,0,0,0,0,"-","-","UNINCORPORATED","YOLO","CA",-121.87076,38.6696
"6891079",-121.6129586,38.5680974,2015,"5700","1","5","3","03",0,2,"A",,,,,,1500,4,"B","D","A","RT 80","WEBSTER",2,"E","N","2016-11-03",9280,"2015-04-03",1235,"015168",,"1","9","0","1",,"2","010","-","Y","YOL",3,80,"-","-",7.21,"H","-","W","Y",2,"A","-",22350,,"N","A","H","-","A","D","1","Y","A","01",0,1,1,0,0,0,0,0,0,"-","-","UNINCORPORATED","YOLO","CA",-121.60903,38.56874
"6890404",-121.534016,38.5805295,2015,"5704","0","2","4","11",0,1,"A","Y",,,,,2400,4,"G","B","D","POPLAR AV","WEST CAPITOL AV",100,"N","N","2015-04-29",5704,"2015-04-07",2200,"00158",,"5","4","0","0",,"0","002","-","N",,0,0,,,0,,,,"N",2,"A","-",21956,,"N","A","H","-","C","D","0","Y","N","60",0,0,1,0,1,0,0,0,0,"-","-","WEST SACRAMENTO","YOLO","CA",0,0
"6888795",-121.5828031,38.407195,2015,"5700","3","5","4","09",0,1,"A",,"Y",,,,1200,2,"D","G","A","JEFFERSON BL","GAFFNEY RD",0,,"Y","2015-05-04",9280,"2015-02-13",1020,"016632",,"1","9","0","1",,"2","013","-","N",,0,0,,,0,,,,"N",2,"A","-",21801,"A","N","A","H","-","A","A","0","Y","A","07",0,0,1,0,0,0,1,0,0,"-","-","UNINCORPORATED","YOLO","CA",-121.5828,38.40715
"6887763",-121.6489418,38.5616727,2015,"5700","1","6","3","03",0,1,"-",,,"Y",,,1800,4,"C","C","A","RT 80","WEBSTER",2640,"W","N","2016-11-03",9280,"2015-04-11",1658,"15492",,"2","9","0","1",,"2","010","-","Y","YOL",3,80,"-","-",5.28,"H","-","W","Y",2,"A","-",22350,,"N","-","-","-","-","D","1","Y","C","02",0,1,0,0,0,0,0,0,1,"-","-","UNINCORPORATED","YOLO","CA",-121.65192,38.56124
"6884757",-121.6015723,38.5701153,2015,"5700","1","7","4","03",0,1,"A",,,,,,1500,3,"C","C","A","RT 80","ENTERPRISE BL",6864,"W","N","2016-09-22",9280,"2015-03-08",1248,"017375",,"1","9","0","1",,"2","010","-","Y","YOL",3,80,"-","-",7.88,"H","-","W","N",2,"A","-",22350,,"M","A","H","-","A","D","1","Y","A","01",0,0,1,0,0,0,0,0,0,"-","-","UNINCORPORATED","YOLO","CA",-121.60467,38.56947
"6884753",0,0,2015,"5700","1","2","3","01",0,4,"A",,,,,"Y",300,3,"E","J","A","COUNTY ROAD 99W","COUNTY ROAD 96",3700,"N","N","2015-04-22",9280,"2015-03-10",240,"015128",,"3","9","0","1",,"2","020","-","N",,0,0,,,0,,,,"Y",1,"A","-",23152,"A","N","A","H","-","D","D","0","Y","A","01",0,2,2,0,0,0,0,0,0,"-","-","UNINCORPORATED","YOLO","CA",-121.84874,38.76753
"6884749",-121.7201962,38.5472669,2015,"5700","1","4","4","03",0,8,"A",,,,,,1800,3,"C","C","A","RT 80","POLE LINE RD",1584,"E","N","2016-09-22",9280,"2015-03-12",1640,"016144",,"2","9","0","1",,"2","010","-","Y","YOL",3,80,"-","-",1.19,"H","-","W","Y",3,"A","-",22350,,"N","A","H","-","A","D","1","Y","A","01",0,0,8,0,0,0,0,0,0,"-","-","UNINCORPORATED","YOLO","CA",-121.72297,38.54654
"6884745",-121.5561432,38.5751607,2015,"5704","2","5","4","03",0,1,"A",,,,,,1800,3,"C","C","A","RT 50","HARBOR BL",3168,"W","N","2016-09-12",9280,"2015-03-13",1508,"017772",,"2","4","0","1",,"2","011","-","Y","YOL",3,50,"-","-",0.75,"H","-","W","Y",2,"A","-",22350,,"N","A","H","-","A","D","1","Y","A","01",0,0,1,0,0,0,0,0,0,"-","-","WEST SACRAMENTO","YOLO","CA",-121.56078,38.57545
"6884741",0,0,2015,"5700","5","7","2","01",0,1,"A",,,,,"Y",600,3,"F","I","A","COUNTY ROAD 92E","COUNTY ROAD 29A",1056,"S","N","2015-04-22",9280,"2015-03-15",430,"014492",,"3","9","0","3",,"2","003","-","N",,0,0,,,0,,,,"Y",1,"A","-",23152,"A","N","A","H","-","D","A","0","Y","A","01",1,0,0,0,0,0,0,0,0,"-","-","UNINCORPORATED","YOLO","CA",-121.90505,38.581
"6884737",-121.7303075,38.5903623,2015,"5700","4","2","4","01",0,1,"A",,,,,"Y",2400,3,"C","C","A","COUNTY ROAD 102","COUNTY ROAD 29",192,"N","N","2015-04-22",9280,"2015-03-17",2220,"015128",,"3","9","0","2",,"1","021","-","N",,0,0,,,0,,,,"Y",2,"A","-",23152,"A","N","A","H","-","D","D","0","Y","A","01",0,0,1,0,0,0,0,0,0,"-","-","UNINCORPORATED","YOLO","CA",-121.73024,38.5896
"6884733",-121.6756531,38.557985,2015,"5700","5","6","2","01",0,1,"A",,,,,"Y",600,3,"E","I","A","COUNTY ROAD 32A","COUNTY ROAD 105",0,,"Y","2015-04-22",9280,"2015-03-21",508,"017874",,"3","9","0","3",,"2","001","-","N",,0,0,,,0,,,,"Y",1,"A","-",23152,"A","N","A","H","-","A","A","0","Y","A","01",1,0,0,0,0,0,0,0,0,"-","-","UNINCORPORATED","YOLO","CA",-121.67556,38.55768
"6884729",-121.6298051,38.564897,2015,"5700","1","1","4","17",0,1,"A",,,,,,1200,3,"C","C","A","RT 80","COUNTY ROAD 32A",2480,"E","N","2016-09-22",9280,"2015-03-23",1115,"017883",,"1","9","0","1",,"2","010","-","Y","YOL",3,80,"-","-",6.27,"H","-","E","Y",2,"A","-",22109,,"N","A","H","-","A","D","1","Y","A","01",0,0,1,0,0,0,0,0,0,"-","-","UNINCORPORATED","YOLO","CA",-121.62718,38.56534
"6884725",-121.6927549,38.673506,2015,"5700","1","3","3","03",0,2,"A",,,,,,1800,3,"C","C","A","RT 5","COUNTY ROAD 103",4752,"S","N","2016-09-22",9280,"2015-03-25",1728,"016929",,"2","9","0","1",,"2","020","-","Y","YOL",3,5,"-","-",3.59,"H","-","S","Y",4,"A","-",22350,,"N","A","H","-","A","D","1","Y","A","07",0,2,0,0,0,0,0,0,0,"-","-","UNINCORPORATED","YOLO","CA",-121.69231,38.67353
"6884721",-121.6632616,38.6735837,2015,"5703","1","5","4","03",0,1,"-",,,,,,900,3,"C","C","A","RT 5","COUNTY ROAD 103",13200,"S","N","2016-09-21",9280,"2015-03-27",801,"016632",,"1","4","0","1",,"2","020","-","Y","YOL",3,5,"-","-",1.99,"H","-","N","Y",2,"A","-",22350,,"N","-","-","-","-","D","1","Y","A","01",0,0,1,0,0,0,0,0,0,"-","-","WOODLAND","YOLO","CA",-121.65934,38.67357
"6884475",-121.6295331,38.6734651,2015,"5700","1","3","4","09",0,2,"-",,,,"Y",,1500,4,"D","C","A","COUNTY ROAD 22","RT 5",0,,"Y","2015-05-26",9280,"2015-04-08",1250,"017772",,"1","9","0","1",,"2","020","-","N",,0,0,,,0,,,,"Y",2,"A","-",21801,"A","N","-","-","-","-","D","0","Y","G","27",0,0,2,0,0,0,0,0,0,"-","-","UNINCORPORATED","YOLO","CA",-121.63783,38.67673
"6882911",-121.7935584,38.6721678,2015,"5703","0","3","4","03",0,1,"A",,,,,,1800,3,"C","C","A","W CROSS ST","COTTONWOOD ST",50,"W","N","2015-04-22",5703,"2015-03-18",1613,"2850","52","5","4","0","0",,"0","003","-","N",,0,0,,,0,,,,"N",2,"A","-",22350,,"N","A","H","-","A","A","0","Y","A","07",0,0,1,0,0,0,0,0,0,"-","-","WOODLAND","YOLO","CA",0,0
"6882900",-121.7586728,38.5508525,2015,"5701","0","5","3","18",0,1,"A",,"Y",,,,900,3,"H","A","A","ANDERSON RD","8TH ST",10,"N","N","2016-04-06",5701,"2015-03-20",756,"91","2","5","5","0","0",,"0","001","-","N",,0,0,,,0,,,,"N",1,"C","-",0,,"N","A","H","-","A","D","0","Y","-","-",0,1,0,0,0,0,1,0,0,"-","-","DAVIS","YOLO","CA",-121.75735,38.55938
"6882389",-121.5268331,38.589555,2015,"5704","0","1","3","09",0,1,"A",,,,,,2400,4,"D","C","A","SACRAMENTO AV","JEFFERSON BL",0,,"Y","2015-04-23",5704,"2015-04-06",2225,"166",,"5","4","0","0",,"0","001","-","N",,0,0,,,0,,,,"Y",2,"A","-",21453,"C","N","A","H","-","C","A","0","Y","A","01",0,1,0,0,0,0,0,0,0,"-","-","WEST SACRAMENTO","YOLO","CA",0,0
"6882385",0,0,2015,"5704","0","4","4","03",0,1,"A",,,,,,2100,4,"C","C","A","JEFFERSON BL","LOCKS DR",10,"N","N","2015-04-23",5704,"2015-04-02",1929,"00142",,"5","4","0","0",,"0","003","-","N",,0,0,,,0,,,,"Y",3,"A","-",22350,,"N","A","H","-","A","A","0","Y","A","01",0,0,1,0,0,0,0,0,0,"-","-","WEST SACRAMENTO","YOLO","CA",0,0
"6880145",0,0,2015,"5700","5","6","3","09",0,2,"-",,"Y",,,,2100,3,"D","G","A","COUNTY ROAD 104","COUNTY ROAD 35",1,"N","N","2015-05-06",9280,"2015-03-28",1830,"013837",,"2","9","0","3",,"2","001","-","N",,0,0,,,0,,,,"N",3,"A","-",21802,"A","N","-","-","-","-","A","0","Y","D","22",0,2,0,0,0,0,2,0,0,"-","-","UNINCORPORATED","YOLO","CA",-121.6953,38.50204
"6880141",-121.660622,38.6733232,2015,"5700","1","5","4","03",0,1,"-",,,,,,900,3,"C","C","A","RT 5","COUNTY ROAD 22",5808,"N","N","2016-09-21",9280,"2015-03-27",725,"015492",,"1","9","0","1",,"2","020","-","Y","YOL",3,5,"-","-",1.8,"H","-","S","Y",2,"A","-",22350,,"N","-","-","-","-","D","1","Y","D","22",0,0,1,0,0,0,0,0,0,"-","-","UNINCORPORATED","YOLO","CA",-121.66195,38.67332
"6880125",-121.6947569,38.6737718,2015,"5700","1","4","3","03",0,1,"A",,,,"Y",,300,3,"C","C","A","RT 5","COUNTY ROAD 103",3960,"S","N","2016-09-21",9280,"2015-03-26",235,"16292",,"3","9","0","1",,"2","020","-","Y","YOL",3,5,"-","-",3.74,"H","-","N","Y",2,"A","-",22350,,"N","A","H","-","D","D","1","Y","A","01",0,1,0,0,0,0,0,0,0,"-","-","UNINCORPORATED","YOLO","CA",-121.69737,38.6737
"6880113",-121.5560475,38.5864796,2015,"5704","1","7","4","03",0,1,"A",,,,,,1500,3,"C","C","A","RT 80","REED AV",1584,"W","N","2016-09-22",9280,"2015-03-15",1416,"017375",,"2","4","0","1",,"2","010","-","Y","YOL",3,80,"-","R",10.91,"H","-","W","Y",2,"A","-",22350,,"N","A","H","-","A","D","1","Y","A","01",0,0,1,0,0,0,0,0,0,"-","-","WEST SACRAMENTO","YOLO","CA",-121.55466,38.5888
"6878365",-121.7540231,38.546345,2015,"5701","0","6","3","05",0,1,"A",,"Y",,,,1500,3,"H","G","A","RUSSELL BL","CALIFORNIA AV",0,,"Y","2015-04-15",5701,"2015-03-14",1453,"100","3","5","5","0","0",,"0","001","-","N",,0,0,,,0,,,,"N",2,"A","-",21650,"1","N","A","H","-","A","A","0","Y","L","04",0,1,0,0,0,0,1,0,0,"-","-","DAVIS","YOLO","CA",-121.75947,38.54766
"6878355",-121.7874236,38.5520254,2015,"5701","0","3","4","03",0,1,"A",,,,,,1500,3,"C","E","A","LAKE BL","ARLINGTON BL",1200,"S","N","2015-04-15",5701,"2015-03-11",1434,"88","1","5","5","0","0",,"0","001","-","N",,0,0,,,0,,,,"Y",4,"A","-",22350,,"N","A","H","-","A","D","0","Y","A","07",0,0,1,0,0,0,0,0,0,"-","-","DAVIS","YOLO","CA",0,0
"6878255",-121.7676886,38.5464651,2015,"5701","0","2","4","21",0,1,"A",,,,,,1500,3,"B","C","A","RUSSELL BL","RT 113",150,"E","N","2016-04-18",5701,"2015-03-17",1215,"91","2","5","5","0","0",,"0","001","-","N",,0,0,,,0,,,,"Y",2,"A","-",22106,,"N","A","H","-","A","D","0","Y","A","01",0,0,1,0,0,0,0,0,0,"-","NO","DAVIS","YOLO","CA",-121.76641,38.54647
"6878090",-121.7447272,38.5440088,2015,"5701","0","4","3","04",0,1,"A",,"Y",,,,1800,3,"H","G","A","3RD ST","B ST",10,"W","N","2016-04-06",5701,"2015-03-19",1500,"91","4","5","5","0","0",,"0","002","-","N",,0,0,,,0,,,,"N",2,"A","-",21703,,"N","A","H","-","A","A","0","Y","L","04",0,1,0,0,0,0,1,0,0,"-","-","DAVIS","YOLO","CA",-121.75171,38.54161
"6877392",0,0,2015,"5703","0","3","2","00",0,2,"A",,,,,,1500,3,"E","E","A","FARNHAM AV","EAKLE LN",168,"E","N","2015-04-13",5703,"2015-03-04",1343,"832","S1","5","4","0","0",,"0","001","-","N",,0,0,,,0,,,,"Y",2,"A","-",23103,,"N","A","H","-","A","A","0","Y","A","01",1,1,0,0,0,0,0,0,0,"-","-","WOODLAND","YOLO","CA",0,0
"6877391",-121.7605027,38.6927092,2015,"5703","0","3","4","05",0,1,"A",,,,,,1200,3,"E","I","A","HARTER AV","EAST KENTUCKY AV",321,"N","N","2016-04-06",5703,"2015-03-18",1146,"2842","25","5","4","0","0",,"0","001","-","N",,0,0,,,0,,,,"Y",1,"A","-",21650,,"N","A","H","-","A","D","0","Y","A","07",0,0,1,0,0,0,0,0,0,"-","-","WOODLAND","YOLO","CA",0,0
"6877390",-121.5486631,38.576925,2015,"5704","0","1","3","03",0,1,"A",,"Y",,,"Y",1800,3,"C","G","A","HARBOR BL","EVERGREEN AV",0,,"Y","2015-04-13",5704,"2015-03-23",1622,"00165",,"5","4","0","0",,"0","002","-","N",,0,0,,,0,,,,"N",2,"A","-",22350,,"N","A","H","-","A","A","0","Y","L","04",0,1,0,0,0,0,1,0,0,"-","-","WEST SACRAMENTO","YOLO","CA",0,0
"6877389",-121.5452531,38.591565,2015,"5704","0","1","4","12",0,2,"A",,,,,,2100,3,"D","C","A","HARBOR BL","REED AV",0,,"Y","2015-04-13",5704,"2015-03-16",2041,"00172",,"5","4","0","0",,"0","001","-","N",,0,0,,,0,,,,"Y",2,"A","-",21453,"A","N","B","H","-","C","A","0","Y","A","07",0,0,2,0,0,0,0,0,0,"-","-","WEST SACRAMENTO","YOLO","CA",0,0
"6876817",-122.0940752,38.5143946,2015,"5700","3","7","3","03",0,2,"A",,,"Y",,,1800,3,"C","C","A","RT 128","PUTAH CREEK BRIDGE",438,"E","N","2016-09-07",9280,"2015-03-29",1623,"017763",,"2","9","0","1",,"2","032","-","Y","YOL",3,128,"-","-",0.12,"H","-","W","Y",2,"A","-",22350,,"N","A","H","-","A","D","0","Y","C","02",0,2,0,0,0,0,0,0,2,"-","-","UNINCORPORATED","YOLO","CA",-122.09398,38.51465
"6876809",-121.9427324,38.5350835,2015,"5700","5","6","3","08",0,2,"A",,,,,,600,3,"E","I","A","RUSSELL BL","FREDERICKS DR",120,"E","N","2015-06-17",9280,"2015-03-28",420,"016027",,"3","9","0","3",,"2","003","-","N",,0,0,,,0,,,,"Y",1,"A","-",22107,,"N","A","H","-","D","D","0","Y","A","07",0,1,1,0,0,0,0,0,0,"-","-","UNINCORPORATED","YOLO","CA",-121.94134,38.53564
"6876251",-121.7274635,38.673921,2015,"5703","1","1","3","03",0,1,"-",,,,"Y",,900,4,"C","C","A","RT 5","COUNTY ROAD 102",300,"N","N","2016-11-02",9280,"2015-04-06",824,"015492",,"1","4","0","1",,"2","020","-","Y","YOL",3,5,"-","-",5.59,"H","-","N","Y",2,"A","-",22350,,"N","-","-","-","A","D","1","Y","D","22",0,1,0,0,0,0,0,0,0,"-","-","WOODLAND","YOLO","CA",-121.78004,38.67402
"6876247",-121.7292875,38.5446984,2015,"5700","1","1","3","08",0,1,"-",,,,"Y",,900,4,"F","J","A","RT 80","RICHARDS BL",2112,"E","N","2016-11-03",9280,"2015-04-06",610,"016292",,"1","9","0","1",,"2","010","-","Y","YOL",3,80,"-","-",0.63,"H","-","W","Y",1,"A","-",22107,,"N","-","-","-","-","D","1","Y","F","26",0,1,0,0,0,0,0,0,0,"-","-","UNINCORPORATED","YOLO","CA",-121.73088,38.54389
"6871292",-121.5272895,38.5806806,2015,"5704","0","3","2","11",0,1,"A","Y",,,"Y",,2400,4,"G","B","D","WEST CAPITOL AV","WESTACRE RD",968,"E","N","2016-06-20",5704,"2015-04-01",2147,"00108","5704","5","4","0","0",,"0","002","-","N",,0,0,,,0,,,,"N",2,"A","-",21955,,"F","A","H","-","C","A","0","Y","N","60",1,0,0,0,1,0,0,0,0,"-","-","WEST SACRAMENTO","YOLO","CA",0,0
"6869892",-121.5424197,38.5796436,2015,"5704","0","6","4","10",0,1,"A","Y",,,,,1200,2,"G","B","F","WEST CAPITOL AV","PECAN ST",125,"W","N","2015-04-15",5704,"2015-02-28",1042,"00160",,"5","4","0","0",,"0","002","-","N",,0,0,,,0,,,,"N",2,"A","-",21952,,"F","A","H","-","A","D","0","Y","A","01",0,0,1,0,1,0,0,0,0,"-","-","WEST SACRAMENTO","YOLO","CA",0,0
"6867445",-121.8032832,38.539765,2015,"5701","0","6","4","03",0,1,"A",,,"Y",,,1800,3,"E","I","A","HUTCHISON DR","HUTCHISON PL",0,,"Y","2015-04-16",5701,"2015-03-21",1707,"1074","UC DA","5","5","0","0",,"0",,"-","N",,0,0,,,0,,,,"N",1,"A","-",22350,,"N","A","H","-","A","D","0","Y","C","02",0,0,1,0,0,0,0,0,1,"-","-","DAVIS","YOLO","CA",0,0
"6865991",-121.9710732,38.5272449,2015,"5702","0","1","4","03",0,1,"A",,,,,,1800,3,"C","C","A","RAILROAD AV","ANDERSON AV",0,,"Y","2016-04-06",5702,"2015-03-09",1534,"539","C","5","2","0","0",,"0","00C","-","N",,0,0,,,0,,,,"N",2,"A","-",22350,,"N","A","H","-","A","D","0","Y","-",,0,0,1,0,0,0,0,0,0,"-","-","WINTERS","YOLO","CA",0,0
"6863679",-121.7051962,38.67382,2015,"5700","1","2","4","04",0,2,"A",,,,,,2100,3,"C","C","A","RT 5","COUNTY ROAD 103",900,"S","N","2016-09-21",9280,"2015-03-17",1825,"17800",,"2","9","0","1",,"2","020","-","Y","YOL",3,5,"-","-",4.32,"H","-","N","N",2,"A","-",21703,,"N","A","H","-","A","D","1","Y","A","01",0,0,2,0,0,0,0,0,0,"-","-","UNINCORPORATED","YOLO","CA",-121.69173,38.67361
"6863675",-121.6995031,38.5519351,2015,"5701","1","4","3","03",0,1,"A",,,,,,1500,3,"E","I","A","RT 80","MACE BL",30,"W","N","2016-09-22",9280,"2015-03-19",1340,"17629",,"1","5","0","1",,"2","010","-","Y","YOL",3,80,"-","-",2.475,"R","2","W","Y",1,"A","-",22350,,"N","A","H","-","A","D","1","Y","A","01",0,1,0,0,0,0,0,0,0,"FR","-","DAVIS","YOLO","CA",-121.69548,38.55278
"6863671",-121.7204067,38.6736451,2015,"5703","1","5","4","03",0,2,"A",,,,,,1800,3,"C","C","A","RT 5","COUNTY ROAD 102",2112,"S","N","2016-09-02",9280,"2015-03-20",1610,"15492",,"2","4","0","1",,"2","020","-","Y","YOL",3,5,"-","-",5.13,"H","-","S","Y",2,"A","-",22350,,"N","A","H","-","A","D","1","Y","A","01",0,0,2,0,0,0,0,0,0,"-","-","WOODLAND","YOLO","CA",-121.71832,38.67372
"6863623",0,0,2015,"5700","1","1","2","01",0,2,"A",,,,,,2400,3,"E","I","A","RT 5","COUNTY LINE RD",60,"S","N","2017-02-28",9280,"2015-03-02",2245,"16351",,"3","9","0","1",,"2","030","-","Y","COL",3,5,"-","R",0.195,"R","4","S","Y",1,"A","-",23152,"E","N","A","H","-","D","A","1","Y","A","07",1,1,0,0,0,0,0,0,0,"TO","-","UNINCORPORATED","YOLO","CA",-122.00242,38.9255
"6863004",0,0,2015,"5704","0","5","2","05",0,1,"A",,,,,,300,3,"E","I","A","LIGHTHOUSE DR","WATERCOLOR LN",0,,"Y","2015-03-27",5704,"2015-03-20",140,"00141",,"5","4","0","0",,"0","001","-","N",,0,0,,,0,,,,"N",1,"A","-",21651,"A","N","A","H","-","C","A","0","Y","A","01",1,0,0,0,0,0,0,0,0,"-","-","WEST SACRAMENTO","YOLO","CA",0,0
"6858317",-121.9021446,38.6724016,2015,"5700","3","7","2","01",0,2,"A",,,,,"Y",600,2,"A","C","A","RT 16","COUNTY ROAD 93",1584,"W","N","2016-09-07",9280,"2015-02-22",310,"16292",,"3","9","0","1",,"2","034","-","Y","YOL",3,16,"-","-",34.97,"H","-","W","Y",2,"A","-",23152,"A","N","A","H","-","D","D","0","Y","A","01",1,1,0,0,0,0,0,0,0,"-","-","UNINCORPORATED","YOLO","CA",-121.90238,38.67248