"CASEID","POINT_X","POINT_Y","YEAR_","LOCATION","CHPTYPE","DAYWEEK","CRASHSEV","VIOLCAT","KILLED","INJURED","WEATHER1","PEDCOL","BICCOL","MCCOL","TRUCKCOL","ETOH","TIMECAT","MONTH_","CRASHTYP","INVOLVE","PED","PRIMARYRD","SECONDRD","DISTANCE","DIRECT","INTERSECT_","PROCDATE","JURIS","DATE_","TIME_","BADGE","JURIDIST","SHIFT","POP","SPECIAL","BEATTYPE","LAPDDIV","BEATCLAS","BEATNUMB","WEATHER2","STATEHW","CALTRANC","CALTRAND","STROUTE","ROUTESUF","POSTPRE","POSTMILE","LOCATYPE","RAMP","SIDEHW","TOWAWAY","PARTIES","PCF","VIOLCODE","VIOL","VIOLSUB","HITRUN","ROADSURF","RDCOND1","RDCOND2","LIGHTING","RIGHTWAY","CHPRDTYP","NOTPRIV","STFAULT","CHPFAULT","SEVINJ","OTHERINJ","COP","PEDKILL","PEDINJ","BICKILL","BICINJ","MCKILL","MCINJURE","RAMP1","RAMP2","CITY","COUNTY","STATE","X_CHP","Y_CHP"
"6708443",-121.7599806,38.6413425,2014,"5700","3","6","3","08",0,1,"B",,,,,,300,11,"E","I","A","RT 113","COUNTY ROAD 25A",18,"N","N","2016-06-23",9280,"2014-11-01",145,"016042",,"3","9","0","1",,"2","022","C","Y","YOL",3,113,"-","R",7.67,"H","-","S","Y",1,"A","-",22107,,"N","B","H","-","D","D","1","Y","A","07",0,1,0,0,0,0,0,0,0,"-","-","UNINCORPORATED","YOLO","CA",-121.76008,38.64118
"6708431",-121.5964767,38.5710291,2014,"5700","1","2","3","08",0,1,"A",,,,,,2100,11,"E","I","A","RT 80","ENTERPRISE BL",5280,"W","N","2016-06-20",9280,"2014-11-04",1905,"015168",,"2","9","0","1",,"2","010","-","Y","YOL",3,80,"-","-",8.18,"H","-","W","Y",1,"A","-",22107,,"N","A","H","-","D","D","1","Y","A","01",0,1,0,0,0,0,0,0,0,"-","-","UNINCORPORATED","YOLO","CA",-121.59011,38.57223
"6708407",-121.6757748,38.5573404,2014,"5700","1","1","3","08",0,1,"A",,,,,,1500,11,"E","I","A","RT 80","MACE BL",5280,"E","N","2016-06-22",9280,"2014-11-03",1305,"017375",,"1","9","0","1",,"2","010","-","Y","YOL",3,80,"-","-",3.68,"H","-","W","N",1,"A","-",22107,,"N","A","H","-","A","D","1","Y","A","07",0,1,0,0,0,0,0,0,0,"-","-","UNINCORPORATED","YOLO","CA",-121.67248,38.55812
"6708403",-121.5689931,38.5756251,2014,"5704","1","2","3","03",0,1,"A",,,,,,1500,11,"E","I","A","RT 80","HARBOR BL",3696,"W","N","2016-06-20",9280,"2014-11-04",1340,"017763",,"1","4","0","1",,"2","010","-","Y","YOL",3,80,"-","R",10.23,"R","2","W","Y",1,"A","-",22350,,"N","A","H","-","A","D","1","Y","A","07",0,1,0,0,0,0,0,0,0,"TO","-","WEST SACRAMENTO","YOLO","CA",-121.56285,38.57599
"6708353",-121.7403732,38.544795,2014,"5701","0","5","4","09",0,1,"A",,"Y",,,,1200,10,"D","G","A","3RD ST","F ST",0,,"Y","2014-12-05",5701,"2014-10-24",945,"38","4","5","5","0","0",,"0","002","-","N",,0,0,,,0,,,,"N",2,"A","-",21802,"A","N","A","H","-","A","A","0","Y","A","01",0,0,1,0,0,0,1,0,0,"-","-","DAVIS","YOLO","CA",0,0
"6708306",-121.7440438,38.5607726,2014,"5701","0","3","4","03",0,1,"A",,,,,,900,11,"C","C","A","COVELL BL","F ST",220,"E","N","2015-01-15",5701,"2014-11-05",850,"36","4","5","5","0","0",,"0","002","-","N",,0,0,,,0,,,,"Y",3,"A","-",22350,,"N","A","H","-","A","A","0","Y","D","72",0,0,1,0,0,0,0,0,0,"-","-","DAVIS","YOLO","CA",-121.74302,38.56062
"6707786",-121.5331031,38.556455,2014,"5704","0","1","4","09",0,2,"A",,,,,"Y",1800,10,"D","C","A","JEFFERSON BL","GATEWAY DR",0,,"Y","2014-11-25",5704,"2014-10-13",1705,"00165",,"5","4","0","0",,"0","003","-","N",,0,0,,,0,,,,"Y",2,"A","-",21453,"C","N","A","H","-","A","A","0","Y","A","07",0,0,2,0,0,0,0,0,0,"-","-","WEST SACRAMENTO","YOLO","CA",0,0
"6707782",-121.5163431,38.585255,2014,"5704","0","4","4","11",0,1,"B","Y",,,,,900,10,"D","B","D","F ST","7TH ST",0,,"Y","2014-11-25",5704,"2014-10-16",830,"00158","WSPD","5","4","0","0",,"0","001","-","N",,0,0,,,0,,,,"N",2,"A","-",21954,"A","N","A","H","-","A","A","0","Y","N","60",0,0,1,0,1,0,0,0,0,"-","-","WEST SACRAMENTO","YOLO","CA",0,0
"6707552",-121.7245931,38.540155,2014,"5701","0","3","3","03",0,4,"A",,,,,,1800,10,"H","A","A","COWELL BL","VALDORA ST",0,,"Y","2015-06-10",5701,"2014-10-01",1729,"98","8","5","5","0","0",,"0","004","-","N",,0,0,,,0,,,,"N",1,"A","-",22350,,"N","A","H","-","A","A","0","Y","I","20",0,1,3,0,0,0,0,0,0,"-","-","DAVIS","YOLO","CA",0,0
"6705915",-121.7981732,38.659895,2014,"5703","0","6","3","03",0,1,"A","Y",,,,,900,11,"G","B","E","ASHLEY AV","SARATOGA DR",0,,"Y","2015-01-12",5703,"2014-11-08",600,"2835","76","5","4","0","0",,"0","003","-","N",,0,0,,,0,,,,"N",2,"A","-",22350,,"F","A","H","-","A","A","0","Y","A","01",0,1,0,0,1,0,0,0,0,"-","-","WOODLAND","YOLO","CA",0,0
"6705691",-121.7586199,38.5621249,2014,"5701","0","3","4","-",0,2,"A",,,,,,2100,9,"E","I","A","ANDERSON RD","ALVARADO AV",15,"N","N","2014-11-24",5701,"2014-09-17",2043,"113","3","5","5","0","0",,"0","001","-","N",,0,0,,,0,,,,"Y",1,"A","-",0,,"N","A","H","-","C","D","0","Y","A","08",0,0,2,0,0,0,0,0,0,"-","-","DAVIS","YOLO","CA",-121.75714,38.55931
"6704430",-121.9694634,38.5255061,2014,"5702","0","3","3","-",0,1,"A",,,,,,1800,10,"C","C","A","RT 128","RAILROAD AV",181,"W","N","2016-06-23",5702,"2014-10-08",1714,"532","A","5","2","0","0",,"0","00A","-","Y","YOL",3,128,"-","-",8.74,"H","-","E","Y",4,"A","-",0,,"N","A","H","-","A","A","0","Y","-",,0,1,0,0,0,0,0,0,0,"-","-","WINTERS","YOLO","CA",0,0
"6700906",-121.8031271,38.6632051,2014,"5700","5","2","2","18",0,1,"A",,,,,,1500,10,"E","I","A","GIBSON RD","COUNTY ROAD 98",121,"W","N","2014-12-04",9280,"2014-10-28",1316,"15128",,"1","9","0","3",,"2","002","-","N",,0,0,,,0,,,,"Y",1,"C","-",0,,"N","A","H","-","A","D","0","Y","-","-",1,0,0,0,0,0,0,0,0,"-","-","UNINCORPORATED","YOLO","CA",-121.80334,38.66316
"6698720",0,0,2014,"5700","4","1","4","08",0,1,"A",,,,,,1500,10,"E","I","A","COUNTY ROAD 102","HERITAGE PKWY",3696,"S","N","2014-11-13",9280,"2014-10-27",1405,"017763",,"2","9","0","2",,"1","021","-","N",,0,0,,,0,,,,"Y",1,"A","-",22107,,"N","A","H","-","A","D","0","Y","D","22",0,0,1,0,0,0,0,0,0,"-","-","UNINCORPORATED","YOLO","CA",-121.72929,38.63702
"6698719",-121.5588318,38.5823241,2014,"5704","1","7","4","03",0,1,"A",,,,,,1800,10,"C","C","A","RT 80","REED AV",2640,"W","N","2016-06-22",9280,"2014-10-05",1615,"15128",,"2","4","0","1",,"2","010","-","Y","YOL",3,80,"-","R",10.71,"H","-","W","Y",3,"A","-",22350,,"N","A","H","-","A","D","1","Y","A","01",0,0,1,0,0,0,0,0,0,"-","-","WEST SACRAMENTO","YOLO","CA",-121.55704,38.58492
"6698716",0,0,2014,"5700","5","5","4","01",0,1,"A",,,,,"Y",2100,10,"F","I","A","OLD RIVER RD","COUNTY ROAD 24",10560,"S","N","2014-11-13",9280,"2014-10-17",1820,"017874",,"2","9","0","3",,"2","002","-","N",,0,0,,,0,,,,"Y",1,"A","-",23152,"A","N","A","H","-","A","D","0","Y","D","22",0,0,1,0,0,0,0,0,0,"-","-","UNINCORPORATED","YOLO","CA",-121.58229,38.64428
"6698712",-121.709993,38.6735851,2014,"5700","1","5","4","03",0,1,"A",,,,,,1800,10,"C","C","A","RT 5","COUNTY ROAD 103",300,"N","N","2016-06-24",9280,"2014-10-24",1750,"015079",,"2","9","0","1",,"2","020","-","Y","YOL",3,5,"-","-",4.55,"H","-","S","N",2,"A","-",22350,,"N","A","H","-","A","D","1","Y","D","22",0,0,1,0,0,0,0,0,0,"-","-","UNINCORPORATED","YOLO","CA",-121.71027,38.67364
"6698708",0,0,2014,"5700","3","3","3","08",0,1,"C",,,,,,900,10,"B","C","A","RT 128","COUNTY ROAD 35",75,"W","N","2016-06-23",9280,"2014-10-15",835,"016351",,"1","9","0","1",,"2","032","-","Y","YOL",3,128,"-","R",5.14,"H","-","E","Y",2,"A","-",22107,,"N","B","H","-","A","D","0","Y","A","01",0,1,0,0,0,0,0,0,0,"-","-","UNINCORPORATED","YOLO","CA",-122.01793,38.4978
"6698707",-121.9397271,38.5361595,2014,"5700","5","3","4","08",0,3,"A",,,,,,1500,10,"E","I","A","RUSSELL BL","RT 505",4224,"E","N","2014-12-08",9280,"2014-10-15",1405,"16144",,"2","9","0","3",,"2","003","-","N",,0,0,,,0,,,,"Y",1,"A","-",22107,,"N","A","H","-","A","D","0","Y","A","07",0,0,3,0,0,0,0,0,0,"-","-","UNINCORPORATED","YOLO","CA",-121.93462,38.53814
"6698704",-121.6904931,38.5536851,2014,"5701","1","3","4","03",0,2,"B",,,,,,1800,10,"C","C","A","RT 80","MACE BL",700,"E","N","2016-06-22",9280,"2014-10-15",1605,"015079",,"2","5","0","1",,"2","010","-","Y","YOL",3,80,"-","-",2.811,"R","2","E","Y",2,"A","-",22350,,"N","A","H","-","A","D","1","Y","D","22",0,0,2,0,0,0,0,0,0,"FR","-","DAVIS","YOLO","CA",-121.69128,38.55322
"6698703",-121.7791055,38.6411775,2014,"5700","5","2","4","08",0,1,"A",,,,,,1500,10,"E","J","A","COUNTY ROAD 25A","EAST ST",3696,"W","N","2014-12-08",9280,"2014-10-14",1232,"17763",,"1","9","0","3",,"2","002","-","N",,0,0,,,0,,,,"Y",1,"A","-",22107,,"N","A","H","-","A","D","0","Y","A","01",0,0,1,0,0,0,0,0,0,"-","-","UNINCORPORATED","YOLO","CA",-121.78041,38.64121
"6698695",-121.9713798,38.5865083,2014,"5700","5","2","3","08",0,1,"A",,,,,"Y",1800,10,"F","I","A","COUNTY ROAD 89","COUNTY ROAD 29A",875,"N","N","2014-12-08",9280,"2014-10-07",1630,"17883",,"2","9","0","3",,"2","003","-","N",,0,0,,,0,,,,"Y",1,"A","-",22107,,"N","A","H","-","A","D","0","Y","A","07",0,1,0,0,0,0,0,0,0,"-","-","UNINCORPORATED","YOLO","CA",-121.97146,38.58677
"6698687",-122.2929645,38.912159,2014,"5700","3","6","3","08",0,1,"A",,,,,,1200,10,"E","A","A","RT 16","RUMSEY CANYON RD",18480,"W","N","2016-07-05",9280,"2014-10-04",1105,"11706",,"1","9","0","1",,"2","034","-","Y","YOL",3,16,"-","-",2.98,"H","-","W","Y",1,"A","-",22107,,"N","A","H","-","A","D","0","Y","A","07",0,1,0,0,0,0,0,0,0,"-","-","UNINCORPORATED","YOLO","CA",-122.29499,38.91122
"6698683",-121.5349088,38.575305,2014,"5704","2","3","4","08",0,1,"A",,,,,,900,10,"B","C","A","RT 50","HARBOR BL",3432,"E","N","2016-06-29",9280,"2014-10-22",845,"11706",,"1","4","0","1",,"2","011","-","Y","YOL",3,50,"-","-",1.85,"H","-","W","Y",2,"A","-",22107,,"N","A","H","-","A","D","1","Y","A","01",0,0,1,0,0,0,0,0,0,"-","-","WEST SACRAMENTO","YOLO","CA",-121.53657,38.57526
"6698679",-121.7217957,38.7948441,2014,"5700","5","3","2","08",0,1,"A",,,"Y",,,1500,10,"B","E","A","HERSHEY ST","DANIEL ST",750,"N","N","2014-12-08",9280,"2014-10-08",1325,"16144",,"1","9","0","3",,"2","002","-","N",,0,0,,,0,,,,"N",2,"A","-",22107,,"N","A","H","-","A","D","0","Y","C","02",1,0,0,0,0,0,0,0,1,"-","-","UNINCORPORATED","YOLO","CA",-121.72196,38.79464
"6698676",-121.5752195,38.5747412,2014,"5704","1","5","4","03",0,1,"B",,,,,,1800,10,"C","C","A","RT 80","WEST CAPITOL",120,"N","N","2016-06-22",9280,"2014-10-17",1745,"15079",,"2","4","0","1",,"2","010","-","Y","YOL",3,80,"-","R",10.018,"H","-","W","Y",2,"A","-",22350,,"N","A","H","-","A","D","1","Y","A","01",0,0,1,0,0,0,0,0,0,"-","-","WEST SACRAMENTO","YOLO","CA",-121.56085,38.57927
"6698672",0,0,2014,"5700","5","1","4","09",0,1,"A",,,,,,1200,10,"D","C","A","COUNTY ROAD 100","COUNTY ROAD 89",0,,"Y","2014-12-19",9280,"2014-10-13",1133,"16632",,"1","9","0","3",,"2","003","-","N",,0,0,,,0,,,,"Y",2,"A","-",21802,"A","N","A","H","-","A","A","0","Y","D","22",0,0,1,0,0,0,0,0,0,"-","-","UNINCORPORATED","YOLO","CA",-121.97049,38.92546
"6698668",-121.8403431,38.561545,2014,"5700","3","5","4","05",0,1,"A",,,,,,1200,10,"C","C","A","COUNTY ROAD 31","COUNTY ROAD 96",0,,"Y","2014-11-19",9280,"2014-10-17",930,"17772",,"1","9","0","1",,"2","022","-","N",,0,0,,,0,,,,"Y",2,"A","-",21752,"D","N","A","H","-","A","D","0","Y","D","22",0,0,1,0,0,0,0,0,0,"-","-","UNINCORPORATED","YOLO","CA",-121.84034,38.56168
"6698664",-121.7009561,38.5513894,2014,"5701","1","7","3","01",0,1,"A",,,,,"Y",1800,10,"C","C","A","RT 80","MACE BL",2112,"W","N","2016-06-22",9280,"2014-10-19",1724,"15128",,"2","5","0","1",,"2","010","-","Y","YOL",3,80,"-","-",2.44,"H","-","E","Y",4,"A","-",23152,"A","N","A","H","-","A","D","1","Y","A","01",0,1,0,0,0,0,0,0,0,"-","-","DAVIS","YOLO","CA",-121.5123,38.3343
"6698660",-121.8262266,38.5615308,2014,"5700","5","5","3","08",0,1,"A",,,,,,2100,10,"E","I","A","COUNTY ROAD 31","COUNTY ROAD 97",1296,"W","N","2014-11-19",9280,"2014-10-03",2032,"16042",,"2","9","0","3",,"2","002","-","N",,0,0,,,0,,,,"Y",1,"A","-",22107,,"N","A","H","-","D","D","0","Y","A","01",0,1,0,0,0,0,0,0,0,"-","-","UNINCORPORATED","YOLO","CA",-121.82652,38.56151
"6698656",-121.6134692,38.5680098,2014,"5700","1","5","4","07",0,1,"A",,,"Y",,,1800,10,"B","C","A","RT 80","ENTERPRISE BL",10560,"W","N","2016-06-20",9280,"2014-10-03",1755,"17874",,"2","9","0","1",,"2","010","-","Y","YOL",3,80,"-","-",7.18,"H","-","W","Y",2,"A","-",21658,"A","N","A","H","-","A","A","1","Y","A","01",0,0,1,0,0,0,0,0,1,"-","-","UNINCORPORATED","YOLO","CA",-121.60143,38.57026
"6698648",-122.0175138,38.689249,2014,"5700","3","3","3","01",0,1,"A",,,"Y",,"Y",2100,10,"E","I","A","RT 16","YOLO AV",0,,"N","2016-07-05",9280,"2014-10-08",2013,"15128",,"2","9","0","1",,"2","034","-","Y","YOL",3,16,"-","-",28.266,"I","5","W","Y",1,"A","-",23152,"A","N","A","H","-","D","A","0","Y","C","03",0,1,0,0,0,0,0,0,1,"-","-","UNINCORPORATED","YOLO","CA",-122.13,38.412
"6698644",-121.8032532,38.5527843,2014,"5700","4","3","3","08",0,1,"A",,,,,,1200,10,"E","I","A","COUNTY ROAD 98","COUNTY ROAD 31",3168,"S","N","2014-11-19",9280,"2014-10-01",1120,"13837",,"1","9","0","2",,"2","025","-","N",,0,0,,,0,,,,"Y",1,"A","-",22107,,"N","A","H","-","A","D","0","Y","A","01",0,1,0,0,0,0,0,0,0,"-","-","UNINCORPORATED","YOLO","CA",-121.8032,38.55182
"6697120",-121.5308732,38.583015,2014,"5704","0","7","3","01",0,1,"B",,,,,"Y",1200,11,"E","I","A","WESTACRE RD","LAUREL LN",0,,"Y","2014-12-11",5704,"2014-11-02",1010,"00503",,"5","4","0","0",,"0","002","-","N",,0,0,,,0,,,,"Y",1,"A","-",23152,"B","N","A","H","-","A","D","0","Y","A","01",0,1,0,0,0,0,0,0,0,"-","-","WEST SACRAMENTO","YOLO","CA",0,0
"6697112",-121.5306631,38.5804551,2014,"5704","0","3","4","08",0,1,"A",,,"Y",,,1500,11,"E","I","A","WEST CAPITOL AV","WESTACRE RD",0,,"Y","2014-12-11",5704,"2014-11-05",1330,"00173","WSPD","5","4","0","0",,"0","002","-","N",,0,0,,,0,,,,"Y",1,"A","-",22107,,"N","A","H","-","A","A","0","Y","C","02",0,0,1,0,0,0,0,0,1,"-","-","WEST SACRAMENTO","YOLO","CA",0,0
"6697083",-121.5148682,38.5954251,2014,"5704","0","5","3","01",0,1,"A",,,,,"Y",1800,11,"E","J","A","LIGHTHOUSE DR","FOUNTAIN DR",10,"E","N","2015-07-09",5704,"2014-11-07",1711,"00160","5704","5","4","0","0",,"0","001","-","N",,0,0,,,0,,,,"Y",1,"A","-",23152,"B","N","A","H","-","C","A","0","Y","A","01",0,1,0,0,0,0,0,0,0,"-","-","WEST SACRAMENTO","YOLO","CA",0,0
"6697005",0,0,2014,"5701","0","5","4","12",0,1,"A",,"Y",,,,1500,10,"D","G","A","RUSSELL BL","ANDERSON RD",3,"N","N","2014-12-31",5701,"2014-10-17",1415,"116","2","5","5","0","0",,"0","001","-","N",,0,0,,,0,,,,"N",2,"A","-",21453,"A","N","A","H","-","A","A","0","Y","L","04",0,0,1,0,0,0,1,0,0,"-","-","DAVIS","YOLO","CA",-121.76059,38.54637
"6696081",-121.774633,38.6629251,2014,"5703","0","4","4","03",0,1,"A",,,,,,1200,10,"C","C","A","GIBSON RD","COLLEGE ST",80,"E","N","2015-06-08",5703,"2014-10-23",1021,"832","14","5","4","0","0",,"0","003","B","N",,0,0,,,0,,,,"N",2,"A","-",22350,,"N","A","H","-","A","A","0","Y","A","07",0,0,1,0,0,0,0,0,0,"-","-","WOODLAND","YOLO","CA",0,0
"6695712",-121.7655132,38.671945,2014,"5703","0","6","3","11",0,1,"A","Y",,,,,900,10,"A","B","D","EAST ST","CROSS ST",0,,"Y","2015-01-06",5703,"2014-10-18",846,"2838","12","5","4","0","0",,"0","001","-","N",,0,0,,,0,,,,"N",2,"A","-",21954,"A","N","A","H","-","A","A","0","Y","N","60",0,1,0,0,1,0,0,0,0,"-","-","WOODLAND","YOLO","CA",0,0
"6695711",-121.7934432,38.663095,2014,"5703","0","2","4","08",0,1,"A",,"Y",,,,900,10,"A","G","A","COTTONWOOD ST","WEST GIBSON RD",0,,"Y","2015-01-06",5703,"2014-10-21",817,"832","56","5","4","0","0",,"0","003","B","N",,0,0,,,0,,,,"N",2,"A","-",22107,,"N","A","H","-","A","A","0","Y","A","01",0,0,1,0,0,0,1,0,0,"-","-","WOODLAND","YOLO","CA",0,0
"6695710",0,0,2014,"5703","0","1","3","05",0,1,"A",,"Y",,,,1800,10,"A","G","A","PIONEER AV","EAST GIBSON RD",576,"S","N","2015-01-06",5703,"2014-10-06",1526,"832","55","5","4","0","0",,"0","004","-","N",,0,0,,,0,,,,"N",2,"A","-",21650,"1","N","A","H","-","A","A","0","Y","L","04",0,1,0,0,0,0,1,0,0,"-","-","WOODLAND","YOLO","CA",0,0
"6694352",0,0,2014,"5704","0","3","3","09",0,1,"B",,"Y",,,,900,10,"D","G","A","LAKE WASHINGTON BL","STONEGATE",601,"W","N","2015-01-05",5704,"2014-10-15",800,"00158","WSPD","5","4","0","0",,"0","003","C","N",,0,0,,,0,,,,"N",2,"A","-",21804,"A","N","B","H","-","A","A","0","Y","L","04",0,1,0,0,0,0,1,0,0,"-","-","WEST SACRAMENTO","YOLO","CA",0,0
"6694348",-121.5590636,38.5293818,2014,"5704","0","1","3","08",0,2,"A",,"Y",,,,1800,10,"C","G","A","JEFFERSON BL","DAVIS RD",1300,"S","N","2015-01-05",5704,"2014-10-13",1540,"00165",,"5","4","0","0",,"0","003","-","N",,0,0,,,0,,,,"N",3,"A","-",22107,,"N","A","C","-","A","D","0","Y","A","01",0,1,1,0,0,0,2,0,0,"-","-","WEST SACRAMENTO","YOLO","CA",0,0
"6691438",-121.7564721,38.6658101,2014,"5703","0","2","3","08",0,1,"A",,,,,,2400,10,"C","E","A","MATMOR RD","TOWSE DR",406,"N","N","2015-01-06",5703,"2014-10-14",2318,"2927","13","5","4","0","0",,"0","004","-","N",,0,0,,,0,,,,"Y",4,"A","-",22107,,"N","A","H","-","C","D","0","Y","A","01",0,1,0,0,0,0,0,0,0,"-","-","WOODLAND","YOLO","CA",0,0
"6691434",-121.7480146,38.6772855,2014,"5703","0","3","4","04",0,1,"A",,,,,"Y",1500,10,"C","C","A","EAST MAIN ST","PIONEER AV",283,"W","N","2015-01-06",5703,"2014-10-22",1314,"2863","41","5","4","0","0",,"0","001","-","N",,0,0,,,0,,,,"Y",4,"A","-",21703,,"N","A","H","-","A","A","0","Y","A","08",0,0,1,0,0,0,0,0,0,"-","-","WOODLAND","YOLO","CA",0,0
"6691349",-121.7839011,38.6885324,2014,"5703","0","1","4","03",0,2,"A",,,,,,900,10,"C","C","A","NORTH WEST ST","WOODLAND AV",50,"N","N","2015-06-03",5703,"2014-10-20",752,"832","64","5","4","0","0",,"0","002","-","N",,0,0,,,0,,,,"N",2,"A","-",22350,,"N","A","H","-","A","A","0","Y","A","07",0,0,2,0,0,0,0,0,0,"-","-","WOODLAND","YOLO","CA",0,0
"6691317",-121.7732931,38.667945,2014,"5703","0","4","4","09",0,1,"A",,,,,,1800,10,"D","C","A","1ST ST","MARSHALL AV",0,,"Y","2015-06-03",5703,"2014-10-16",1607,"2894","14","5","4","0","0",,"0","004","-","N",,0,0,,,0,,,,"N",2,"A","-",21800,"A","N","A","H","-","A","D","0","Y","A","01",0,0,1,0,0,0,0,0,0,"-","-","WOODLAND","YOLO","CA",0,0
"6691007",-121.7985158,38.6816084,2014,"5703","0","2","2","11",0,1,"A","Y",,,,,1500,10,"G","B","D","PORTER ST","ASHLEY AV",172,"W","N","2014-12-03",5703,"2014-10-14",1400,"2863","82","5","4","0","0",,"0","002","-","N",,0,0,,,0,,,,"N",2,"A","-",21954,"A","N","A","H","-","A","D","0","Y","N","60",1,0,0,0,1,0,0,0,0,"-","-","WOODLAND","YOLO","CA",0,0
"6691003",-121.7688931,38.686855,2014,"5703","0","2","4","09",0,3,"A",,,,,,1500,9,"D","C","A","HOLLISTER RD","E KEYSTONE AV",0,,"Y","2015-05-28",5703,"2014-09-16",1442,"2857","22","5","4","0","0",,"0","001","-","N",,0,0,,,0,,,,"N",2,"A","-",21800,"A","N","A","H","-","A","D","0","Y","A","01",0,0,3,0,0,0,0,0,0,"-","-","WOODLAND","YOLO","CA",0,0
"6690863",-121.5811938,38.5737843,2014,"5704","1","2","4","03",0,1,"A",,,,,,900,10,"C","C","A","RT 80","ENTERPRISE BL",528,"W","N","2016-06-20",9280,"2014-10-21",828,"017763",,"1","4","0","1",,"2","010","-","Y","YOL",3,80,"-","-",9.08,"H","-","W","Y",3,"A","-",22350,,"N","A","H","-","A","D","1","Y","A","01",0,0,1,0,0,0,0,0,0,"-","-","WEST SACRAMENTO","YOLO","CA",-121.57894,38.57415
"6689873",-121.7523225,38.6771803,2014,"5703","0","2","4","03",0,2,"A",,,,,,1800,9,"C","C","A","EAST MAIN ST","INDUSTRIAL AV",200,"E","N","2014-11-13",5703,"2014-09-23",1555,"2863","31","5","4","0","0",,"0","001","-","N",,0,0,,,0,,,,"N",3,"A","-",22350,,"N","A","H","-","A","A","0","Y","A","01",0,0,2,0,0,0,0,0,0,"-","-","WOODLAND","YOLO","CA",0,0
"6689799",-121.5512331,38.5930451,2014,"5704","1","1","3","03",0,1,"A",,,,,,1800,10,"C","C","A","RT 80","REED AV",22,"W","N","2016-06-22",9280,"2014-10-27",1609,"015485",,"2","4","0","1",,"2","010","-","Y","YOL",3,80,"-","R",11.22,"H","-","E","Y",4,"A","-",22350,,"N","A","H","-","A","D","1","Y","A","07",0,1,0,0,0,0,0,0,0,"-","-","WEST SACRAMENTO","YOLO","CA",-121.55193,38.59212
"6689798",-121.6322152,38.6732103,2014,"5700","1","5","4","03",0,1,"A",,,,,,1800,10,"C","C","A","RT 5","COUNTY ROAD 22",528,"N","N","2016-06-24",9280,"2014-10-24",1740,"016144",,"2","9","0","1",,"2","020","-","Y","YOL",3,5,"-","-",0.39,"H","-","S","Y",2,"A","-",22350,,"N","A","H","-","A","D","1","Y","D","22",0,0,1,0,0,0,0,0,0,"-","-","UNINCORPORATED","YOLO","CA",-121.64024,38.67333
"6689303",-121.5589782,38.5872917,2014,"5704","0","1","3","09",0,1,"A",,,"Y",,,1200,10,"D","C","A","STILLWATER RD","RIVERSIDE PKWY",900,"N","N","2014-11-18",5704,"2014-10-13",1155,"00165",,"5","4","0","0",,"0","001","-","N",,0,0,,,0,,,,"Y",2,"A","-",21801,"A","N","A","H","-","A","D","0","Y","A","08",0,1,0,0,0,0,0,0,1,"-","-","WEST SACRAMENTO","YOLO","CA",0,0
"6688324",-121.9778594,38.8903802,2014,"5700","1","3","3","07",0,1,"A",,,,"Y",,1800,10,"F","A","A","RT 5","COUNTY ROAD 4",2112,"S","N","2016-06-24",9280,"2014-10-22",1530,"016144",,"2","9","0","1",,"2","030","-","Y","YOL",3,5,"-","R",26.17,"H","-","S","Y",2,"A","-",21658,"A","F","A","H","-","A","D","1","Y","G","27",0,1,0,0,0,0,0,0,0,"-","-","UNINCORPORATED","YOLO","CA",-121.97753,38.88997
"6688323",0,0,2014,"5700","5","2","2","09",0,1,"A",,,,"Y",,1800,10,"D","C","A","COUNTY ROAD 2","COUNTY ROAD 29",0,,"Y","2016-02-18",9280,"2014-10-21",1533,"017883",,"2","9","0","3",,"2","002","-","N",,0,0,,,0,,,,"Y",2,"A","-",21802,"A","N","A","H","-","A","A","0","Y","G","25",1,0,0,0,0,0,0,0,0,"-","-","UNINCORPORATED","YOLO","CA",-121.7303,38.5888
"6688321",0,0,2014,"5700","5","2","3","09",0,1,"A",,,,"Y",,1500,10,"D","C","A","COUNTY ROAD 99W","COUNTY ROAD 13",0,,"Y","2014-11-13",9280,"2014-10-07",1440,"017883",,"2","9","0","3",,"2","003","-","N",,0,0,,,0,,,,"Y",2,"A","-",21802,"A","N","A","H","-","A","A","0","Y","D","22",0,1,0,0,0,0,0,0,0,"-","-","UNINCORPORATED","YOLO","CA",-121.87697,38.79415
"6686509",-121.7704421,38.5610846,2014,"5701","0","4","2","01",0,2,"A",,,,,"Y",1800,9,"A","C","A","JOHN JONES RD","WEST COVELL BL",40,"N","N","2014-11-21",5701,"2014-09-18",1513,"72","1","5","5","0","0",,"0","001","-","N",,0,0,,,0,,,,"Y",2,"A","-",23152,"A","N","A","H","-","A","D","0","Y","D","72",1,1,0,0,0,0,0,0,0,"-","-","DAVIS","YOLO","CA",-121.7749,38.55961
"6686505",-121.7418183,38.5514235,2014,"5701","0","1","4","03",0,1,"A",,,,,,1500,9,"C","C","A","E 8TH ST","F ST",75,"E","N","2014-11-18",5701,"2014-09-29",1312,"116","4","5","5","0","0",,"0","002","-","N",,0,0,,,0,,,,"N",2,"A","-",22350,,"N","A","H","-","A","A","0","Y","D","22",0,0,1,0,0,0,0,0,0,"-","-","DAVIS","YOLO","CA",0,0