"CASEID","POINT_X","POINT_Y","YEAR_","LOCATION","CHPTYPE","DAYWEEK","CRASHSEV","VIOLCAT","KILLED","INJURED","WEATHER1","PEDCOL","BICCOL","MCCOL","TRUCKCOL","ETOH","TIMECAT","MONTH_","CRASHTYP","INVOLVE","PED","PRIMARYRD","SECONDRD","DISTANCE","DIRECT","INTERSECT_","PROCDATE","JURIS","DATE_","TIME_","BADGE","JURIDIST","SHIFT","POP","SPECIAL","BEATTYPE","LAPDDIV","BEATCLAS","BEATNUMB","WEATHER2","STATEHW","CALTRANC","CALTRAND","STROUTE","ROUTESUF","POSTPRE","POSTMILE","LOCATYPE","RAMP","SIDEHW","TOWAWAY","PARTIES","PCF","VIOLCODE","VIOL","VIOLSUB","HITRUN","ROADSURF","RDCOND1","RDCOND2","LIGHTING","RIGHTWAY","CHPRDTYP","NOTPRIV","STFAULT","CHPFAULT","SEVINJ","OTHERINJ","COP","PEDKILL","PEDINJ","BICKILL","BICINJ","MCKILL","MCINJURE","RAMP1","RAMP2","CITY","COUNTY","STATE","X_CHP","Y_CHP"
"6530766",-121.5307476,38.5761753,2014,"5704","2","5","4","08",0,2,"A",,,,"Y",,1800,6,"B","C","A","RT 50","JEFFERSON BL",2112,"W","N","2016-02-18",9280,"2014-06-13",1520,"016632",,"2","4","0","1",,"2","011","-","Y","YOL",3,50,"-","-",2.08,"H","-","W","Y",2,"A","-",22107,,"N","A","H","-","A","D","1","Y","A","01",0,0,2,0,0,0,0,0,0,"-","-","WEST SACRAMENTO","YOLO","CA",-121.53077,38.57617
"6530723",-121.5522464,38.5749548,2014,"5704","2","5","3","08",0,1,"A",,,,,,900,6,"B","C","A","RT 50","HARBOR BL",528,"W","N","2016-02-18",9280,"2014-06-20",632,"16632",,"1","4","0","1",,"2","011","-","Y","YOL",3,50,"-","-",1.01,"H","-","E","Y",2,"A","-",22107,,"N","A","H","-","A","D","1","Y","A","01",0,1,0,0,0,0,0,0,0,"-","-","WEST SACRAMENTO","YOLO","CA",-121.55202,38.57503
"6527744",-121.7340832,38.547225,2014,"5701","0","2","3","18",0,1,"A",,"Y",,,,1200,4,"H","A","A","L ST","4TH ST",0,,"Y","2014-07-26",5701,"2014-04-29",1158,"100","5","5","5","0","0",,"0","002","-","N",,0,0,,,0,,,,"N",1,"C","-",0,,"N","A","H","-","A","D","0","Y","-","-",0,1,0,0,0,0,1,0,0,"-","-","DAVIS","YOLO","CA",0,0
"6526090",-121.7470232,38.6762816,2014,"5703","0","2","4","08",0,1,"A",,,,,,1500,5,"A","C","A","PIONEER AV","EAST MAIN ST",369,"S","N","2015-03-26",5703,"2014-05-27",1331,"2857","31","5","4","0","0",,"0","004","-","N",,0,0,,,0,,,,"N",3,"A","-",22107,,"N","A","H","-","A","D","0","Y","A","01",0,0,1,0,0,0,0,0,0,"-","-","WOODLAND","YOLO","CA",0,0
"6526024",-121.7448132,38.5607027,2014,"5701","0","5","3","03",0,1,"A",,,"Y",,,1500,1,"F","I","A","F ST","COVELL BL",30,"S","N","2014-06-21",5701,"2014-01-24",1235,"89","3","5","5","0","0",,"0","001","-","N",,0,0,,,0,,,,"N",1,"A","-",22350,,"N","A","H","-","A","D","0","Y","C","02",0,1,0,0,0,0,0,0,1,"-","-","DAVIS","YOLO","CA",0,0
"6524115",-121.5383572,38.5907938,2014,"5704","0","4","3","08",0,1,"A",,"Y",,,,1200,4,"D","G","A","SACRAMENTO AV","YOLO ST",100,"E","N","2014-07-17",5704,"2014-04-17",1130,"0109",,"5","4","0","0",,"0","001","-","N",,0,0,,,0,,,,"N",2,"A","-",22100,"A","N","A","H","-","A","D","0","Y","-",,0,1,0,0,0,0,1,0,0,"-","-","WEST SACRAMENTO","YOLO","CA",0,0
"6523766",-121.7617395,38.6773924,2014,"5703","0","2","4","03",0,1,"A",,,,,,1500,4,"C","C","A","W MAIN ST","JOHNSTON ST",61,"E","N","2015-09-23",5703,"2014-04-08",1210,"2842","21","5","4","0","0",,"0","000","-","N",,0,0,,,0,,,,"Y",2,"A","-",22350,,"N","A","H","-","A","D","0","Y","A","01",0,0,1,0,0,0,0,0,0,"-","-","WOODLAND","YOLO","CA",0,0
"6522187",-121.8024472,38.684914,2014,"5703","0","3","4","03",0,1,"A",,,,,,900,4,"C","C","A","WEST BEAMER RD","COUNTY ROAD 98",16,"E","N","2015-03-12",5703,"2014-04-09",845,"2857","82","5","4","0","0",,"0","002","-","N",,0,0,,,0,,,,"N",2,"A","-",22350,,"N","A","H","-","A","A","0","Y","A","01",0,0,1,0,0,0,0,0,0,"-","-","WOODLAND","YOLO","CA",0,0
"6522106",-121.7848681,38.6788613,2014,"5703","0","4","4","09",0,1,"A",,"Y",,,,1500,3,"H","G","A","W COURT ST","WEST ST",244,"W","N","2014-07-08",5703,"2014-03-27",1349,"2863","62","5","4","0","0",,"0","002","-","N",,0,0,,,0,,,,"N",2,"A","-",21804,"A","N","A","H","-","A","D","0","Y","A","07",0,0,1,0,0,0,1,0,0,"-","-","WOODLAND","YOLO","CA",0,0
"6521934",-121.7655932,38.668335,2014,"5703","0","3","4","12",0,2,"A",,,,,,1200,4,"D","C","A","EAST ST","E GUM AV",0,,"Y","2014-07-17",5703,"2014-04-23",933,"2863","13","5","4","0","0",,"0","001","-","N",,0,0,,,0,,,,"Y",2,"A","-",21453,"A","N","A","H","-","A","A","0","Y","A","01",0,0,2,0,0,0,0,0,0,"-","-","WOODLAND","YOLO","CA",0,0
"6521159",-121.7746682,38.6814103,2014,"5703","0","1","3","09",0,2,"C",,,,,,1500,3,"A","C","A","COLLEGE ST","ELLIOT ST",133,"N","N","2015-02-26",5703,"2014-03-31",1359,"832","22","5","4","0","0",,"0","002","-","N",,0,0,,,0,,,,"Y",2,"A","-",21804,"A","N","B","H","-","A","D","0","Y","A","01",0,1,1,0,0,0,0,0,0,"-","-","WOODLAND","YOLO","CA",0,0
"6517179",0,0,2014,"5700","5","7","4","08",0,1,"A",,,"Y",,,2100,6,"F","A","A","COUNTY ROAD 14","RT 505",2640,"E","N","2015-12-10",9280,"2014-06-08",1930,"15353",,"2","9","0","3",,"2","003","-","N",,0,0,,,0,,,,"Y",1,"A","-",22107,,"N","A","H","-","A","D","0","Y","C","02",0,0,1,0,0,0,0,0,1,"-","-","UNINCORPORATED","YOLO","CA",-121.93367,38.78214
"6517175",-121.7378662,38.673999,2014,"5703","1","7","3","08",0,1,"A",,,,,,1800,6,"F","A","A","RT 5","MAIN ST",2100,"S","N","2016-03-24",9280,"2014-06-15",1623,"17800",,"2","4","0","1",,"2","020","-","Y","YOL",3,5,"-","-",6.1,"H","-","N","Y",1,"A","-",22107,,"N","A","H","-","A","D","1","Y","A","07",0,1,0,0,0,0,0,0,0,"-","-","WOODLAND","YOLO","CA",-121.73942,38.67424
"6516073",-121.7407932,38.6744751,2014,"5703","0","4","4","12",0,1,"A",,,,,,1800,5,"D","C","A","EAST MAIN ST","RT 5",0,,"Y","2016-03-24",5703,"2014-05-22",1600,"2894","15","5","4","0","0",,"0","001","-","Y","YOL",3,5,"-","-",6.238,"R","4","N","Y",2,"A","-",21453,"A","N","A","H","-","A","A","0","Y","A","01",0,0,1,0,0,0,0,0,0,"-","NO","WOODLAND","YOLO","CA",0,0
"6515995",-121.7655932,38.668335,2014,"5703","0","5","3","12",0,1,"A",,"Y",,,,1500,6,"D","G","A","EAST ST","GUM AV",0,,"Y","2014-08-21",5703,"2014-06-13",1356,"832",,"5","4","0","0",,"0","001","-","N",,0,0,,,0,,,,"N",2,"A","-",21453,"A","N","A","H","-","A","A","0","Y","L","04",0,1,0,0,0,0,1,0,0,"-","-","WOODLAND","YOLO","CA",0,0
"6514784",-121.5267986,38.5895509,2014,"5704","0","4","4","05",0,1,"A",,"Y",,,,1500,6,"A","G","A","SACRAMENTO AV","JEFFERSON BL",10,"E","N","2014-08-11",5704,"2014-06-05",1437,"00142",,"5","4","0","0",,"0","001","-","N",,0,0,,,0,,,,"N",2,"A","-",21650,"1","N","A","H","-","A","A","0","Y","L","04",0,0,1,0,0,0,1,0,0,"-","-","WEST SACRAMENTO","YOLO","CA",0,0
"6512462",-121.6280014,38.6732151,2014,"5700","1","5","3","08",0,1,"B",,,,,,2100,5,"B","C","A","RT 5","OLD RIVER RD",124,"E","N","2016-03-24",9280,"2014-05-23",1815,"16292",,"2","9","0","1",,"2","020","-","Y","YOL",3,5,"-","-",0.13,"H","-","S","Y",4,"A","-",22107,,"N","A","H","-","A","D","1","Y","A","01",0,1,0,0,0,0,0,0,0,"-","-","UNINCORPORATED","YOLO","CA",-121.62819,38.67319
"6511072",-121.5295385,38.5760219,2014,"5704","2","4","4","03",0,1,"B",,,,,,2100,5,"C","C","A","RT 50","RT 84",42,"W","N","2016-02-18",9280,"2014-05-22",1850,"11706",,"2","4","0","1",,"2","011","-","Y","YOL",3,275,"-","-",11.844,"R","1","E","N",2,"A","-",22350,,"N","A","H","-","A","A","0","Y","A","01",0,0,1,0,0,0,0,0,0,"-","-","WEST SACRAMENTO","YOLO","CA",-121.52534,38.57664
"6511068",0,0,2014,"5700","5","1","4","18",0,1,"A",,,,,,600,5,"A","I","A","SOUTH RIVER RD","COUNTY ROAD 144",5808,"N","N","2014-08-04",9280,"2014-05-19",340,"16351",,"3","9","0","3",,"2","001","-","N",,0,0,,,0,,,,"Y",1,"C","-",0,,"N","A","B","C","D","D","0","Y","-","-",0,0,1,0,0,0,0,0,0,"-","-","UNINCORPORATED","YOLO","CA",-121.54218,38.34762
"6511048",-121.8586332,38.5906349,2014,"5700","5","6","2","12",0,1,"A",,"Y",,,,1500,5,"D","G","A","COUNTY ROAD 95","COUNTY ROAD 29",0,,"Y","2014-08-04",9280,"2014-05-24",1450,"17883",,"2","9","0","3",,"2","003","-","N",,0,0,,,0,,,,"N",2,"A","-",22450,"A","N","A","H","-","A","A","0","Y","L","04",1,0,0,0,0,0,1,0,0,"-","-","UNINCORPORATED","YOLO","CA",-121.85863,38.59066
"6509057",0,0,2014,"5700","5","6","3","08",0,1,"A",,"Y",,,,2100,5,"F","A","A","COUNTY ROAD 31","COUNTY ROAD 26",792,"W","N","2014-08-05",9280,"2014-05-17",1920,"16292",,"2","9","0","3",,"2","002","-","N",,0,0,,,0,,,,"N",1,"A","-",22107,,"N","A","H","-","B","D","0","Y","L","04",0,1,0,0,0,0,1,0,0,"-","-","UNINCORPORATED","YOLO","CA",-121.84552,38.56166
"6509001",-121.5472631,38.596285,2014,"5704","0","1","4","03",0,2,"A",,,,,,1800,5,"C","C","A","NORTH HARBOR BL","RIVERBANK RD",0,,"Y","2014-08-06",5704,"2014-05-19",1725,"165",,"5","4","0","0",,"0","001","-","N",,0,0,,,0,,,,"Y",3,"A","-",22350,,"N","A","H","-","A","D","0","Y","D","22",0,0,2,0,0,0,0,0,0,"-","-","WEST SACRAMENTO","YOLO","CA",0,0
"6508997",-121.5668304,38.5510327,2014,"5704","0","3","4","03",0,3,"A",,,,,,1800,5,"C","C","A","SOUTHPORT PKWY","CARLIN DR",30,"S","N","2014-08-07",5704,"2014-05-28",1700,"00165",,"5","4","0","0",,"0","003","-","N",,0,0,,,0,,,,"Y",2,"A","-",22350,,"N","A","H","-","A","A","0","Y","A","01",0,0,3,0,0,0,0,0,0,"-","-","WEST SACRAMENTO","YOLO","CA",0,0
"6508993",-121.5594771,38.5289389,2014,"5704","0","6","3","09",0,1,"A",,,,,,1500,5,"B","C","A","JEFFERSON BL","DAVIS RD",1500,"S","N","2014-08-07",5704,"2014-05-17",1315,"0108","5704","5","4","0","0",,"0","003","-","N",,0,0,,,0,,,,"Y",2,"A","-",21801,"A","N","A","H","-","A","D","0","Y","A","01",0,1,0,0,0,0,0,0,0,"-","-","WEST SACRAMENTO","YOLO","CA",0,0
"6508480",-121.6304208,38.6739063,2014,"5700","1","5","4","08",0,1,"A",,,,,,900,5,"E","I","A","OLD RIVER RD","RT 5",300,"N","N","2015-12-01",9280,"2014-05-30",830,"01772",,"1","9","0","1",,"2","020","-","N",,0,0,,,0,,,,"Y",1,"A","-",22107,,"N","A","H","-","A","D","0","Y","A","07",0,0,1,0,0,0,0,0,0,"-","-","UNINCORPORATED","YOLO","CA",-121.64068,38.67664
"6507005",-121.8024732,38.6921451,2014,"5700","1","5","4","21",0,1,"A",,,,,,2100,6,"D","C","A","COUNTY ROAD 20","RT 16",40,"W","N","2016-03-28",9280,"2014-06-06",1835,"017351",,"2","9","0","1",,"2","020","-","Y","YOL",3,16,"-","R",41.556,"I","6","W","N",2,"A","-",22106,,"N","A","H","-","A","D","0","Y","D","22",0,0,1,0,0,0,0,0,0,"-","-","UNINCORPORATED","YOLO","CA",-121.8028,38.69215
"6507001",-121.784964,38.6250005,2014,"5700","5","1","4","01",0,2,"A",,,,,"Y",2100,6,"B","C","A","COUNTY ROAD 99","MOELLER LN",100,"S","N","2014-08-08",9280,"2014-06-09",2045,"017800",,"2","9","0","3",,"2","002","-","N",,0,0,,,0,,,,"Y",2,"A","-",23152,"A","N","A","H","-","D","D","0","Y","A","01",0,0,2,0,0,0,0,0,0,"-","-","UNINCORPORATED","YOLO","CA",-121.78501,38.62636
"6506997",-121.7652932,38.7348351,2014,"5700","5","1","3","03",0,1,"A",,,"Y",,,900,6,"A","C","A","RT 113","COUNTY ROAD 17",35,"S","N","2016-03-28",9280,"2014-06-16",618,"017883",,"1","9","0","3",,"2","002","-","Y","YOL",3,113,"-","-",14.12,"I","5","N","Y",2,"A","-",22350,,"N","A","H","-","A","D","0","Y","C","02",0,1,0,0,0,0,0,0,1,"-","-","UNINCORPORATED","YOLO","CA",-121.71651,38.73466
"6506966",-121.8134759,38.6777407,2014,"5700","3","1","4","03",0,1,"A",,,,"Y",,900,6,"C","C","A","RT 16","COUNTY ROAD 98",3168,"W","N","2016-04-04",9280,"2014-06-09",740,"012272",,"1","9","0","1",,"1","024","-","Y","YOL",3,16,"-","-",39.97,"H","-","W","N",2,"A","-",22350,,"N","A","H","-","A","D","0","Y","A","07",0,0,1,0,0,0,0,0,0,"-","-","UNINCORPORATED","YOLO","CA",-121.8137,38.67769
"6506505",-121.7403932,38.551695,2014,"5701","0","5","4","09",0,1,"A",,"Y",,,,2100,4,"B","G","A","EAST 8TH ST","H ST",0,,"Y","2014-07-16",5701,"2014-04-25",2055,"114","4","5","5","0","0",,"0","002","-","N",,0,0,,,0,,,,"N",2,"A","-",21802,"A","N","B","H","-","C","A","0","Y","A","01",0,0,1,0,0,0,1,0,0,"-","-","DAVIS","YOLO","CA",0,0
"6501296",-121.5629331,38.551105,2014,"5704","0","2","4","09",0,2,"A",,,,,,1500,5,"D","C","A","RAMCO ST","CARLIN DR",0,,"Y","2014-07-28",5704,"2014-05-13",1435,"00161","5704","5","4","0","0",,"0","003","-","N",,0,0,,,0,,,,"N",2,"A","-",21802,"A","N","A","H","-","A","A","0","Y","A","01",0,0,2,0,0,0,0,0,0,"-","-","WEST SACRAMENTO","YOLO","CA",0,0
"6500425",-121.5175613,38.5725333,2014,"5700","2","5","4","03",0,1,"A",,,,,,1800,5,"C","C","A","RT 50","RT 84",2640,"E","N","2016-02-18",9280,"2014-05-16",1545,"11706",,"2","9","0","1",,"2","011","-","Y","YOL",3,50,"-","-",3,"H","-","E","Y",3,"A","-",22350,,"N","A","H","-","A","D","1","Y","A","01",0,0,1,0,0,0,0,0,0,"-","-","UNINCORPORATED","YOLO","CA",-121.5176,38.57256
"6498818",-121.9821379,38.8976978,2014,"5700","1","5","3","01",0,1,"A",,,,,"Y",1800,5,"C","C","A","RT 5","COUNTY ROAD 4",450,"N","N","2016-03-24",9280,"2014-05-23",1700,"016144",,"2","9","0","1",,"2","030","-","Y","YOL",3,5,"-","R",26.74,"H","-","S","Y",2,"A","-",23152,"A","N","A","H","-","A","D","1","Y","A","01",0,1,0,0,0,0,0,0,0,"-","-","UNINCORPORATED","YOLO","CA",-121.98133,38.89653
"6498806",-121.6783972,38.6733705,2014,"5700","1","5","4","08",0,1,"A",,,,"Y",,900,5,"E","I","A","RT 5","COUNTY ROAD 103",2,"S","N","2016-03-24",9280,"2014-05-30",620,"017772",,"1","9","0","1",,"2","020","-","Y","YOL",3,5,"-","-",2.79,"H","-","S","Y",1,"A","-",22107,,"N","A","H","-","A","D","1","Y","G","25",0,0,1,0,0,0,0,0,0,"-","-","UNINCORPORATED","YOLO","CA",-121.67743,38.6735
"6496942",-121.8029031,38.619625,2014,"5700","5","5","4","09",0,3,"A",,,,,,2100,5,"D","C","A","COUNTY ROAD 27","COUNTY ROAD 98",0,,"Y","2014-07-30",9280,"2014-05-09",1835,"016144",,"2","9","0","3",,"2","002","-","N",,0,0,,,0,,,,"Y",2,"A","-",21802,"A","N","A","B","H","A","A","0","Y","A","01",0,0,3,0,0,0,0,0,0,"-","-","UNINCORPORATED","YOLO","CA",-121.80283,38.61956
"6496931",-121.5575778,38.5841935,2014,"5704","1","4","4","03",0,1,"A",,,,,,1800,5,"C","C","A","RT 80","REED AV",2191,"W","N","2016-04-05",9280,"2014-05-15",1745,"017874",,"2","4","0","1",,"2","010","-","Y","YOL",3,80,"-","R",10.8,"H","-","W","Y",3,"A","-",22350,,"N","A","H","-","A","D","1","Y","A","01",0,0,1,0,0,0,0,0,0,"-","-","WEST SACRAMENTO","YOLO","CA",-121.55597,38.58656
"6496918",-121.8029031,38.619625,2014,"5700","5","3","3","09",0,1,"A",,,,,,1800,5,"D","C","A","COUNTY ROAD 98","COUNTY ROAD 27",0,,"Y","2014-07-30",9280,"2014-05-14",1505,"16292",,"2","9","0","3",,"2","002","-","N",,0,0,,,0,,,,"Y",2,"A","-",21802,"A","N","A","H","-","A","A","0","Y","A","01",0,1,0,0,0,0,0,0,0,"-","-","UNINCORPORATED","YOLO","CA",-121.80287,38.61928
"6496914",-121.6778211,38.556655,2014,"5701","1","5","2","07",0,2,"A",,,"Y",,,1800,5,"B","C","A","RT 80","MACE BL",4769,"E","N","2016-03-23",9280,"2014-05-16",1638,"017874",,"2","5","0","1",,"2","010","-","Y","YOL",3,80,"-","-",3.58,"H","-","E","Y",2,"A","-",21658,"A","N","A","H","-","A","D","1","Y","A","01",1,0,1,0,0,0,0,0,2,"-","-","DAVIS","YOLO","CA",-121.67847,38.55641
"6496906",-121.6774631,38.487385,2014,"5700","5","1","2","12",0,4,"A",,,,,,1800,5,"D","C","A","COUNTY ROAD 105","COUNTY ROAD 36",0,,"Y","2014-07-30",9280,"2014-05-12",1527,"017763",,"2","9","0","3",,"2","001","-","N",,0,0,,,0,,,,"Y",2,"A","-",22450,"A","N","A","H","-","A","A","0","Y","A","01",1,2,1,0,0,0,0,0,0,"-","-","UNINCORPORATED","YOLO","CA",-121.67741,38.48745
"6496902",-121.6492404,38.5614288,2014,"5700","1","4","3","07",0,1,"A",,,"Y",,,1800,5,"B","C","A","RT 80","WEBSTER",2640,"W","N","2016-03-23",9280,"2014-05-15",1745,"011706",,"2","9","0","1",,"2","010","-","Y","YOL",3,80,"-","-",5.28,"H","-","E","N",2,"A","-",21658,"A","F","A","H","-","A","D","1","Y","-","99",0,1,0,0,0,0,0,0,1,"-","-","UNINCORPORATED","YOLO","CA",-121.64833,38.56153
"6496897",-121.7694939,38.6823885,2014,"5703","0","2","3","01",0,1,"A",,,,,"Y",300,5,"C","E","A","CLOVER ST","4TH ST",63,"W","N","2014-07-30",5703,"2014-05-20",55,"2835",,"5","4","0","0",,"0","001","-","N",,0,0,,,0,,,,"Y",3,"A","-",23152,"A","N","A","H","-","C","A","0","Y","A","01",0,1,0,0,0,0,0,0,0,"-","-","WOODLAND","YOLO","CA",0,0
"6496882",-121.8545019,38.6776713,2014,"5700","3","6","3","08",0,1,"A",,,,,,2400,5,"E","I","A","RT 16","COUNTY ROAD 22",150,"W","N","2016-04-04",9280,"2014-05-03",2245,"016144",,"3","9","0","1",,"2","034","-","Y","YOL",3,16,"-","-",37.746,"I","6","W","Y",1,"A","-",22107,,"N","A","H","-","D","D","0","Y","A","01",0,1,0,0,0,0,0,0,0,"-","-","UNINCORPORATED","YOLO","CA",-121.85513,38.67794
"6494960",-121.7366332,38.548105,2014,"5701","0","5","3","09",0,4,"B",,,,,,1500,4,"D","D","A","5TH ST","J ST",0,,"Y","2014-07-21",5701,"2014-04-04",1313,"96","5","5","5","0","0",,"0","002","-","N",,0,0,,,0,,,,"Y",2,"A","-",21802,"A","N","A","H","-","A","A","0","Y","A","01",0,2,2,0,0,0,0,0,0,"-","-","DAVIS","YOLO","CA",0,0
"6494300",-121.7369967,38.6739735,2014,"5703","1","6","2","08",0,2,"A",,,,"Y",,600,5,"F","I","A","RT 5","COUNTY ROAD 102",2640,"N","N","2016-03-24",9280,"2014-05-03",452,"016929",,"3","4","0","1",,"2","020","-","Y","YOL",3,5,"-","-",6.06,"H","-","N","Y",1,"A","-",22107,,"N","A","H","-","D","D","1","Y","G","25",1,0,1,0,0,0,0,0,0,"-","-","WOODLAND","YOLO","CA",-121.73941,38.67414
"6494276",-121.5193884,38.5745256,2014,"5704","2","4","3","08",0,1,"A",,,,"Y",,900,5,"D","C","A","RT 50","YOLO/ SACRAMENTO CO LINE",2112,"W","N","2016-02-17",9280,"2014-05-15",653,"016632",,"1","4","0","1",,"2","011","-","Y","YOL",3,50,"-","-",2.76,"H","-","W","Y",2,"A","-",22107,,"N","A","H","-","A","D","1","Y","A","07",0,1,0,0,0,0,0,0,0,"-","-","WEST SACRAMENTO","YOLO","CA",-121.5218,38.57648
"6491588",-121.7516006,38.6773051,2014,"5703","0","4","4","03",0,1,"A",,,,,,1800,5,"C","C","A","EAST MAIN ST","RT 113",102,"W","N","2015-12-10",5703,"2014-05-08",1544,"2863","31","5","4","0","0",,"0","001","-","N",,0,0,,,0,,,,"N",3,"A","-",22350,,"M","A","H","-","A","A","0","Y","-","99",0,0,1,0,0,0,0,0,0,"-","-","WOODLAND","YOLO","CA",0,0
"6488779",-121.7680376,38.5440859,2014,"5701","0","5","4","17",0,1,"A",,"Y",,,,1800,4,"H","G","A","RUSSELL BL","RT 113",0,,"Y","2016-03-28",5701,"2014-04-11",1619,"114","1","5","5","0","0",,"0","001","-","Y","YOL",3,113,"-","R",0.924,"R","1","N","N",2,"A","-",21461,"A","N","A","H","-","A","A","0","Y","A","01",0,0,1,0,0,0,1,0,0,"-","NF","DAVIS","YOLO","CA",-121.76949,38.56715
"6487796",-121.5271907,38.5771055,2014,"5704","2","5","2","08",0,1,"A",,,,,,1800,5,"C","C","A","RT 50","RT 84",10560,"W","N","2016-02-18",9280,"2014-05-16",1708,"16929",,"2","4","0","1",,"2","011","-","Y","YOL",3,50,"-","-",2.28,"H","-","W","Y",2,"A","-",22107,,"M","A","H","-","A","D","1","Y","A","01",1,0,0,0,0,0,0,0,0,"-","-","WEST SACRAMENTO","YOLO","CA",-121.52935,38.57654
"6487757",-121.6539645,38.5608175,2014,"5700","1","6","2","03",0,1,"A",,,"Y",,,1800,5,"C","C","A","RT 80","WEBSTER RD",4224,"W","N","2016-03-23",9280,"2014-05-24",1655,"17763",,"2","9","0","1",,"2","010","-","Y","YOL",3,80,"-","-",4.98,"H","-","W","Y",2,"A","-",22350,,"N","A","H","-","A","D","1","Y","C","02",1,0,0,0,0,0,0,0,1,"-","-","UNINCORPORATED","YOLO","CA",-121.6534,38.56098
"6487753",-121.6661426,38.5589259,2014,"5700","1","7","3","08",0,2,"A",,,,,,2100,5,"E","I","A","RT 80","WEBSTER",7920,"W","N","2016-03-23",9280,"2014-05-18",1945,"15079",,"2","9","0","1",,"2","010","-","Y","YOL",3,80,"-","-",4.28,"H","-","E","Y",1,"A","-",22107,,"N","A","H","-","B","D","1","Y","A","01",0,1,1,0,0,0,0,0,0,"-","-","UNINCORPORATED","YOLO","CA",-121.66854,38.55852
"6487746",-121.6634067,38.5594853,2014,"5700","1","6","4","03",0,1,"A",,,,,,1800,5,"C","C","A","RT 80","MACE BL",9200,"E","N","2016-03-23",9280,"2014-05-24",1655,"15079",,"2","9","0","1",,"2","010","-","Y","YOL",3,80,"-","-",4.42,"H","-","W","Y",3,"A","-",22350,,"N","A","H","-","A","D","1","Y","A","01",0,0,1,0,0,0,0,0,0,"-","-","UNINCORPORATED","YOLO","CA",-121.66366,38.5594
"6487619",-121.5234912,38.5714613,2014,"5704","0","1","4","03",0,2,"A",,,,,,900,5,"E","I","A","JEFFERSON BL","15TH ST",50,"N","N","2014-08-06",5704,"2014-05-05",742,"00173","WSPD","5","4","0","0",,"0","002","-","N",,0,0,,,0,,,,"Y",1,"A","-",22350,,"N","A","H","-","A","A","0","Y","D","22",0,0,2,0,0,0,0,0,0,"-","-","WEST SACRAMENTO","YOLO","CA",0,0
"6484159",-121.7125059,38.6735976,2014,"5700","1","5","4","03",0,3,"A",,,,,,1800,5,"C","C","A","RT 5","COUNTY ROAD 103",1056,"N","N","2016-06-30",9280,"2014-05-09",1715,"16144",,"2","9","0","1",,"2","020","-","Y","YOL",3,5,"-","-",4.69,"H","-","S","Y",2,"A","-",22350,,"N","A","H","-","A","D","1","Y","D","22",0,0,3,0,0,0,0,0,0,"-","-","UNINCORPORATED","YOLO","CA",-121.67711,38.67349
"6484155",0,0,2014,"5700","5","2","4","08",0,1,"A",,,,"Y",,1200,5,"A","C","A","COUNTY ROAD 29","COUNTY ROAD 98",500,"W","N","2014-07-28",9280,"2014-05-06",945,"12272",,"1","9","0","3",,"2","002","-","N",,0,0,,,0,,,,"Y",2,"A","-",22107,,"N","A","H","-","A","A","0","Y","A","08",0,0,1,0,0,0,0,0,0,"-","-","UNINCORPORATED","YOLO","CA",-121.80415,38.59004
"6483732",-121.7762198,38.6895691,2014,"5703","0","5","4","05",0,1,"A",,,,,,900,4,"A","E","A","FREEMAN ST","EMERALD ST",217,"S","N","2014-07-16",5703,"2014-04-18",830,"2863","44","5","4","0","0",,"0","002","-","N",,0,0,,,0,,,,"Y",3,"A","-",21650,,"N","A","H","-","A","D","0","Y","A","01",0,0,1,0,0,0,0,0,0,"-","-","WOODLAND","YOLO","CA",0,0
"6483679",-121.7050999,38.5504526,2014,"5701","1","7","4","03",0,2,"A",,,,,,1800,5,"C","C","A","RT 80","MACE BL",2640,"W","N","2016-03-23",9280,"2014-05-11",1718,"17763",,"2","5","0","1",,"2","010","-","Y","YOL",3,80,"-","-",2.18,"H","-","E","Y",2,"A","-",22350,,"N","A","H","-","A","D","1","Y","A","01",0,0,2,0,0,0,0,0,0,"-","-","DAVIS","YOLO","CA",-121.70633,38.55009
"6483675",-121.5199044,38.5746596,2014,"5704","2","5","4","03",0,1,"A",,,,,,1800,5,"C","C","A","RT 50","SACRAMENTO/YOLO CO LINE",2112,"W","N","2016-02-18",9280,"2014-05-02",1506,"16632",,"2","4","0","1",,"2","011","-","Y","YOL",3,50,"-","-",2.76,"H","-","E","N",2,"A","-",22350,,"N","A","D","-","A","D","1","Y","A","08",0,0,1,0,0,0,0,0,0,"-","-","WEST SACRAMENTO","YOLO","CA",-121.51974,38.51429
"6483671",-121.8928282,38.7102203,2014,"5700","1","6","3","08",0,1,"A",,,,,,1800,5,"F","A","A","COUNTY ROAD 19","COUNTY ROAD 92C",2112,"E","N","2014-07-24",9280,"2014-05-03",1540,"16632",,"2","9","0","1",,"2","301","-","N",,0,0,,,0,,,,"Y",1,"A","-",22107,,"N","A","H","-","A","D","0","Y","A","07",0,1,0,0,0,0,0,0,0,"-","-","UNINCORPORATED","YOLO","CA",-121.89192,38.71014