"CASEID","POINT_X","POINT_Y","YEAR_","LOCATION","CHPTYPE","DAYWEEK","CRASHSEV","VIOLCAT","KILLED","INJURED","WEATHER1","PEDCOL","BICCOL","MCCOL","TRUCKCOL","ETOH","TIMECAT","MONTH_","CRASHTYP","INVOLVE","PED","PRIMARYRD","SECONDRD","DISTANCE","DIRECT","INTERSECT_","PROCDATE","JURIS","DATE_","TIME_","BADGE","JURIDIST","SHIFT","POP","SPECIAL","BEATTYPE","LAPDDIV","BEATCLAS","BEATNUMB","WEATHER2","STATEHW","CALTRANC","CALTRAND","STROUTE","ROUTESUF","POSTPRE","POSTMILE","LOCATYPE","RAMP","SIDEHW","TOWAWAY","PARTIES","PCF","VIOLCODE","VIOL","VIOLSUB","HITRUN","ROADSURF","RDCOND1","RDCOND2","LIGHTING","RIGHTWAY","CHPRDTYP","NOTPRIV","STFAULT","CHPFAULT","SEVINJ","OTHERINJ","COP","PEDKILL","PEDINJ","BICKILL","BICINJ","MCKILL","MCINJURE","RAMP1","RAMP2","CITY","COUNTY","STATE","X_CHP","Y_CHP"
"90290885",0,0,2016,"5701","1","7","3","03",0,1,"A",,,,,,1200,10,"C","C","A","I-80 W/B","MACE BOULEVARD",3000,"W","N","2016-10-13",9280,"2016-10-09",1030,"018276",,"1","5","0","1",,"2","010","-","Y",,0,0,,,0,,,,"Y",2,"A","-",22350,,"N","A","H","-","A","D","0","Y","A","07",0,1,0,0,0,0,0,0,0,"-","-","DAVIS","YOLO","CA",-121.42116,38.33023
"90291409",0,0,2016,"5700","3","6","4","05",0,1,"A",,,,,,1500,9,"C","C","A","SR-16 E/B","COUNTY ROAD 89 ",50,"W","N","2016-10-13",9280,"2016-09-24",1425,"012272",,"2","9","0","1",,"2","034","-","Y",,0,0,,,0,,,,"Y",6,"A","-",21650,,"F","A","H","-","A","A","0","Y","A","01",0,0,1,0,0,0,0,0,0,"-","-","UNINCORPORATED","YOLO","CA",-121.9676,36.6818
"90291470",-121.7504087,38.7348551,2016,"5700","5","3","4","09",0,3,"A",,,,,,900,9,"D","C","A","COUNTY ROAD 17 ","COUNTY ROAD 101 ",7,"E","N","2016-10-13",9280,"2016-09-28",825,"017964",,"1","9","0","3",,"2","002","-","N",,0,0,,,0,,,,"Y",2,"A","-",21801,"A","N","A","H","-","A","A","0","Y","A","08",0,0,3,0,0,0,0,0,0,"-","-","UNINCORPORATED","YOLO","CA",-121.75018,38.73489
"90291542",0,0,2016,"5704","1","4","3","03",0,2,"A",,,,,,1200,10,"C","C","A","I-80 W/B","REED AVE",1848,"W","N","2016-10-13",9280,"2016-10-06",1133,"015534",,"1","4","0","1",,"2","010","-","Y",,0,0,,,0,,,,"Y",3,"A","-",22350,,"N","A","H","-","A","D","0","Y","A","07",0,1,1,0,0,0,0,0,0,"-","-","WEST SACRAMENTO","YOLO","CA",-121.55641,38.58591
"90291561",-121.8401093,38.619676,2016,"5700","1","6","3","01",0,1,"A",,,,,"Y",600,9,"E","J","A","COUNTY ROAD 27 ","COUNTY ROAD 96 ",36,"W","N","2016-10-13",9280,"2016-09-24",300,"017351",,"3","9","0","1",,"2","020","-","N",,0,0,,,0,,,,"Y",1,"A","-",23152,"A","N","A","H","-","D","D","0","Y","D","22",0,1,0,0,0,0,0,0,0,"-","-","UNINCORPORATED","YOLO","CA",0,0
"90294136",0,0,2016,"5700","1","5","3","03",0,1,"A",,,,"Y",,2400,10,"C","C","A","I-5 S/B","COUNTY ROAD 102 ",528,"S","N","2016-10-18",9280,"2016-10-07",2155,"016144",,"2","9","0","1",,"2","020","-","Y",,0,0,,,0,,,,"Y",2,"A","-",22350,,"N","A","H","-","A","D","0","Y","A","01",0,1,0,0,0,0,0,0,0,"-","-","UNINCORPORATED","YOLO","CA",-121.72667,38.67361
"90294159",0,0,2016,"5701","1","5","4","03",0,1,"C",,,,,,1500,10,"C","C","A","I-80 E/B","MACE BLVD",3696,"E","N","2016-10-18",9280,"2016-10-14",1355,"016042",,"1","5","0","1",,"2","010","-","Y",,0,0,,,0,,,,"Y",2,"A","-",22350,,"N","B","H","-","A","D","0","Y","A","01",0,0,1,0,0,0,0,0,0,"-","-","DAVIS","YOLO","CA",-121.67614,38.557
"90294351",-121.8030932,38.5899001,2016,"5700","5","5","4","03",0,1,"A",,,,,,1200,10,"C","C","A","CR-98","CR-29",20,"S","N","2016-10-18",9280,"2016-10-14",1030,"015128",,"1","9","0","3",,"2","002","-","N",,0,0,,,0,,,,"Y",2,"A","-",22350,,"N","A","H","-","A","A","0","Y","A","07",0,0,1,0,0,0,0,0,0,"-","-","UNINCORPORATED","YOLO","CA",-121.8031,38.5898
"90294725",0,0,2016,"5700","1","1","3","03",0,1,"A",,,,,,1500,10,"C","C","A","I-80 W/B","WEBSTER ST",5280,"E","N","2016-10-18",9280,"2016-10-10",1449,"016351",,"2","9","0","1",,"2","010","-","Y",,0,0,,,0,,,,"Y",3,"A","-",22350,,"N","A","H","-","A","D","0","Y","A","01",0,1,0,0,0,0,0,0,0,"-","-","UNINCORPORATED","YOLO","CA",-121.62391,38.56606
"90296188",-121.5817291,38.4720117,2016,"5700","3","7","3","01",0,1,"A",,,,,"Y",2100,10,"E","I","A","JEFFERSON BLVD","BABEL SLOUGH RD",9240,"N","N","2016-10-19",9280,"2016-10-09",1955,"018874",,"2","9","0","1",,"2","013","-","Y",,0,0,,,0,,,,"Y",1,"A","-",23152,"A","N","A","H","-","D","D","0","Y","A","01",0,1,0,0,0,0,0,0,0,"-","-","UNINCORPORATED","YOLO","CA",-121.34492,38.28256
"90296213",0,0,2016,"5700","1","2","4","08",0,1,"A",,,,,,600,10,"F","I","A","INTERSTATE 5","OAT CREEK ",528,"S","N","2016-11-29",9280,"2016-10-18",345,"015353",,"3","9","0","1",,"2","030","-","Y",,0,0,,,0,,,,"Y",1,"A","-",22107,,"N","A","H","-","D","D","0","Y","A","01",0,0,1,0,0,0,0,0,0,"-","-","UNINCORPORATED","YOLO","CA",-121.92902,38.83786
"90299686",0,0,2016,"5700","1","5","1","08",1,0,"A",,,,,,1200,6,"E","I","A","I-5 S/B","COUNTY LINE ROAD",140,"S","N","2016-10-24",9280,"2016-06-03",908,"017629",,"1","9","0","1",,"2","020","-","Y",,0,0,,,0,,,,"Y",1,"A","-",22107,,"N","A","H","-","A","D","0","Y","A","01",0,0,0,0,0,0,0,0,0,"-","-","UNINCORPORATED","YOLO","CA",-121.99858,38.92285
"90299707",0,0,2016,"5701","1","7","3","08",0,1,"B",,,,,"Y",1200,10,"E","I","A","I-80 W/B","WEBSTER STREET",2112,"W","N","2016-10-24",9280,"2016-10-16",1053,"018276",,"1","5","0","1",,"2","010","C","Y",,0,0,,,0,,,,"Y",1,"A","-",22107,,"N","B","H","-","A","D","0","Y","D","22",0,1,0,0,0,0,0,0,0,"-","-","DAVIS","YOLO","CA",-121.38479,38.33432
"90299757",-121.9543656,38.8672663,2016,"5700","5","7","4","08",0,1,"A",,,,,,1800,10,"E","J","A","COUNTY ROAD 99W ","ROAD 7 ",10,"N","N","2016-10-24",9280,"2016-10-23",1520,"018276",,"2","9","0","3",,"2","003","-","N",,0,0,,,0,,,,"Y",1,"A","-",22107,,"N","A","H","-","A","D","0","Y","A","01",0,0,1,0,0,0,0,0,0,"-","-","UNINCORPORATED","YOLO","CA",-121.95391,38.86688
"90299810",0,0,2016,"5700","1","1","2","03",0,1,"A",,,,"Y",,600,10,"C","C","A","INTERSTATE 5","COUNTY ROAD 124 ",4064,"W","N","2016-10-24",9280,"2016-10-03",506,"015353",,"3","9","0","1",,"2","020","-","Y",,0,0,,,0,,,,"Y",2,"A","-",22350,,"N","A","H","-","D","D","0","Y","G","27",1,0,0,0,0,0,0,0,0,"-","-","UNINCORPORATED","YOLO","CA",-121.64202,38.67339
"90299821",-122.0174231,38.695545,2016,"5700","3","7","3","10",0,1,"C","Y",,,,,2100,10,"G","B","E","YOLO AVENUE","WOODLAND AVENUE",0,,"Y","2016-10-24",9280,"2016-10-16",1910,"017351",,"2","9","0","1",,"2","034","-","Y",,0,0,,,0,,,,"N",2,"A","-",21950,"A","N","B","H","-","C","D","0","Y","A","08",0,1,0,0,1,0,0,0,0,"-","-","UNINCORPORATED","YOLO","CA",-122.01617,38.69955
"90299841",-121.9521133,38.6755561,2016,"5700","1","1","4","08",0,1,"B",,,,,,900,10,"E","I","A","I-505 SB","SR-16",1478,"S","N","2016-10-24",9280,"2016-10-17",610,"012272",,"1","9","0","1",,"2","031","-","Y",,0,0,,,0,,,,"Y",1,"A","-",22107,,"N","B","H","-","C","A","0","Y","D","22",0,0,1,0,0,0,0,0,0,"-","-","UNINCORPORATED","YOLO","CA",-121.9521,38.6759
"90300283",0,0,2016,"5704","1","7","4","03",0,1,"A",,,,,,1500,10,"C","C","A","I-80 W/B","REED AVE",3960,"W","N","2016-10-25",9280,"2016-10-02",1430,"017963",,"2","4","0","1",,"2","010","B","Y",,0,0,,,0,,,,"Y",3,"A","-",22350,,"N","A","H","-","A","D","0","Y","A","01",0,0,1,0,0,0,0,0,0,"-","-","WEST SACRAMENTO","YOLO","CA",-121.55856,38.58256
"90300756",-121.8586332,38.5906349,2016,"5700","5","5","3","09",0,3,"A",,,,,,1800,10,"D","C","A","COUNTY ROAD 95 ","COUNTY ROAD 29 ",0,,"Y","2016-10-25",9280,"2016-10-21",1530,"016428",,"2","9","0","3",,"2","002","-","N",,0,0,,,0,,,,"Y",2,"A","-",21802,"A","N","A","H","-","A","A","0","Y","A","01",0,1,2,0,0,0,0,0,0,"-","-","UNINCORPORATED","YOLO","CA",-121.85864,38.59071
"90300766",0,0,2016,"5701","1","2","2","03",0,1,"A",,,"Y",,,1500,10,"B","C","A","I-80 E/B","MACE BLVD",5722,"W","N","2016-10-25",9280,"2016-10-18",1456,"018874",,"2","5","0","1",,"2","010","-","Y",,0,0,,,0,,,,"Y",2,"A","-",22350,,"N","A","H","-","A","D","0","Y","C","02",1,0,0,0,0,0,0,0,1,"-","-","DAVIS","YOLO","CA",-121.71909,38.54717
"90301317",0,0,2016,"5700","3","1","4","03",0,1,"B",,,,,,1800,10,"C","C","A","SR-16","COUNTY ROAD 85 ",12,"W","N","2016-10-26",9280,"2016-10-24",1520,"018874",,"2","9","0","1",,"2","034","-","Y",,0,0,,,0,,,,"Y",2,"A","-",22350,,"N","A","H","-","A","D","0","Y","D","22",0,0,1,0,0,0,0,0,0,"-","-","UNINCORPORATED","YOLO","CA",-122.04855,38.70729
"90301332",0,0,2016,"5704","1","5","4","03",0,2,"A",,,,,,1800,10,"C","C","A","I-80 W/B","REED AVE",2640,"W","N","2016-10-26",9280,"2016-10-14",1558,"015128",,"2","4","0","1",,"2","010","-","Y",,0,0,,,0,,,,"Y",3,"A","-",22350,,"N","A","H","-","A","D","0","Y","A","01",0,0,2,0,0,0,0,0,0,"-","-","WEST SACRAMENTO","YOLO","CA",-121.5566,38.5855
"90301478",0,0,2016,"5700","1","2","4","03",0,1,"B",,,,,,900,10,"C","C","A","I-80 E/B","COUNTY ROAD 32B ",500,"W","N","2016-10-26",9280,"2016-10-25",640,"017963",,"1","9","0","1",,"2","010","C","Y",,0,0,,,0,,,,"Y",2,"A","-",22350,,"N","B","H","-","D","D","0","Y","A","01",0,0,1,0,0,0,0,0,0,"-","-","UNINCORPORATED","YOLO","CA",-121.64024,38.56307
"90307523",0,0,2016,"5701","1","1","3","03",0,2,"A",,,,,,1800,9,"C","C","A","I-80 E/B","RICHARDS BLVD.",528,"W","N","2016-10-31",9280,"2016-09-19",1640,"016292",,"2","5","0","1",,"2","010","-","Y",,0,0,,,0,,,,"Y",4,"A","-",22350,,"N","A","H","-","A","D","0","Y","A","01",0,1,1,0,0,0,0,0,0,"-","-","DAVIS","YOLO","CA",-121.73729,38.53844
"90308170",0,0,2016,"5700","1","3","4","03",0,2,"A",,,,,,2100,10,"C","C","A","INTERSTATE 505 S/B","COUNTY ROAD 29A ",8448,"S","N","2016-11-01",9280,"2016-10-26",1915,"018205",,"2","9","0","1",,"2","031","-","Y",,0,0,,,0,,,,"Y",2,"A","-",22350,,"N","A","H","-","D","D","0","Y","A","01",0,0,2,0,0,0,0,0,0,"-","-","UNINCORPORATED","YOLO","CA",-121.95331,38.55766
"90308198",0,0,2016,"5700","2","5","4","08",0,1,"C",,,,,,600,10,"E","I","A","US-50 E/B","HARBOR BLVD.",1584,"W","N","2016-11-01",9280,"2016-10-28",335,"016144",,"3","9","0","1",,"2","011","-","Y",,0,0,,,0,,,,"Y",1,"A","-",22107,,"N","B","H","-","D","D","0","Y","A","01",0,0,1,0,0,0,0,0,0,"-","-","UNINCORPORATED","YOLO","CA",-121.55557,38.5749
"90308252",0,0,2016,"5700","3","3","4","03",0,1,"A",,,,,,2400,10,"C","C","A","SR-16","COUNTY ROAD 89 ",0,,"Y","2016-11-01",9280,"2016-10-26",2130,"018205",,"2","9","0","1",,"2","034","-","Y",,0,0,,,0,,,,"Y",2,"A","-",22350,,"N","A","H","-","C","A","0","Y","A","01",0,0,1,0,0,0,0,0,0,"-","-","UNINCORPORATED","YOLO","CA",-121.96798,38.68166
"90308529",0,0,2016,"5700","5","7","3","03",0,1,"A",,,,,,1800,10,"C","C","A","COUNTY ROAD 99W ","COUNTY ROAD 89B",100,"N","N","2016-11-01",9280,"2016-10-23",1552,"015079",,"2","9","0","3",,"2","003","-","N",,0,0,,,0,,,,"N",2,"A","-",22350,,"N","A","H","-","A","D","0","Y","D","22",0,1,0,0,0,0,0,0,0,"-","-","UNINCORPORATED","YOLO","CA",-121.5717,38.524
"90308534",0,0,2016,"5700","3","3","4","08",0,1,"A",,,,,,1200,10,"H","I","A","SR-16","GRAVEL PLANT RD",528,"E","N","2016-11-01",9280,"2016-10-26",955,"015128",,"1","9","0","1",,"1","024","-","Y",,0,0,,,0,,,,"Y",2,"A","-",22107,,"N","A","H","-","A","D","0","Y","A","01",0,0,1,0,0,0,0,0,0,"-","-","UNINCORPORATED","YOLO","CA",-121.9434,38.6784
"90308544",-122.0782709,38.5148903,2016,"5700","3","5","3","08",0,1,"A",,,,,,900,10,"E","I","A","SR-128","PLEASANTS VALLEY RD",19008,"W","N","2016-11-01",9280,"2016-10-28",850,"015128",,"1","9","0","1",,"2","032","-","Y",,0,0,,,0,,,,"Y",1,"A","-",22107,,"N","A","H","-","A","A","0","Y","D","22",0,1,0,0,0,0,0,0,0,"-","-","UNINCORPORATED","YOLO","CA",-121.0796,38.515
"90310242",-121.7279939,38.7088932,2016,"5700","5","4","2","05",0,1,"A",,,,,,1200,10,"C","C","A","COUNTY ROAD 102 ","COUNTY ROAD 18C ",48,"S","N","2016-11-03",9280,"2016-10-13",906,"015128",,"1","9","0","3",,"2","002","-","Y",,0,0,,,0,,,,"Y",2,"A","-",21460,"C","N","A","H","-","A","D","0","Y","A","01",1,0,0,0,0,0,0,0,0,"-","-","UNINCORPORATED","YOLO","CA",-121.7279,38.7089
"90312629",-121.5305658,38.5762253,2016,"5704","2","7","4","08",0,1,"B",,,,,,1800,11,"E","I","A","US-50 EB","JEFFERSON BLVD",1584,"W","N","2016-11-07",9280,"2016-11-06",1500,"012272",,"2","4","0","1",,"2","011","-","Y",,0,0,,,0,,,,"Y",1,"A","-",22107,,"N","A","H","-","A","D","0","Y","A","01",0,0,1,0,0,0,0,0,0,"-","-","WEST SACRAMENTO","YOLO","CA",-121.5324,38.5753
"90312835",-121.8954032,38.6231909,2016,"5700","5","3","3","01",0,1,"A",,,,,"Y",1800,10,"F","I","A","COUNTY ROAD 93 ","COUNTY ROAD 27 ",1200,"N","N","2016-11-07",9280,"2016-10-26",1745,"016042",,"2","9","0","3",,"2","003","-","N",,0,0,,,0,,,,"Y",1,"A","-",23152,"A","N","A","H","-","A","D","0","Y","A","07",0,1,0,0,0,0,0,0,0,"-","-","UNINCORPORATED","YOLO","CA",-121.89548,38.62415
"90313116",0,0,2016,"5700","1","5","4","03",0,4,"A",,,,,,1800,10,"C","C","A","I-5 S/B","BYPASS",500,"N","N","2016-11-07",9280,"2016-10-21",1525,"016042",,"2","9","0","1",,"2","020","-","Y",,0,0,,,0,,,,"N",7,"A","-",22350,,"N","A","H","-","A","D","0","Y","A","01",0,0,4,0,0,0,0,0,0,"-","-","UNINCORPORATED","YOLO","CA",-121.67873,38.67344
"90313256",-121.8707132,38.669665,2016,"5700","3","4","4","03",0,2,"A",,,,,,900,11,"C","C","A","SR-16","CR-94B",0,,"N","2016-11-07",9280,"2016-11-03",835,"015128",,"1","9","0","1",,"1","024","-","Y",,0,0,,,0,,,,"Y",3,"A","-",22350,,"N","A","H","-","A","D","0","Y","A","01",0,0,2,0,0,0,0,0,0,"-","-","UNINCORPORATED","YOLO","CA",-121.87955,38.6693
"90313333",0,0,2016,"5700","1","5","4","03",0,1,"A",,,,,,2100,11,"C","C","A","I-80 E/B","WEBSTER UNDER CROSSING",2640,"W","N","2016-11-07",9280,"2016-11-04",1925,"016214",,"2","9","0","1",,"2","010","-","Y",,0,0,,,0,,,,"N",2,"A","-",22350,,"N","A","H","-","D","D","0","Y","A","01",0,0,1,0,0,0,0,0,0,"-","-","UNINCORPORATED","YOLO","CA",-121.66825,38.55797
"90316168",0,0,2016,"5700","4","7","4","03",0,2,"B",,,,,,1800,10,"C","C","A","COUNTY ROAD 98 ","HUTCHINSON DR",120,"N","N","2016-11-10",9280,"2016-10-30",1712,"016929",,"2","9","0","2",,"2","025","-","N",,0,0,,,0,,,,"N",2,"A","-",22350,,"N","A","H","-","A","D","0","Y","D","22",0,0,2,0,0,0,0,0,0,"-","-","UNINCORPORATED","YOLO","CA",-121.80331,38.54013
"90316198",0,0,2016,"5700","5","7","4","03",0,1,"A",,,,,,300,11,"C","C","A","SR-16","14455 SR 16 (WINNERS CIR. EAST ENTRANCE)",0,,"Y","2016-11-10",9280,"2016-11-06",130,"017772",,"3","9","0","3",,"2","003","-","Y",,0,0,,,0,,,,"Y",2,"A","-",22350,,"N","A","H","-","D","D","0","Y","A","01",0,0,1,0,0,0,0,0,0,"-","-","UNINCORPORATED","YOLO","CA",-122.14247,38.73016
"90316242",0,0,2016,"5700","1","7","4","03",0,1,"A",,,,,"Y",600,10,"C","C","A","I-80 E/B","ENTERPRISE BLVD",5280,"W","N","2016-11-10",9280,"2016-10-30",410,"016144",,"3","9","0","1",,"2","010","-","Y",,0,0,,,0,,,,"Y",2,"A","-",22350,,"N","A","H","-","D","D","0","Y","A","01",0,0,1,0,0,0,0,0,0,"-","-","UNINCORPORATED","YOLO","CA",-121.59654,38.5709
"90316280",0,0,2016,"5700","5","2","3","08",0,1,"A",,,,,,1200,11,"E","I","A","SR-113 S/B","BEST RANCH RD",765,"N","N","2016-11-10",9280,"2016-11-01",1125,"017883",,"1","9","0","3",,"2","002","-","Y",,0,0,,,0,,,,"Y",1,"A","-",22107,,"N","A","H","-","A","D","0","Y","A","01",0,1,0,0,0,0,0,0,0,"-","-","UNINCORPORATED","YOLO","CA",-121.76461,38.71914
"90316338",0,0,2016,"5700","5","3","2","08",0,1,"A",,,,,,900,11,"E","I","A","STATE ROUTE 16","COUNTY ROAD 45",901,"E","N","2016-11-10",9280,"2016-11-02",600,"017883",,"1","9","0","3",,"2","003","-","Y",,0,0,,,0,,,,"Y",1,"A","-",22107,,"N","A","H","-","D","D","0","Y","D","22",1,0,0,0,0,0,0,0,0,"-","-","UNINCORPORATED","YOLO","CA",-121.20202,38.84172
"90316410",0,0,2016,"5700","5","4","3","09",0,3,"A",,,,,,900,11,"D","C","A","STATE ROUTE 16 ","PUHKUM RD.",0,,"Y","2016-11-10",9280,"2016-11-03",818,"017883",,"1","9","0","3",,"2","003","-","Y",,0,0,,,0,,,,"Y",2,"A","-",21802,"A","N","A","H","-","A","A","0","Y","A","01",0,1,2,0,0,0,0,0,0,"-","-","UNINCORPORATED","YOLO","CA",-121.15717,38.75871
"90318658",0,0,2016,"5700","1","3","3","01",0,1,"A",,,,,,1800,10,"B","C","A","I-5 N/B","COUNTY ROAD 103 ",5280,"S","N","2016-11-14",9280,"2016-10-19",1700,"016292",,"2","9","0","1",,"2","020","-","Y",,0,0,,,0,,,,"Y",2,"A","-",23152,"A","N","A","H","-","A","D","0","Y","A","07",0,1,0,0,0,0,0,0,0,"-","-","UNINCORPORATED","YOLO","CA",-121.69098,38.67374
"90318795",0,0,2016,"5700","2","4","3","03",0,4,"A",,,,,,2100,11,"C","C","A","US-50 W/B","HARBOR BLVD.",1056,"W","N","2016-11-14",9280,"2016-11-10",1815,"016144",,"2","9","0","1",,"2","011","-","Y",,0,0,,,0,,,,"Y",2,"A","-",22350,,"N","A","H","-","C","D","0","Y","A","08",0,1,3,0,0,0,0,0,0,"-","-","UNINCORPORATED","YOLO","CA",-121.55185,38.57506
"90320272",0,0,2016,"5704","1","3","4","03",0,1,"A",,,,,,900,11,"C","C","A","I-80 W/B","US-50",50,"N","N","2016-11-15",9280,"2016-11-09",745,"017964",,"1","4","0","1",,"2","010","-","Y",,0,0,,,0,,,,"N",3,"A","-",22350,,"N","A","H","-","A","A","0","Y","D","22",0,0,1,0,0,0,0,0,0,"-","-","WEST SACRAMENTO","YOLO","CA",-121.56601,38.57586
"90320437",-121.8642606,38.6729299,2016,"5700","3","6","4","08",0,1,"A",,,,,,2400,11,"E","I","A","SR-16","COUNTY ROAD 95 ",2112,"W","N","2016-11-16",9280,"2016-11-05",2128,"016929",,"2","9","0","1",,"2","034","-","Y",,0,0,,,0,,,,"N",1,"A","-",22107,,"N","A","H","-","D","D","0","Y","A","01",0,0,1,0,0,0,0,0,0,"-","-","UNINCORPORATED","YOLO","CA",-121.86369,38.67329
"90320525",0,0,2016,"5700","5","7","3","08",0,1,"B",,,,,,1500,11,"F","A","A","COUNTY ROAD 99W ","COUNTY ROAD 12A ",750,"S","N","2016-11-16",9280,"2016-11-06",1440,"017963",,"2","9","0","3",,"2","003","-","N",,0,0,,,0,,,,"Y",1,"A","-",22107,,"N","A","H","-","A","D","0","Y","D","22",0,1,0,0,0,0,0,0,0,"-","-","UNINCORPORATED","YOLO","CA",-121.89119,38.80733
"90320735",-121.8211636,38.7498871,2016,"5700","3","3","1","08",1,3,"A",,,,,,1800,9,"A","C","A","STATE ROUTE 16","COUNTY ROAD 97 ",36,"W","N","2016-11-16",9280,"2016-09-28",1650,"017351",,"2","9","0","1",,"1","024","-","Y",,0,0,,,0,,,,"Y",2,"A","-",22107,,"N","A","H","-","A","D","0","Y","A","08",1,1,1,0,0,0,0,0,0,"-","-","UNINCORPORATED","YOLO","CA",-121.82128,38.67781
"90320837",0,0,2016,"5700","5","2","4","08",0,1,"A",,,,,,900,11,"F","A","A","COUNTY ROAD 99 (24200 BLK)","COUNTY ROAD 29 ",1056,"S","N","2016-11-16",9280,"2016-11-08",832,"012272",,"1","9","0","3",,"2","002","-","N",,0,0,,,0,,,,"Y",1,"A","-",22107,,"N","A","H","-","A","D","0","Y","A","01",0,0,1,0,0,0,0,0,0,"-","-","UNINCORPORATED","YOLO","CA",-121.7857,38.5872
"90320860",-121.7578169,38.641014,2016,"5700","5","1","4","09",0,1,"A",,,,,,1800,11,"D","C","A","COUNTY ROAD 25A ","COUNTY ROAD 100A ",321,"W","N","2016-11-16",9280,"2016-11-07",1543,"015079",,"2","9","0","3",,"2","002","-","Y",,0,0,,,0,,,,"Y",2,"A","-",21802,"A","N","A","H","-","A","A","0","Y","A","01",0,0,1,0,0,0,0,0,0,"-","-","UNINCORPORATED","YOLO","CA",-121.4529,38.3828
"90320944",-121.6312831,38.674335,2016,"5700","5","2","2","09",0,1,"A",,,,,,900,11,"D","C","A","OLD RIVER RD","COUNTY ROAD 117 ",0,,"Y","2016-11-16",9280,"2016-11-08",725,"017963",,"1","9","0","3",,"2","002","-","Y",,0,0,,,0,,,,"Y",2,"A","-",21801,"A","N","A","H","-","A","D","0","Y","D","22",1,0,0,0,0,0,0,0,0,"-","-","UNINCORPORATED","YOLO","CA",-121.63122,38.67447
"90321074",-121.5227322,38.4137227,2016,"5700","5","1","4","08",0,1,"B",,,,,,1800,10,"H","A","A","SOUTH RIVER ROAD","SOUTH CENTER ST.",250,"S","N","2016-11-16",9280,"2016-10-31",1515,"016929",,"2","9","0","3",,"2","001","-","N",,0,0,,,0,,,,"N",1,"A","-",22107,,"N","A","H","-","A","D","0","Y","A","07",0,0,1,0,0,0,0,0,0,"-","-","UNINCORPORATED","YOLO","CA",-121.52264,38.41364
"90321093",0,0,2016,"5700","1","6","3","08",0,1,"A",,,,,,900,11,"E","I","A","I-80 E/B","WEBSTER U/C",3168,"E","N","2016-11-16",9280,"2016-11-12",856,"016929",,"1","9","0","1",,"2","010","-","Y",,0,0,,,0,,,,"Y",1,"A","-",22107,,"N","A","H","-","A","D","0","Y","A","01",0,1,0,0,0,0,0,0,0,"-","-","UNINCORPORATED","YOLO","CA",-121.62677,38.56499
"90321450",0,0,2016,"5700","5","4","3","01",0,1,"A",,,,,"Y",2400,11,"E","I","A","COUNTY ROAD 101A ","COUNTY ROAD 29 ",20,"N","N","2016-11-17",9280,"2016-11-10",2329,"016042",,"3","9","0","3",,"2","002","-","N",,0,0,,,0,,,,"Y",1,"A","-",23152,"A","N","A","H","-","D","A","0","Y","A","01",0,1,0,0,0,0,0,0,0,"-","-","UNINCORPORATED","YOLO","CA",-121.75277,38.59016
"90321925",0,0,2016,"5700","5","5","4","09",0,1,"A",,,,,,1800,11,"A","C","A","COUNTY ROAD 32B ","I-80 E/B AT COUNTY ROAD 32B",0,,"Y","2016-11-17",9280,"2016-11-11",1505,"015534",,"2","9","0","3",,"2","001","-","N",,0,0,,,0,,,,"Y",2,"A","-",21801,"A","N","A","H","-","A","D","0","Y","A","07",0,0,1,0,0,0,0,0,0,"-","-","UNINCORPORATED","YOLO","CA",-121.64306,38.56132
"90325792",0,0,2016,"5704","2","1","3","03",0,2,"B",,,,,,1500,11,"C","C","A","US 5O W/B","HARBOR BLVD",2112,"E","N","2016-11-21",9280,"2016-11-07",1440,"017963",,"2","4","0","1",,"2","011","-","Y",,0,0,,,0,,,,"Y",2,"A","-",22350,,"N","A","H","-","A","D","0","Y","A","01",0,2,0,0,0,0,0,0,0,"-","-","WEST SACRAMENTO","YOLO","CA",-121.53881,38.57503
"90326006",0,0,2016,"5700","1","4","3","03",0,1,"A",,,,,,2100,11,"C","C","A","I-505 S/B","COUNTY ROAD 29A ",5280,"N","N","2016-11-21",9280,"2016-11-10",2040,"016292",,"2","9","0","1",,"2","031","-","Y",,0,0,,,0,,,,"Y",2,"A","-",22350,,"N","A","H","-","D","D","0","Y","A","01",0,1,0,0,0,0,0,0,0,"-","-","UNINCORPORATED","YOLO","CA",-121.95348,38.59107
"90326181",-121.9709209,38.8858329,2016,"5700","5","6","4","05",0,2,"A",,,,,,1500,11,"A","C","A","COUNTY ROAD 99W ","MAIN STREET",210,"N","N","2016-11-21",9280,"2016-11-12",1346,"016929",,"1","9","0","3",,"2","003","-","N",,0,0,,,0,,,,"N",2,"A","-",21460,"A","N","A","H","-","A","A","0","Y","A","01",0,0,2,0,0,0,0,0,0,"-","-","UNINCORPORATED","YOLO","CA",-121.9708,38.88585
"90326481",0,0,2016,"5704","1","5","4","03",0,1,"A",,,,,,1800,11,"C","C","A","I-80 W/B","REED AVE",1320,"W","N","2016-11-21",9280,"2016-11-18",1755,"016214",,"2","4","0","1",,"2","010","-","Y",,0,0,,,0,,,,"Y",2,"A","-",22350,,"N","A","H","-","A","D","0","Y","A","01",0,0,1,0,0,0,0,0,0,"-","-","WEST SACRAMENTO","YOLO","CA",-121.56032,38.57943
"90327303",0,0,2016,"5700","5","7","4","09",0,2,"B",,,,,,1200,11,"D","C","A","COUNTY ROAD 14 ","COUNTY ROAD 90A ",400,"W","N","2016-11-22",9280,"2016-11-20",1105,"012272",,"1","9","0","3",,"2","003","-","Y",,0,0,,,0,,,,"Y",2,"A","-",21802,"A","N","B","H","-","A","A","0","Y","A","01",0,0,2,0,0,0,0,0,0,"-","-","UNINCORPORATED","YOLO","CA",-121.9946,38.7773